raman_shift_cm1,mean,median,std,sem,ci_low,ci_high,cv
-46.169047190162,11.08453608247421,9.199999999999818,11.975559661645178,1.2159338577780294,8.670926450925434,13.498145714022987,1.0803843816774406
-44.75815753550786,9.476103718018095,7.759834894844033,8.99320194136311,0.9131213103435252,7.6635722424615516,11.288635193574638,0.9490400494734155
-43.34726788085373,9.474311442191038,8.435363519347941,9.15463697047816,0.9295125541165452,7.629243604898569,11.319379279483506,0.9662588174704388
-41.936378226199594,10.061490065209766,9.336951582253617,11.341732082886026,1.151578417633126,7.775624972710295,12.347355157709236,1.1272417911640178
-40.52548857154546,7.433817836256137,7.220828285443114,13.098735831227751,1.3299751194335425,4.7938380894539625,10.073797583058312,1.7620469212122387
-39.114598916891325,10.231010800225599,9.952786922446498,11.188986644227775,1.1360694680947954,7.9759307292480415,12.486090871203157,1.0936345257284894
-37.7037092622372,12.91423397558826,13.136794732977656,10.25442731198526,1.041179344686568,10.847509310895276,14.980958640281244,0.7940406942734022
-36.29281960758306,10.978249197915968,11.631040559088362,12.491755982915633,1.268345653303833,8.4606029745093,13.495895421322636,1.1378641309478543
-34.88192995292893,8.888980690932637,8.79028863911071,10.062990708430114,1.0217419025579757,6.860839043921201,10.917122337944074,1.132074762935985
-33.471040298274794,8.7808735373003,7.622307878940253,11.169540633230463,1.1340950248254686,6.5297127052363635,11.032034369364236,1.272030690999402
-32.06015064362066,10.742638311446935,9.47195833818784,14.966083033373495,1.51957550150071,7.726304780781147,13.758971842112723,1.393147809642462
-30.649260988966525,9.376881071700085,8.44391072484333,13.504967179901305,1.3712216636368177,6.655027581749539,12.09873456165063,1.4402408515833691
-29.23837133431239,8.616115179941941,7.564959144898223,14.277912431304804,1.4497023633238961,5.738478732354567,11.493751627529315,1.6571171732410632
-27.827481679658256,8.644243465851467,7.958425733521492,15.664844332952642,1.590523962087857,5.487078353992915,11.801408577710019,1.8121706537808209
-26.416592025004125,10.281501020695542,10.141534719618807,11.862464593734806,1.2044507934281972,7.890685091729483,12.6723169496616,1.1537677786401963
-25.00570237034999,9.184149789650505,7.652874589091709,10.791814068819757,1.095742702961118,7.0091177147980925,11.359181864502917,1.1750476980439613
-23.594812715695856,9.876529982148186,7.681270795690043,12.09664778990665,1.2282284944453785,7.438515689698748,12.314544274597626,1.2247872290947652
-22.18392306104172,14.67274570195494,14.519257581180511,14.806332907959575,1.5033553337788461,11.688608949747453,17.656882454162428,1.0091044449837931
-20.773033406387587,15.23471200729766,13.6590316936076,13.864680699024186,1.4077450378556313,12.440360192518591,18.029063822076726,0.9100717291132772
-19.362143751733456,17.555373038056427,17.724392385710246,12.870191569889773,1.3067699655022613,14.961455157754507,20.149290918358346,0.7331197999603798
-17.95125409707932,21.211828067777976,20.03621536304818,13.310964353270393,1.3515236610323398,18.529074803965816,23.894581331590135,0.6275255631310032
-16.540364442425187,22.984797735546298,21.64048859461953,12.048472596928148,1.2233370447008491,20.556492894100394,25.413102576992202,0.5241931095306105
-15.129474787771052,36.03932758094955,35.98890451361411,11.622278256546117,1.1800635657899945,33.69691991624706,38.381735245652045,0.3224887653755691
-13.718585133116918,67.26711898671928,66.25052676023336,13.433377690692138,1.3639528523035775,64.55969397322869,69.97454400020987,0.19970199248973816
-12.307695478462783,130.52185923627934,127.69531755462219,19.380609842571484,1.967802788160583,126.61580157359359,134.4279168989651,0.14848554836693995
-10.896805823808648,191.12241647613112,185.11881615561882,26.180424314536552,2.6582193429335645,185.8458927837997,196.39894016846253,0.13698248901015841
-9.485916169154514,246.67452189762258,241.12287296905083,30.68583527021075,3.1156745165530437,240.4899568624278,252.85908693281738,0.1243980733565435
-8.075026514500387,304.1425124675279,301.8450333948275,35.90057837267701,3.6451514576776547,296.90694401088336,311.3780809241725,0.11803867233624557
-6.664136859846252,479.1651546163337,492.3110236749145,75.0636842240903,7.621562391773103,464.0364728393093,494.29383639335816,0.1566551396755751
-5.2532472051921175,698.7557997618948,713.3938955268438,99.02297366403013,10.054259656990036,678.7982520787103,718.7133474450792,0.14171327622292768
-3.842357550537983,902.2365446652586,912.05311121733,106.52100916228848,10.81556981590927,880.7678082604103,923.7052810701069,0.1180632837276716
-2.4314678958838485,972.0398062780762,959.9218949754886,109.07190436411324,11.074573981992323,950.0569506669318,994.0226618892206,0.11220929807571121
-1.020578241229714,742.491026323864,733.0881347208133,93.17286482627811,9.460271099587455,723.7125366083527,761.2695160393754,0.12548685643728902
0.39031141342442055,464.739752675233,448.19687066888804,70.87852437765488,7.196623791718163,450.4545673526816,479.0249379977844,0.15251229095348304
1.801201068078555,211.1489204847365,202.58361294042356,42.40003465256907,4.305071258601857,202.6034215763887,219.69441939308427,0.2008063055933742
3.2120907227326896,119.43728324614008,115.53007241676588,25.163139872119253,2.554929757187715,114.36578776105871,124.50877873122145,0.21068077896800674
4.622980377386824,84.14775635177632,80.94469943903107,16.787540821682793,1.704516519531971,80.7643178017599,87.53119490179274,0.19950075378722104
6.033870032040959,85.99684764377069,84.88268942976674,14.600203846445496,1.482426098565755,83.05425509511353,88.93944019242785,0.16977603536032734
7.444759686695086,78.68643796090062,76.96149493516272,12.80624959915499,1.3002776420245965,76.10540724084726,81.26746868095398,0.1627504044028328
8.85564934134922,44.762354036703854,44.68305591599213,11.263587969771343,1.14364408507525,42.492238469854236,47.03246960355347,0.2516308226447502
10.266538996003355,18.213279602919307,17.982198234235934,12.348573546670679,1.2538076795482527,15.724491029338916,20.7020681764997,0.6779983515265089
11.67742865065749,18.289442233149714,18.849862059150325,13.183263460120571,1.3385575998179589,15.63242639743045,20.946458068868978,0.7208127668445697
13.088318305311624,17.079563721615173,17.204971053225396,12.61776941778834,1.281140379089165,14.53652016825428,19.622607274976065,0.7387641524952903
14.499207959965759,17.91852905135738,18.8000113600362,11.381551267924662,1.1556214433158987,15.624638616306488,20.21241948640827,0.6351833476566804
15.910097614619893,19.856239477012117,20.859555161649627,14.062935004180737,1.4278747127018248,17.021930573467134,22.6905483805571,0.7082375804573479
17.320987269274028,17.976381454682443,20.039648275694084,12.380177686089535,1.2570165937243811,15.481223236805386,20.471539672559498,0.6886913096108548
18.731876923928162,18.462031946288402,19.657521492080065,11.826524588598053,1.2008016387891485,16.078459532031207,20.845604360545597,0.6405862920725609
20.14276657858229,18.85301657314302,17.576577161320433,12.37475876972145,1.2564663861290295,16.358950508710823,21.347082637575216,0.6563808354865532
21.55365623323643,17.335652570495597,15.14837155776883,12.279268551330484,1.2467708234239256,14.860832045924496,19.810473095066698,0.7083245641545203
22.96454588789056,19.907535090904283,17.970483706820715,11.330274216587325,1.1504150475724262,17.623979269723808,22.191090912084757,0.5691450079002551
24.3754355425447,23.532822558358877,21.991880711607216,12.576269145608768,1.2769266648682118,20.99814316161985,26.067501955097903,0.5344139707177483
25.786325197198828,28.700943058746308,29.233368618705207,17.346046520255587,1.7612241814570868,25.20494068946493,32.19694542802768,0.6043720056428447
27.19721485185297,40.48209226756563,39.021036955559545,15.341208693776764,1.5576637415740775,37.390154177900385,43.57403035723088,0.3789628409613646
28.608104506507097,68.35068246036461,67.44174507401155,26.038168019869747,2.643775404607959,63.10282975900624,73.59853516172298,0.3809496420898041
30.018994161161224,136.70237690709794,131.8992369518999,53.331459593153774,5.414989297888725,125.95370810368046,147.45104571051542,0.3901282538005721
31.429883815815366,280.5279260413754,253.62182414447744,107.34127846491657,10.898855544989297,258.8938687709288,302.161983311822,0.38264025966913784
32.84077347046949,357.4272208597407,324.38336391521347,142.88206495381348,14.50747567172272,328.6301092514532,386.22433246802825,0.3997514923741142
34.251663125123635,469.3051210239301,422.91140900793357,194.62925062627366,19.7616063246217,430.0786424989039,508.5315995489563,0.41471793489410785
35.66255277977776,632.155672594855,566.7220433657199,269.0900285835378,27.321952859799104,577.9220248077637,686.3893203819463,0.4256705116304415
37.073442434431904,882.7709586823898,792.6096519875571,384.7444269711774,39.064877848171676,805.2277890218935,960.3141283428862,0.4358372046418937
38.48433208908603,1189.4874353058258,1075.715293318686,517.1356179934802,52.50716665836843,1085.2615332460198,1293.7133373656318,0.4347550067735864
39.89522174374017,1502.7286433483944,1364.3330119263633,641.3099380349768,65.11515862458926,1373.476075035731,1631.9812116610578,0.4267636348542634
41.3061113983943,1777.1020337228433,1625.6783911953419,731.0772197796857,74.2296451519852,1629.757352645638,1924.4467148000485,0.41138730692247044
42.71700105304844,1919.576006011076,1812.1123748511097,747.8517978167239,75.93284550014933,1768.850498963371,2070.301513058781,0.3895921784158875
44.12789070770257,1981.9563421640669,1876.5134481875866,726.3049267392933,73.74509220823956,1835.573491078303,2128.3391932498307,0.3664585900748209
45.5387803623567,1979.558908230309,1868.623885742742,678.5188966904074,68.89315597252994,1842.8070744529778,2116.3107420076403,0.3427626699409473
46.94967001701084,1976.9367500301591,1855.7490594844173,636.4709127844361,64.62383005147714,1848.6594612269303,2105.2140388333883,0.32194804045942615
48.360559671664966,1922.2279892640993,1802.178082137235,591.202507494367,60.027519880178524,1803.0743040418286,2041.38167448637,0.30756107537519595
49.77144932631911,1848.4984563394512,1770.2396544701755,553.4326965454442,56.19257660969747,1736.957073344697,1960.0398393342055,0.299395812123856
51.182338980973235,1780.0296710463244,1717.9295908827892,532.1144537871356,54.028037006493854,1672.7848652056168,1887.274476887032,0.2989357213772464
52.593228635627376,1731.7094224453078,1633.5527268937255,525.3034652650138,53.3364858988233,1625.8373347039483,1837.5815101866674,0.3033438857907492
54.004118290281504,1692.736184265463,1614.3916276831364,531.5111756443841,53.96678339161869,1585.6129658893071,1799.8594026416188,0.31399528206755106
55.415007944935645,1661.9088782709923,1572.0052993102754,546.8568099272985,55.5248964836887,1551.6928298514865,1772.1249266904981,0.32905342589915904
56.82589759958977,1639.7360368746188,1550.4005098735522,555.0593486121188,56.35773810348795,1527.8668109058212,1751.6052628434163,0.3385053058113408
58.236787254243914,1626.989078938714,1540.2861613774992,563.8508395826852,57.25037876776509,1513.347975255492,1740.6301826219362,0.3465609246439967
59.64767690889804,1619.2851250254562,1527.6253580652394,574.303392365898,58.311674706194275,1503.5373655545604,1735.032884496352,0.3546647736647798
61.05856656355217,1614.591645423757,1534.9406206958636,587.8104592049991,59.683109557922755,1496.1216092878933,1733.0616815596206,0.3640613779162257
62.46945621820631,1617.1598148930811,1545.3515502675714,591.2302325604692,60.030334934133016,1498.0005418328747,1736.3190879532876,0.36559790016768284
63.88034587286044,1621.4624049700299,1544.880087645347,594.3218907482191,60.344245262616596,1501.680024832556,1741.2447851075037,0.3665344869708553
65.29123552751457,1627.2649872857935,1554.1986865401411,597.8656694161065,60.704061470668776,1506.7683776203014,1747.7615969512856,0.367405231531049
66.70212518216871,1635.6234455574352,1568.8459742021378,602.1650844790422,61.14060093031573,1514.2603119131797,1756.9865792016906,0.36815630523920434
68.11301483682286,1644.0998488743166,1580.9439949041648,603.6985274929694,61.29629847867993,1522.4276580392143,1765.772039709419,0.3671909147770497
69.52390449147697,1650.0748023537003,1587.4812158035816,603.0710076344624,61.23258349049189,1528.5290847705608,1771.6205199368399,0.3654810113906531
70.93479414613111,1651.6348761019021,1582.807629664037,600.1799759034451,60.93904369235509,1530.671830412874,1772.5979217909303,0.3633853853461589
72.34568380078525,1653.0411526120351,1583.1989810437092,598.9193340918778,60.811044909456896,1532.332182498955,1773.7501227251153,0.3623136260978753
73.7565734554394,1650.844181008519,1585.071063155711,597.4924832162699,60.66617015298029,1530.4227850141817,1771.2655770028562,0.36193148335250824
75.16746311009351,1646.9712085163476,1584.3641350293929,596.6759071951,60.5832594198168,1526.7143890265975,1767.2280280060977,0.36228678686654614
76.57835276474765,1646.9178115818731,1581.712377743711,598.8321372846522,60.80219141507405,1526.2264155162452,1767.609207647501,0.3636077848411092
77.98924241940179,1654.276700520344,1583.2365966939644,601.433392545418,61.066308870429275,1533.0610354494345,1775.4923655912537,0.36356275365314655
79.4001320740559,1660.6530602862488,1593.9744869337915,601.6130106204031,61.08454632279175,1539.4011941585175,1781.90492641398,0.36227495375626645
80.81102172871005,1662.9054681198397,1591.7271817957933,598.223126909885,60.7403557802194,1542.3368148192917,1783.4741214203877,0.3597457211962052
82.22191138336419,1660.7656604696356,1588.5583063443476,594.8146558924166,60.39427798256384,1540.883966168003,1780.647354771268,0.3581568851346633
83.63280103801833,1660.125825553123,1588.954214152968,593.7876819948265,60.2900045817028,1540.4511123163097,1779.8005387899361,0.35767631155125695
85.04369069267247,1660.3256158943527,1592.3279035160358,594.1384997670268,60.32562472966924,1540.5801972226516,1780.0710345660539,0.35784456619793076
86.45458034732658,1660.4504465505206,1598.5263400264528,594.6897340047922,60.38159408660977,1540.5939295833662,1780.306963517675,0.35814964261066745
87.86547000198073,1659.0198035829271,1602.2492224043117,590.7566178661915,59.98224664777444,1539.9559850167109,1778.0836221491434,0.3560877432507768
89.27635965663487,1657.9796339331701,1610.3342163031525,587.4636769496242,59.64789915460962,1539.5794898954857,1776.3797779708545,0.3543250260294233
90.68724931128898,1657.5538191521907,1597.4002985780912,586.0937040400203,59.50879948059929,1539.429785785156,1775.6778525192256,0.35358954699871936
92.09813896594312,1655.9812358477625,1602.0685844161412,589.0297712497271,59.80691193879433,1537.2654539281386,1774.6970177673863,0.3556983367315629
93.50902862059726,1651.0186380857294,1603.936404409085,588.2584967836065,59.72860088165022,1532.458302385956,1769.578973785503,0.356300336782183
94.9199182752514,1646.8074862392857,1592.6703246361114,585.6490729263106,59.46365403097887,1528.7730658814844,1764.841906597087,0.3556269192482977
96.33080792990552,1647.401563092536,1603.763708418473,582.1601373791856,59.109406298161694,1530.0703189267722,1764.7328072582998,0.3533808334419342
97.74169758455966,1647.8185908488126,1595.7819869060638,580.1470700330665,58.90501027715792,1530.8930695780807,1764.7441121195445,0.3520697443607705
99.1525872392138,1645.619000203981,1590.357678704102,577.6336023032885,58.649806295096205,1529.2000548338817,1762.0379455740801,0.3510129636517861
100.56347689386794,1641.9436836486193,1589.945273882397,574.9917101011767,58.381562783485144,1526.057197440738,1757.8301698565006,0.3501896659594731
101.97436654852206,1641.8631903032574,1585.8967567342133,574.2164080401556,58.30284278603734,1526.1329620553138,1757.593418551201,0.3497346255348449
103.3852562031762,1641.5226350211456,1582.86049044594,572.2811420333243,58.10634629418238,1526.182449226805,1756.8628208154862,0.3486282368722575
104.79614585783034,1641.148763210067,1585.3808981316533,570.6964067646563,57.945440806402985,1526.127972284608,1756.1695541355261,0.3477420326286455
106.20703551248445,1640.7381909936844,1582.520379840152,570.1710024264287,57.89209407840658,1525.8232924863696,1755.6530895009992,0.34750882593956967
107.6179251671386,1633.17957965251,1578.192558174772,568.1846204894761,57.69040755018903,1518.6650257395543,1747.6941335654658,0.3479008846108449
109.02881482179274,1632.0933942299562,1578.663908193063,567.9885752450267,57.670502171474595,1517.6183521814637,1746.5684362784486,0.34801229957370877
110.43970447644688,1634.8247074680828,1584.271324226104,568.8934272166775,57.76237596941752,1520.1672973720329,1749.4821175641327,0.347984358578569
111.85059413110099,1637.7011100626323,1585.3529840719511,570.0078178011208,57.87552519005507,1522.8191005387548,1752.5831195865098,0.3480536309701356
113.26148378575513,1637.3721036231548,1585.562474097756,566.4521055986098,57.514497315141234,1523.2067287670066,1751.537478479303,0.34595197044408676
114.67237344040927,1636.6816738410873,1577.3125529934198,563.9242947993159,57.2578370150166,1523.0257656540794,1750.3375820280953,0.3445534362683099
116.08326309506342,1636.3604343508391,1576.7262339980114,563.130369780464,57.1772261426871,1522.864537480744,1749.8563312209342,0.34413589937712197
117.49415274971753,1638.0335254934769,1594.129970280673,562.7776241422074,57.141410249579955,1524.608722609303,1751.4583283776508,0.3435690511722976
118.90504240437167,1633.4756966220489,1582.770651021454,561.6660527324866,57.02854727276674,1520.2749249762019,1746.6764682678959,0.3438472050083057
120.31593205902581,1629.8067659749527,1567.9848739742888,560.3952055551479,56.89951229196856,1516.8621267416288,1742.7514052082765,0.34384150149230647
121.72682171367993,1631.950971345399,1580.0998929867574,559.34569809041,56.79295095400849,1519.2178546961416,1744.6840879946565,0.34274663143175127
123.13771136833407,1624.4366806916207,1565.5906541032484,556.2849138588153,56.48217540082338,1512.320448639843,1736.5529127433983,0.34244789007225035
124.54860102298821,1618.5530959348487,1565.1306156270573,555.7571596327413,56.42859007786564,1506.5432299084705,1730.5629619612268,0.34336665323403887
125.95949067764235,1614.2177729593031,1568.9736197239638,556.4454296902309,56.49847331421048,1502.0691898051414,1726.366356113465,0.34471521687567225
127.37038033229646,1610.89068218715,1559.5761554049209,554.9627181488297,56.34792676645438,1499.0409315684394,1722.7404328058608,0.3445067528699972
128.7812699869506,1612.7991579627392,1562.5208497043996,552.3354583265561,56.08116894791887,1501.4789174287998,1724.1193984966785,0.342470081038644
130.19215964160475,1613.6064175088309,1568.49202143944,550.985690204389,55.94412075925267,1502.5582154793176,1724.6546195383441,0.34146225760246374
131.6030492962589,1612.2797422850715,1571.7499255098453,551.000801574037,55.94565508637487,1501.228494640292,1723.330989929851,0.34175260478873715
133.013938950913,1612.980114229856,1567.6961284162605,548.2561148167541,55.66697436902485,1502.4820434369424,1723.4781850227698,0.33990258775045595
134.42482860556714,1617.0134037617354,1592.3787971560942,549.0596698012989,55.748563016228005,1506.3533807841245,1727.6734267393463,0.3395517121404159
135.83571826022128,1620.1983379857047,1602.1243772730209,551.3152190230329,55.977579341483775,1509.0837211953767,1731.3129547760327,0.34027637610618094
137.2466079148754,1619.2768054553133,1564.7092560187139,553.6152206813249,56.21110912783855,1507.6986357027956,1730.8549752078309,0.3418904160278253
138.65749756952954,1624.8542741780673,1587.7660113833106,551.802477148744,56.02705290842086,1513.6414531335336,1736.067095222601,0.33960120973179164
140.06838722418368,1629.1213265737092,1592.493347509645,552.4034251288364,56.08806993112403,1517.7873876963733,1740.455265451045,0.33908059278226077
141.47927687883782,1632.2389695013665,1586.9080663650882,554.0055022227738,56.250736214481805,1520.5821406035504,1743.8957983991825,0.3394144562006243
142.89016653349194,1634.9030453356595,1592.7380800351702,553.2049306231958,56.16945048412716,1523.4075673373488,1746.3985233339702,0.3383717047940406
144.30105618814608,1637.126066029175,1597.3274874964277,554.8710639792869,56.338620695497994,1525.2947878153147,1748.9573442430353,0.3389299550553968
145.71194584280022,1640.8472761946696,1594.160656037445,556.9141976920773,56.546069493511695,1528.604215371306,1753.090337018033,0.33940647967166765
147.12283549745436,1645.9644513312187,1596.459994569617,558.7367192822745,56.73111852425969,1533.3540710849566,1758.5748315774808,0.3394585580693319
148.53372515210847,1648.5819261455767,1603.6134002229314,559.3405337532052,56.79242659501086,1535.8498503407031,1761.3140019504503,0.33928585827757834
149.94461480676262,1651.9371165657985,1602.970136518278,560.0320692927677,56.862641390825694,1539.0656654927952,1764.8085676388018,0.3390153678833821
151.35550446141676,1655.413454514894,1617.5213465585095,560.7962798275711,56.940235214412425,1542.3879809193993,1768.4389281103888,0.338765085120024
152.76639411607087,1658.650150633233,1613.575664828873,561.5587511623612,57.01765244899277,1545.471005041654,1771.8292962248117,0.33856371155060727
154.177283770725,1656.6362030286261,1621.2519863419452,561.1519669881465,56.97634977386017,1543.5390425992098,1769.7333634580425,0.33872975005753264
155.58817342537915,1655.0327331283313,1622.4579823414883,560.3165991980812,56.891531025648284,1542.1039365834392,1767.9615296732234,0.3385531826545658
156.9990630800333,1655.1307177758367,1615.9794891679699,558.9425856954364,56.75202109157306,1542.4788462613867,1767.7825892902868,0.33770298604967164
158.4099527346874,1659.3477446926802,1620.6711068215984,556.7535512064583,56.529758314200144,1547.1370613043528,1771.5584280810076,0.3355255418806574
159.82084238934155,1655.8949958777503,1620.0394094494632,558.8305622827856,56.74064683732905,1543.26570207953,1768.5242896759705,0.3374794680060996
161.2317320439957,1655.6234629760852,1626.061682882604,560.2673397313721,56.88652948458632,1542.7045944117347,1768.5423315404357,0.3384026333646281
162.64262169864983,1658.4802481256463,1623.2747784098735,560.3328242221864,56.89317842724873,1545.5481815144226,1771.41231473687,0.33785920866736524
164.05351135330395,1658.3233249578936,1631.7626067177866,558.8937720929438,56.74706482116334,1545.6812915624507,1770.9653583533366,0.3370234041103743
165.4644010079581,1660.0067484413653,1630.7766172785828,560.6454109388137,56.92491679964865,1547.0116816588543,1773.0018152238763,0.33773682635038804
166.87529066261223,1662.6282390482186,1636.733505519917,562.0010444839719,57.06256053178893,1549.3599516168285,1775.8965264796086,0.3380196674667891
168.28618031726634,1665.5620643070417,1643.8010515470905,561.6652788693262,57.02846869886751,1552.361448629152,1778.7626799849315,0.33722266549280916
169.69706997192048,1663.853578933708,1635.8196839570892,561.5811758368897,57.01992932972146,1550.6699137696035,1777.0372440978124,0.3375183868022707
171.10795962657463,1668.3270976347683,1629.9856101889986,562.6565257603215,57.12911457181478,1554.9267014780578,1781.7274937914788,0.33725791936006716
172.51884928122877,1673.4394185120227,1630.7191546612721,563.9264563600328,57.25805648825506,1559.7830746740797,1787.0957623499658,0.3369864783401965
173.92973893588288,1674.3918178658569,1648.7632517784336,564.5539833804528,57.321772203625166,1560.608999332506,1788.1746363992077,0.33716957844432194
175.34062859053702,1680.1910579375053,1647.5036564879274,566.0964899596888,57.47839001761724,1566.0973555004741,1794.2847603745365,0.33692387974888555
176.75151824519116,1682.0331218678198,1641.8551687959618,566.8294645635768,57.55281231293704,1567.7916923421506,1796.274551393489,0.33699066754056484
178.1624078998453,1681.5336432468132,1653.035434050951,566.7626317588552,57.54602646973911,1567.3056835134323,1795.761602980194,0.33705102127157766
179.57329755449942,1682.1556786154738,1654.1412560531662,565.7965356018676,57.44793426692435,1568.1224303657639,1796.1889268651837,0.3363520646718952
180.98418720915356,1683.9477695973007,1660.783344647014,568.4931284305961,57.72173178568198,1569.3710375683206,1798.5245016262809,0.33759546388219963
182.3950768638077,1684.7230805836202,1662.2960526469371,569.7539513032932,57.84974895255255,1569.8922364867954,1799.553924680445,0.33818848798932555
183.80596651846182,1684.6738945118034,1657.21016173047,569.2427541746848,57.79784474813657,1569.946079446447,1799.4017095771599,0.3378949219959534
185.21685617311596,1686.1133274843369,1661.4818060466405,568.9076826895003,57.7638233933838,1571.4530442744217,1800.773610694252,0.3374077373187629
186.6277458277701,1689.3429286612009,1669.0664564802519,567.8392116093908,57.655336592009256,1574.8979900500221,1803.7878672723796,0.33613022079501736
188.03863548242424,1690.8156516859935,1667.1462188507899,567.4004281971929,57.610784886519326,1576.4591475112643,1805.1721558607228,0.3355779369746256
189.44952513707835,1689.6589557661503,1657.147016140446,567.986985151758,57.67034072196433,1575.1842341924028,1804.1336773398978,0.33615480994755703
190.8604147917325,1691.6248823558713,1660.1129269301762,567.6980400667509,57.64100279356472,1577.2083961097296,1806.0413686020129,0.3355933374993493
192.27130444638664,1689.2787532312454,1663.404617983805,567.2397317762095,57.594468637039704,1574.9546365557565,1803.6028699067344,0.3357881170832201
193.68219410104078,1689.30815145799,1663.2595861088016,566.7717676101282,57.54695407489464,1575.0783504429282,1803.537952473052,0.33550525824490035
195.0930837556949,1696.6950811128404,1672.3944102708786,566.3675992528034,57.505916995726835,1582.5467380561176,1810.8434241695631,0.333806354222074
196.50397341034903,1692.8362619383684,1676.5243402619867,564.5015573711179,57.316449148872024,1579.064009585192,1806.6085142915447,0.33346494877463223
197.91486306500317,1689.7465407319391,1669.1570443487078,565.0925829058622,57.37645869989189,1575.8551703614464,1803.6379111024319,0.33442446502129475
199.3257527196573,1690.916304518427,1676.3036419682333,567.4327095872122,57.61406256507545,1576.5532942031857,1805.2793148336684,0.3355770525548378
200.73664237431143,1701.7205541514306,1686.8452490845536,570.6873688320411,57.94452314338082,1586.7015847726736,1816.7395235301876,0.3353590384977259
202.14753202896557,1702.9690335351327,1684.1410633348337,573.4215235056088,58.22213448964973,1587.399009989329,1818.5390570809363,0.3367187025798487
203.5584216836197,1706.1574600386957,1685.0943494763305,573.7923621299019,58.259787447155674,1590.51269596296,1821.8022241144315,0.3363068037793465
204.96931133827383,1710.4744707501268,1687.513798199383,572.6524621427398,58.14404813909558,1595.0594473851177,1825.889494115136,0.33479158674119447
206.38020099292797,1711.556277791849,1689.2764468000785,572.3207637744446,58.110369272472624,1596.2081064487168,1826.9044491349812,0.33438617894167044
207.7910906475821,1720.4614831942392,1699.0528128921942,574.9697054708395,58.37932855178233,1604.5794319012364,1836.343534487242,0.334195046554219
209.20198030223625,1725.4632406547728,1700.2256502388109,575.9574936173342,58.47962324243312,1609.3821059742984,1841.5443753352472,0.33379876200594794
210.61286995689036,1725.5350586124782,1705.1574372908308,575.5523803558956,58.438490222788474,1609.5355723306843,1841.5345448942721,0.33355009362643934
212.02375961154448,1726.2890725617199,1702.850909479664,579.0712221325467,58.795774473151944,1609.5803826481974,1842.9977624752423,0.33544278958635604
213.43464926619865,1732.1019827548332,1699.561369536419,582.6299062677627,59.15710410211329,1614.676059196531,1849.5279063131354,0.3363715947839948
214.84553892085276,1738.8293791082922,1700.366773578009,585.1181870263268,59.40975073471167,1620.9019559479211,1856.7568022686633,0.33650120825908036
216.25642857550693,1745.2037900133087,1716.2410808969107,586.189182306943,59.518493829816656,1627.0605135151668,1863.3470665114505,0.33588580638051035
217.66731823016104,1752.5725592486845,1723.2750625022366,588.0222521721154,59.70461387561913,1634.0598373795633,1871.0852811178056,0.3355194905163849
219.07820788481516,1756.1542786844557,1732.0730250287982,588.4775088646148,59.7508381893072,1637.5498022778525,1874.758755091059,0.3350944253630418
220.48909753946933,1759.0683820565114,1734.231033293552,589.1586228528184,59.819994836901344,1640.3266307893957,1877.810133323627,0.33492650363258664
221.89998719412344,1763.0051254737755,1744.340621520265,590.8823628979294,59.99501412135041,1643.915963672813,1882.094287274738,0.3351563500072869
223.31087684877755,1766.6143111320662,1748.0429376037482,591.326529023069,60.040112358534685,1647.4356300378151,1885.7929922263172,0.3347230492229741
224.72176650343172,1769.1797000956442,1739.3717630853137,592.3313331313069,60.14213475833567,1649.7985061383636,1888.5608940529248,0.33480563511964595
226.13265615808584,1771.187317926046,1746.9977646392751,593.6806599330105,60.27913813769784,1651.5341744101047,1890.8404614419874,0.33518795777522553
227.54354581273995,1773.031475795816,1741.5565224580862,595.1656930463599,60.429920405371426,1653.0790318440856,1892.9839197475465,0.3356768907778261
228.95443546739412,1767.9388292386511,1742.766103452295,592.6329986904586,60.17276425519943,1648.4968362106258,1887.3808222666764,0.3352112578157873
230.36532512204823,1764.6904384925797,1730.1493756222028,591.6273194685662,60.07065300106912,1645.4511347020339,1883.9297422831255,0.3352584150532042
231.7762147767024,1761.7525049816109,1729.925765744431,590.3794750858443,59.943953600201105,1642.7646975140683,1880.7403124491534,0.33510920144371054
233.18710443135652,1756.9127786222293,1728.293658277471,586.267116649072,59.52640686335794,1638.7537948766515,1875.0717623678072,0.33369164581341515
234.59799408601063,1755.678745856276,1724.1723434674116,584.9814509767109,59.39586729235036,1637.7788811111823,1873.5786106013697,0.33319390142266886
236.0088837406648,1752.890114326572,1721.7997447173414,583.0291118955977,59.197637292445485,1635.3837330213642,1870.39649563178,0.33261018881356785
237.4197733953189,1748.600159959926,1712.310624542453,581.1947185148399,59.01138286399559,1631.4634907731445,1865.7368291467076,0.3323771390528522
238.83066304997303,1743.4180328106359,1712.756250724617,581.2197929293859,59.01392878506082,1626.2763100104814,1860.5597556107903,0.3333794775498436
240.2415527046272,1739.8864616673102,1710.119806048712,576.5114482067796,58.53586880923827,1623.6936804191344,1856.079242915486,0.33135003973438376
241.6524423592813,1734.1356251088898,1695.4354827368024,573.0176955695706,58.181131975026716,1618.6469909113462,1849.6242593064335,0.3304341870801424
243.06333201393542,1727.8307375318213,1704.9200314955224,570.4439680898478,57.919809542363154,1612.8608242633659,1842.8006508002768,0.33015037624849636
244.4742216685896,1726.634918218772,1708.3403813511793,565.7615276629587,57.44437974927231,1612.6087256308365,1840.6611108067077,0.3276671412660926
245.8851113232437,1727.12740082382,1712.1481806456786,567.1042117092426,57.58070865901035,1612.8305974888463,1841.4242041587936,0.32835111725906285
247.29600097789788,1727.5662324908012,1704.2802019988726,569.4241590324878,57.81626362080725,1612.8018562521572,1842.3306087294452,0.3296106096097359
248.706890632552,1727.4251425590166,1705.352041189699,571.1215779734868,57.9886104020441,1612.3186606634747,1842.5316244545586,0.33062016055145765
250.1177802872061,1725.9394141063858,1690.5263104489813,569.4701106324685,57.820929298889475,1611.165776569946,1840.7130516428256,0.3299479147286955
251.52866994186027,1725.9552950776922,1693.2232349572125,567.1448194967978,57.58483175514723,1611.6503074615719,1840.2602826938125,0.32859763002799464
252.93955959651439,1727.367010790478,1699.1856553870662,567.7198202049577,57.64321423154516,1612.9461348746393,1841.7878867063166,0.3286619558313538
254.3504492511685,1729.8655449899386,1705.089514159378,570.747571477452,57.95063579589571,1614.834442091838,1844.8966478880393,0.3299375336600346
255.76133890582267,1732.0797664687493,1711.6967031434888,569.1450070756975,57.7879200339256,1617.371651805398,1846.7878811321007,0.3285905291971819
257.17222856047675,1732.802436840846,1708.2550821740026,567.2006688616879,57.590502398993856,1618.4861930856537,1847.1186805960383,0.32733141228481777
258.58311821513087,1731.8573422991697,1706.7717562932355,565.088542810744,57.37604849038339,1617.9667861881157,1845.7478984102236,0.32629046804775896
259.99400786978504,1729.8698589387886,1700.18692614026,563.2787211490933,57.1922889420101,1616.3440626483496,1843.3956552292277,0.325619131542441
261.40489752443915,1731.123599150798,1709.243254055599,564.3521378798947,57.301277898131055,1617.381461492329,1844.8657368092672,0.3260033761637456
262.8157871790933,1733.6549666666958,1709.9171018508648,564.9524972882487,57.36223516042846,1619.7918297988924,1847.5181035344992,0.3258736646857043
264.22667683374743,1736.1476416777161,1711.4608344898272,565.4337224452308,57.41109617219923,1622.187516468102,1850.1077668873302,0.3256829712355726
265.63756648840155,1738.0891074876781,1711.0656225931075,566.2154758092598,57.49047120022394,1623.9714240927078,1852.2067908826484,0.32576895705174536
267.0484561430557,1739.4828779854295,1710.0365714301831,568.946136774036,57.76772781411049,1624.8148445616262,1854.1509114092328,0.32707774475650897
268.45934579770983,1739.533074389314,1711.4329122222557,566.5653101828393,57.52599149918853,1625.344883758158,1853.72126502047,0.3256996480976595
269.87023545236394,1741.283576076076,1713.0348556766369,565.5088266465397,57.41872184847767,1627.3083140186845,1855.2588381334676,0.32476549736998883
271.2811251070181,1745.169284181525,1726.5597900638904,567.7809156427903,57.6494175333962,1630.7360948088324,1859.6024735542176,0.3253443209144473
272.6920147616722,1742.208978681913,1721.124728809707,564.8726423840162,57.35412712335051,1628.3619361405067,1856.0560212233195,0.32422783334027855
274.10290441632634,1741.4818357035576,1717.6524112648076,564.9200389773305,57.35893951827671,1627.625240633722,1855.3384307733934,0.32439042853932676
275.5137940709805,1741.0482614224074,1724.7284294191297,564.9896215990412,57.36600456308811,1627.1776423494607,1854.9188804953542,0.32451117761517656
276.9246837256346,1740.017362507988,1714.7319666233727,563.9753719790941,57.26302311687796,1626.3511599901474,1853.6835650258288,0.32412054277792013
278.3355733802888,1739.179201174885,1721.9234529872417,564.6088824339453,57.32734635796847,1625.3853180326128,1852.9730843171574,0.3246410042464453
279.7464630349429,1739.871854482079,1710.5159719512646,564.2675059171381,57.29268482424779,1626.146773940456,1853.5969350237021,0.324315554886143
281.157352689597,1738.6218737553957,1703.0551532353606,563.7318448289118,57.2382966810736,1625.0047528247067,1852.2389946860847,0.32424062606049003
282.5682423442512,1734.2816961635629,1707.914618884411,563.6361097657128,57.22857625814481,1620.683870119889,1847.8795222072367,0.3249968623970044
283.9791319989053,1735.851747535877,1718.615939970632,566.7683520212765,57.546607274390425,1621.622634914375,1850.0808601573788,0.3265073488135325
285.3900216535594,1737.5000394261453,1715.4946362460164,568.1612017798385,57.68802974048674,1622.9902054281445,1852.0098734241462,0.3269992454028885
286.8009113082136,1739.9584585396954,1719.2125145272785,566.1201478502929,57.48079211246724,1625.859987982072,1854.0569290973187,0.3253641746857702
288.2118009628677,1743.0351678097154,1716.9357363533347,560.4784266272407,56.90796211160933,1630.0737558169692,1855.9965798024616,0.3215531372964399
289.6226906175218,1739.4552278204992,1703.27530624373,560.5783956872486,56.91811243178044,1626.4736676014563,1852.436788039542,0.32227239121850904
291.033580272176,1740.5183987200014,1707.8271423749927,561.5161278632535,57.01332470866333,1627.347843625081,1853.688953814922,0.32261430173688443
292.4444699268301,1744.937159999504,1720.5516414757528,564.2926286109752,57.29523564733232,1631.2070161140766,1858.6673038849315,0.3233885102264287
293.85535958148427,1752.227942676886,1723.2117781402458,569.166847791198,57.79013762259832,1637.5154261348098,1866.9404592189621,0.3248246611805993
295.2662492361384,1763.955703731984,1741.6909008486925,572.6589611837038,58.14470801672757,1648.539370520228,1879.3720369437399,0.3246447515502429
296.6771388907925,1769.9335224893443,1735.5202521210288,576.1468935447036,58.498853891426236,1653.814215272318,1886.0528297063706,0.32551894532986464
298.08802854544666,1778.6311034251855,1753.4348941709598,579.3528982111742,58.82437434577637,1661.8656432131918,1895.3965636371793,0.3257296564169432
299.4989182001008,1792.8602268490608,1775.9293108230177,581.9693296871391,59.09003271232195,1675.5674389472472,1910.1530147508745,0.3246038486279246
300.9098078547549,1795.240379820961,1781.977909184437,580.6527421485933,58.956353501489446,1678.2129430554276,1912.2678165864943,0.32344010789602545
302.32069750940906,1796.4064001967042,1784.901813618284,584.2291788562476,59.31948563108543,1678.65815185091,1914.1546485424985,0.3252210517577065
303.73158716406317,1799.6230656010523,1788.634029098451,587.0847478476119,59.609424733551045,1681.2992926855645,1917.94683851654,0.3262265076890047
305.1424768187173,1806.1296126160726,1788.2647147064508,587.0250143493207,59.603359715709054,1687.8178786658502,1924.441346566295,0.32501821034817624
306.55336647337145,1812.4911239578803,1801.3649573158962,588.5296198325931,59.756129256457015,1693.8761448659934,1931.1061030497672,0.3247075872832079
307.96425612802557,1815.1079869416221,1812.3878045234435,590.440473080605,59.95014700820722,1696.1078856563527,1934.1080882268916,0.32529220152651717
309.37514578267974,1811.796334802963,1810.2162980761887,588.9572883912439,59.799552419554445,1693.0951614135706,1930.4975081923553,0.32506815312400683
310.78603543733385,1803.3343826280475,1801.3779499138257,583.5933180379626,59.254923746744986,1685.714288609792,1920.954476646303,0.3236190268759122
312.19692509198796,1802.2465098018547,1781.78069800199,584.0145737267409,59.29769578155916,1684.5415139655206,1919.9515056381888,0.3240481091518105
313.60781474664213,1799.1855711528221,1779.4341591204475,582.0561762402752,59.09885064379014,1681.875279795384,1916.4958625102604,0.32351091825804534
315.01870440129625,1793.5572796662482,1768.6474314720153,578.361749020321,58.72373839277556,1676.991580242137,1910.1229790903594,0.3224662828320402
316.42959405595036,1786.2083766331564,1763.7389967937117,573.5436853162313,58.23453814224386,1670.6137320315477,1901.803021234765,0.3210956195364563
317.84048371060453,1783.1028715943723,1779.468022318238,570.3934090453645,57.91467604917026,1668.143148229368,1898.0625949593766,0.319888110849905
319.25137336525864,1776.542809775035,1776.7887631425938,565.0010503361048,57.36716497552309,1662.66988730161,1890.41573224846,0.3180340193477529
320.66226301991276,1769.168551189383,1757.6791130627598,562.3901897560428,57.10207224775664,1655.8218336216753,1882.5152687570906,0.31788389488268776
322.0731526745669,1761.2511124186888,1744.1812754743416,562.0648365027475,57.069037629951936,1647.9699680490608,1874.5322567883168,0.31912816550666406
323.48404232922104,1750.5019353451696,1720.3935672851546,555.3128763899249,56.38347994918297,1638.5816122165177,1862.4222584738216,0.31723065549220686
324.8949319838752,1748.520248920334,1730.2166068520946,555.6588918424907,56.41861249546694,1636.5301882384842,1860.510309602184,0.31778807948354937
326.3058216385293,1748.8832538920055,1737.5883330171612,555.8639550579769,56.43943351041233,1636.851863822139,1860.9146439618721,0.3178393719654781
327.71671129318344,1750.3716564327215,1735.2541149577885,554.8049971931382,56.33191262970212,1638.5536936242268,1862.1896192412162,0.3169641116811943
329.1276009478376,1754.0783248371429,1723.8751928837632,554.853023650973,56.33678897768087,1642.2506825544128,1865.905967119873,0.31632169202164234
330.5384906024917,1753.2016389188054,1724.5040678614994,557.8050662784206,56.63652349378986,1640.7790283239747,1865.6242495136362,0.3181636691957563
331.94938025714583,1751.0037120997315,1728.4968080126039,557.147942110327,56.56980264338081,1638.7135413462147,1863.2938828532483,0.31818775611972755
333.3602699118,1747.1623744109033,1728.8239199302689,553.8471463112555,56.234657607733176,1635.5374612952346,1858.787287526572,0.31699809612601004
334.7711595664541,1739.470567779353,1727.158168423091,553.1599261485338,56.16488097205098,1627.9841601908247,1850.9569753678811,0.3180047632853657
336.18204922110823,1742.863240839893,1747.1543884593848,551.0968952659531,55.955411922532925,1631.7926260284096,1853.9338556513765,0.31620203028688426
337.5929388757624,1743.5138592524738,1740.6243695531819,550.4181597326619,55.886496770446215,1632.5800399367092,1854.4476785682384,0.3156947430109056
339.0038285304165,1742.4799892060812,1719.7755016650838,551.0370175980042,55.94933226648002,1631.4214424164823,1853.5385359956801,0.31623721420701706
340.4147181850707,1744.461772516892,1709.7739682707586,552.2121598080828,56.06864988012901,1633.1663821361105,1855.7571628976737,0.3165515968924653
341.8256078397248,1746.3363058864438,1727.2594721205517,554.268771007853,56.27746710961477,1634.6264165811556,1858.046195191732,0.3173894794144505
343.2364974943789,1747.4204374173753,1728.0291523698684,553.2229639841541,56.17128149451652,1635.9213248921674,1858.9195499425832,0.3165940789852486
344.6473871490331,1749.3877182712456,1717.537613255794,552.7495330872384,56.123211869952605,1637.9840231966582,1860.791413345833,0.3159674252391966
346.0582768036872,1754.37438071931,1741.8665524266517,557.7281627242359,56.628715120907195,1641.9672696221498,1866.7814918164702,0.3179071518905572
347.4691664583413,1756.49744838173,1736.9329572716638,561.7281014669907,57.034847367229744,1643.2841711472129,1869.7107256162471,0.3198001238114599
348.8800561129955,1758.7157502718944,1737.7697385824697,561.7945274618487,57.04159190514417,1645.4890852354285,1871.9424153083603,0.31943452338730477
350.2909457676496,1762.1906217428218,1746.536547952634,560.0979762932647,56.8693332328467,1649.3058874683916,1875.075356017252,0.31784187782098333
351.7018354223037,1767.528696444549,1751.2435112948692,558.94958505434,56.75273176879518,1654.8754142469627,1880.1819786421354,0.3162322547739611
353.1127250769579,1765.9867209387075,1759.5035010474373,561.6121739010209,57.02307670627568,1652.7968082815205,1879.1766335958946,0.3180160797599298
354.523614731612,1765.7220316559908,1750.5695324479946,564.0941235854717,57.275080515691855,1652.0318953906665,1879.4121679213151,0.31946938049837514
355.93450438626616,1765.3938902859022,1747.3427323669155,564.549299580231,57.321296635765826,1651.6120157472913,1879.1757648245132,0.31978659419105804
357.34539404092027,1764.0664442844932,1774.484336609568,562.1597151077168,57.078671092722814,1650.7661776423993,1877.366710926587,0.3186726423650835
358.7562836955744,1760.732702030308,1750.1362520048858,560.8647343543986,56.947185718542464,1647.693431793158,1873.771972267458,0.3185405335560947
360.16717335022855,1755.759551894818,1754.8585054470973,559.7366328260406,56.83264436247249,1642.9476444524885,1868.5714593371476,0.3188002777612527
361.57806300488267,1755.5557948259202,1748.7892687283495,558.8352459204317,56.74112238868133,1642.9255570657263,1868.1860325861142,0.3183238308730857
362.9889526595368,1760.0081580906417,1736.16399127712,557.9042099861276,56.646590012131604,1647.5655656148308,1872.4507505664526,0.31698955906623427
364.39984231419095,1757.2454849131689,1742.0067689029702,555.6406527815755,56.41676059941135,1645.259100215936,1869.2318696104016,0.3161997897004308
365.81073196884506,1759.4647349520126,1745.0902372866378,554.2233724487046,56.27285758432137,1647.7639954821154,1871.1654744219097,0.31499544232912424
367.2216216234992,1755.6388079162039,1745.369707424353,552.1640430402564,56.063764362559894,1644.3531152111507,1866.924500621257,0.31450890727098296
368.63251127815334,1746.429789116176,1736.852795634412,549.9538657308027,55.83935485701798,1635.5895457589818,1857.27003247337,0.31490178944389197
370.04340093280746,1740.2739692521434,1725.1087806754174,549.2946492162622,55.77242156101484,1629.5665874374347,1850.981351066852,0.31563688184815714
371.4542905874616,1740.6899004649197,1719.0258108235753,547.8555995559815,55.62630820561455,1630.2725513683856,1851.1072495614537,0.3147347493713011
372.86518024211574,1738.5744995406208,1722.8824725924392,546.1237892778382,55.45046951314937,1628.5061874899902,1848.6428115912513,0.31412159181107235
374.27606989676985,1735.3897955751345,1727.6373916369384,544.7136633126324,55.30729291403667,1625.6056868275211,1845.1739043227478,0.3138854825017028
375.686959551424,1735.0277424376927,1718.6285650909365,544.5072934526138,55.28633922943976,1625.2852264252729,1844.7702584501126,0.3138320386091278
377.09784920607814,1731.1386239994056,1710.3608039987691,543.8118061222601,55.2157231900624,1621.5362797172922,1840.740968281519,0.31413533184645
378.50873886073225,1726.6525771657684,1709.8432038510907,541.2918884536389,54.95986431593369,1617.5581087347666,1835.7470455967702,0.3134920687647239
379.9196285153864,1722.3976840050786,1713.8712059658114,539.7123700795178,54.7994885235415,1613.6215590059246,1831.1738090042327,0.3133494518086721
381.33051817004053,1719.1895579854784,1718.0280454423753,541.570167464674,54.988119268602865,1610.0390039167053,1828.3401120542514,0.3150148073835896
382.74140782469465,1719.3582450803344,1721.0055650079416,541.3543686917558,54.96620822295056,1610.2511840934303,1828.4653060672385,0.31485838989096876
384.1522974793488,1718.345518334199,1712.6273343113794,540.8508799222824,54.9150866838233,1609.3399328004436,1827.3511038679542,0.3147509474384377
385.56318713400293,1715.1368418158702,1717.6440460844394,538.2562900153073,54.65164599260914,1606.654181921194,1823.6195017105463,0.31382702353092606
386.9740767886571,1710.513541527578,1703.754331734595,533.9739518831957,54.21684043258464,1602.8939638481168,1818.133119207039,0.3121717185625605
388.3849664433112,1712.265448818877,1704.9790885436473,536.654677735207,54.48902690394606,1604.1055852639527,1820.4253123738015,0.3134179213307096
389.7958560979653,1715.5087014140736,1703.8272589210198,537.3811814220982,54.562792177190104,1607.202414949024,1823.8149878791232,0.31324888120890393
391.2067457526195,1718.2198998591095,1705.6903246932948,536.821519576189,54.50596712628855,1610.0264102286014,1826.4133894896177,0.31242888038964467
392.6176354072736,1720.4985381489723,1713.1242978069147,536.4771452368865,54.47100120981043,1612.3744553141114,1828.6226209838333,0.3118149381365151
394.0285250619277,1724.2275184038579,1721.400737881105,539.840064280907,54.812453905310534,1615.4256573252994,1833.0293794824163,0.31309096886508614
395.4394147165819,1727.4408208358188,1720.1222250670085,539.3891557958679,54.76667108519946,1618.7298379369186,1836.1518037347191,0.31224754520672116
396.850304371236,1729.1400845819471,1721.772581454199,540.2523262542169,54.854312766673594,1620.2551343202845,1838.0250348436098,0.31243988331045675
398.2611940258901,1731.4815946277472,1728.2863771400357,542.2331290815341,55.05543282213384,1622.1974242112617,1840.7657650442327,0.3131613588985965
399.6720836805443,1737.6903930609737,1740.1012855471117,543.9276305386857,55.22748337776705,1628.0647049907661,1847.3160811311814,0.31301757361997445
401.0829733351984,1737.3138675241087,1749.634730645039,541.6145627335688,54.99262692520511,1628.1543658276983,1846.473369220519,0.31175400879372356
402.4938629898526,1739.6106186048296,1734.8285062637956,542.7369120772045,55.10658423540518,1630.224913435488,1848.9963237741713,0.3119875828951195
403.9047526445067,1743.5994670111188,1725.3323012134886,545.0335699171541,55.339774508446865,1633.7508828081877,1853.4480512140499,0.3125910395301115
405.3156422991608,1747.469282835638,1750.762575834957,546.5036950211103,55.489043097103725,1637.3244028260187,1857.6141628452574,0.31274008670086184
406.72653195381497,1742.1256434037944,1733.7050704205942,544.1968247893246,55.25481591277328,1632.445700680405,1851.8055861271837,0.3123751876621618
408.1374216084691,1744.740069700018,1722.9000923781803,543.3758242425971,55.17145593710404,1635.2255952205417,1854.2545441794944,0.3114365478727284
409.5483112631232,1744.0493042049523,1726.218473770533,543.8671923427382,55.22134680871877,1634.435797128032,1853.6628112818726,0.3118416383249367
410.95920091777737,1738.5020605148873,1717.641503381603,544.8204024234703,55.31813062872257,1628.6964390736493,1848.3076819561252,0.31338496214500455
412.3700905724315,1737.8026229826614,1736.261302323752,543.7858426292231,55.21308699675354,1628.2055115029084,1847.3997344624145,0.31291576813015815
413.7809802270856,1738.1152959327603,1722.3885923576063,539.233353306496,54.75085173918927,1629.435714187509,1846.7948776780117,0.31024026689617057
415.19186988173976,1733.2836220816264,1721.317558748374,536.8127112749095,54.505072778796006,1625.09190771686,1841.4753364463927,0.3097085234268885
416.6027595363939,1727.6959316898701,1723.4167564628283,536.1355969316077,54.43632223361316,1619.6406860787008,1835.7511773010394,0.3103182609263947
418.01364919104805,1729.822015301827,1718.041610297792,535.1974030061699,54.34106307317867,1621.9558576296497,1837.6881729740041,0.30939449161351223
419.42453884570216,1727.221564800291,1717.338541542669,534.8697605368199,54.30779602069972,1619.4214417053754,1835.0216878952065,0.3096706128716404
420.8354285003563,1727.713706677576,1720.7889619939567,533.4015589936305,54.158722740047665,1620.2094917060233,1835.2179216491288,0.3087326082626103
422.24631815501044,1724.0885692549216,1719.8191678288938,532.0764904101331,54.024182409568354,1616.8514147286385,1831.3257237812047,0.3086131999819906
423.65720780966456,1712.9221575664142,1725.423169479574,531.9484610418201,54.01118299675424,1605.7108066706262,1820.1335084622021,0.3105502831474671
425.06809746431867,1713.8746882157152,1725.0619186538695,531.7699932878087,53.99306234179069,1606.6993065357444,1821.050069895686,0.3102735555546509
426.47898711897284,1715.5823743958733,1714.44214656023,530.0546809751622,53.81889876392549,1608.752704685605,1822.4120441061416,0.30896486749102686
427.88987677362695,1717.2908737917312,1711.6217255751721,528.1538211866288,53.62589569425107,1610.844312146844,1823.7374354366184,0.3075505898546352
429.30076642828107,1717.915212539846,1718.0289679884195,527.7377015489769,53.58364514641841,1611.5525175695602,1824.2779075101316,0.3071965936949501
430.71165608293524,1715.0512163165672,1704.6539380829556,532.5287880488038,54.07010627686068,1607.722903634184,1822.3795289989505,0.3105031400709544
432.12254573758935,1711.2347644335496,1714.4518260690609,528.8365379632253,53.69521508035004,1604.650604894771,1817.818923972328,0.309037981786374
433.5334353922435,1707.4635264755975,1705.8735372671765,527.189671513419,53.52800112692023,1601.2112840110462,1813.7157689401488,0.30875603685754827
434.94432504689763,1702.3890678904174,1683.2589829055137,526.2234724970002,53.429898480312566,1596.331557640302,1808.446578140533,0.30910881796785195
436.35521470155174,1694.589490383534,1684.0220232923114,523.0341099529777,53.10606777748316,1589.174778998127,1800.004201768941,0.30864944750400886
437.7661043562059,1696.2014139207547,1679.9171852627362,524.2999508343471,53.23459444593994,1590.5315791148475,1801.8712487266619,0.3091024135055001
439.17699401086,1691.839749994218,1680.8340902966363,521.8259329767523,52.98339599152184,1586.6685401794116,1797.0109598090244,0.3084369739974106
440.58788366551414,1687.8751708489565,1688.2420268894916,518.489001654166,52.64458194935162,1583.3765015923846,1792.3738401055284,0.30718444740992296
441.9987733201683,1687.335833031207,1676.7421423000376,516.624118845702,52.45523178855186,1583.2130208732083,1791.4586451892055,0.30617741218570277
443.4096629748224,1687.5720678241107,1679.0447219062332,518.8846653490053,52.684755510875384,1582.9936546781757,1792.1504809700457,0.30747407784370057
444.82055262947654,1685.1443505161487,1682.8454761366675,518.0859053652675,52.60365372224035,1580.7269231482915,1789.561777884006,0.3074430420198609
446.2314422841307,1684.6515290387435,1689.0593769605025,516.208724028237,52.41305483505892,1580.6124374717367,1788.6906206057504,0.30641869557604234
447.6423319387848,1684.1622117314723,1680.0559738920135,513.6344917824221,52.151681151163764,1580.6419428264444,1787.6824806365003,0.3049792283691955
449.053221593439,1678.7930044576437,1685.703960417118,510.4336603538095,51.82668595953567,1575.9178459093205,1781.668163005967,0.30404800293929735
450.4641112480931,1678.0209279593405,1692.051081810376,512.280359640019,52.01418986337645,1574.7735771035425,1781.2682788151385,0.30528842108245263
451.8750009027472,1679.2598581472223,1688.2989070016276,511.840701818689,51.969549375090615,1576.1011179603308,1782.4185983341138,0.30480136789753204
453.2858905574014,1681.2086803838056,1683.481386399847,511.93204824108045,51.978824199057996,1578.0315298168466,1784.3858309507646,0.3045023822528746
454.6967802120555,1682.4094601018992,1674.5136540375468,514.0097850080723,52.18978640491022,1578.8135528659975,1786.0053673378009,0.3055200277921286
456.1076698667096,1679.504775378434,1672.0298685329637,512.6137120003478,52.04803666744627,1576.190239147562,1782.8193116093062,0.30521718039464535
457.5185595213638,1674.3406226052537,1670.5557615636505,511.5452020863828,51.9395459230911,1571.2414387998729,1777.4398064106344,0.30552039123940306
458.9294491760179,1672.2283294652136,1665.002932679739,511.9817982688712,51.983875549051255,1569.041152047766,1775.4155068826612,0.3061673990612307
460.340338830672,1673.5558978931092,1666.8345034321635,513.3196221458817,52.119710983365934,1570.099089269597,1777.0127065166214,0.3067239180908839
461.7512284853262,1676.1498245486034,1664.5699723353976,513.7154672703067,52.159902966273116,1572.613235469571,1779.6864136276358,0.3064854106396206
463.1621181399803,1665.2470763950373,1657.900429658883,509.1886655142242,51.700275885937266,1562.6228398596263,1767.8713129304483,0.3057736432821289
464.57300779463446,1664.1776074569214,1655.1564799479145,510.4955604487542,51.832970961938024,1561.2899732774315,1767.0652416364112,0.30675545576463886
465.9838974492885,1665.3859318878112,1662.694747586247,511.47923373374687,51.93284785170419,1562.300043649051,1768.4718201265714,0.3071235465247119
467.3947871039427,1662.764374027668,1671.6530700178268,507.69684719737927,51.5488046852288,1560.4408054493122,1765.087942606024,0.30533300756715115
468.80567675859686,1662.0262662380512,1663.8664270284748,505.38506168241565,51.31407842950583,1560.16862559481,1763.8839068812924,0.3040776622780699
470.2165664132509,1655.7069582316901,1659.2622184508075,504.25984131386053,51.19982961089156,1554.076099701009,1757.3378167623712,0.3045586290537877
471.6274560679051,1650.2993220470876,1652.823136685052,501.33785703025575,50.90314705719768,1549.2573737309938,1751.3412703631814,0.3037860164714721
473.03834572255926,1647.6414338646282,1651.6013201371693,498.13237322770016,50.5776794885654,1547.2455335661816,1748.0373341630748,0.30233056961872157
474.4492353772134,1647.7072957278401,1644.981237619559,499.4187077495209,50.70828697094637,1547.052141625899,1748.3624498297813,0.3030991663655365
475.8601250318675,1649.155672214366,1645.4535566965305,498.52764613864116,50.61781337199592,1548.680106786949,1749.631237641783,0.30229265468265626
477.27101468652165,1645.3230781973273,1636.9246084736526,499.1226682245519,50.67822871130585,1544.7275892692044,1745.9185671254502,0.30335845575776393
478.6819043411758,1638.8157679228152,1630.983812471148,498.64458066782305,50.62968627457357,1538.3166349700493,1739.314900875581,0.3042712856612618
480.0927939958299,1632.835198014397,1639.4478505557215,496.0832574669709,50.36962330560827,1532.8522859750376,1732.8181100537565,0.30381710173214727
481.50368365048405,1633.2583112928642,1629.6431204043758,496.7144200420969,50.43370815563128,1533.1481918316022,1733.3684307541262,0.3041248384334899
482.9145733051382,1629.4459624063181,1634.0579647319926,491.3607310457998,49.890123396460446,1530.4148501639975,1728.4770746486388,0.30155079848132715
484.3254629597923,1625.451605759682,1626.0562243719753,490.72103291154053,49.82517189171412,1526.5494212352933,1724.3537902840708,0.30189827317694506
485.73635261444645,1621.6521808289558,1627.8236908904403,492.26207004873845,49.98164050647236,1522.439408559025,1720.8649530988866,0.303555889399849
487.1472422691006,1617.090949667606,1629.379130936797,487.35487066239324,49.48338989862519,1518.8671970374626,1715.3147022977496,0.3013775265779388
488.5581319237547,1615.9502320593228,1623.0841508081105,487.25676067575654,49.4734283387559,1517.7462529692384,1714.1542111494073,0.3015295588991066
489.96902157840884,1616.0248951416597,1608.9008275590368,487.75275491310254,49.523788923437664,1517.7209510810624,1714.328839202257,0.3018225501225007
491.379911233063,1616.292257683824,1606.9621770706449,487.67288191516684,49.51567904922249,1518.0044115963121,1714.5801037713356,0.30172320605804975
492.79080088771707,1614.7193606034732,1612.2571532746163,486.822917784343,49.42937826714918,1516.6028202144498,1712.8359009924966,0.3014907293874283
494.20169054237124,1605.41708560233,1610.6592631830213,486.88425782450935,49.435606404604385,1507.288182458168,1703.545988746492,0.3032758665588994
495.6125801970254,1608.433503703733,1604.1907281527021,483.380712220235,49.07987524523732,1511.0107213300375,1705.8562860774286,0.30052887552215013
497.02346985167947,1606.4942846724316,1599.1894310606222,480.8113286608891,48.818993870863395,1509.589347734039,1703.3992216108243,0.2992922746431854
498.43435950633364,1604.7108662643268,1596.372435377547,480.18120502918396,48.7550145095622,1507.9329273543788,1701.4888051742748,0.29923222626828583
499.8452491609878,1611.2937644688154,1588.1171508591865,481.47131473878665,48.886005304186874,1514.2558108865824,1708.3317180510485,0.29881038787331876
501.25613881564186,1603.069586426796,1598.3024666232661,478.75037636625785,48.60973586997567,1506.5800233372277,1699.5591495163642,0.29864603534359424
502.66702847029603,1608.444373287038,1609.0470283892482,479.49949657488565,48.68579750308111,1511.8038290490458,1705.08491752503,0.29811382012234233
504.0779181249502,1611.3695221756284,1612.8382179874006,480.9970209305397,48.83784806425186,1514.427159959153,1708.3118843921038,0.2985019974072181
505.4888077796044,1607.8967273923965,1604.064136403585,480.6968205551207,48.807367334256526,1511.0148689467658,1704.7785858380273,0.29896000928784144
506.8996974342584,1604.5975392915725,1598.4449990444778,474.7318609302082,48.20171744622335,1508.9178863719683,1700.2771922111767,0.2958572784174913
508.3105870889126,1612.049892072017,1616.759642716103,476.1940266765794,48.350177884560125,1516.075547511431,1708.0242366326029,0.29539658109744527
509.72147674356677,1616.4017544317035,1633.2724134978841,478.32626635568096,48.566674022692276,1519.9976684334183,1712.8058404299886,0.29592040780966083
511.1323663982208,1626.5097161186522,1639.4748652663425,480.2884151810342,48.76590005121666,1529.7101695792976,1723.309262658007,0.29528776276058694
512.543256052875,1648.7579479458177,1651.3168815906083,482.25869273497193,48.96595142708061,1551.561302563873,1745.9545933277625,0.292498176179115
513.9541457075292,1676.6859304301063,1676.9338256329725,486.43321125228,49.38980956386341,1578.6479332963327,1774.72392756388,0.29011587824769264
515.3650353621832,1715.8335188858573,1726.7886822167436,485.29326405941003,49.27406546278988,1618.025271976867,1813.6417657948475,0.2828323719742494
516.7759250168374,1766.7900486317558,1776.6005189350158,482.4818637529184,48.9886110108047,1669.5484243316128,1864.0316729318988,0.2730838698840102
518.1868146714916,1809.4455551174622,1819.1002680752433,478.18539118446535,48.55237031620664,1713.0698617521477,1905.8212484827766,0.2642717764190608
519.5977043261456,1814.880093378412,1831.3757698305208,472.0516587940608,47.92958415015133,1719.740620782156,1910.0195659746682,0.2601007419257838
521.0085939807998,1751.1009296216087,1748.848940435205,468.46523851917294,47.565438342884846,1656.6842807398864,1845.517578503331,0.2675261206219578
522.419483635454,1692.7470853761959,1698.7489118705878,471.9825704559366,47.92256929223434,1597.6215371628525,1787.8726335895392,0.27882639676856585
523.830373290108,1649.7841741479829,1666.7903515508208,475.02210275478006,48.23118703857739,1554.0460245498884,1745.5223237460773,0.28792984573276154
525.2412629447622,1627.076329562773,1629.5932125190723,476.3452298926312,48.365530245117526,1531.0715108073357,1723.0811483182104,0.2927614526975722
526.6521525994164,1625.9233495247413,1626.1705931892668,481.38198565117,48.876935309532236,1528.9033997396034,1722.9432993098792,0.2960668384471373
528.0630422540704,1614.753842048889,1610.8712596523599,478.05488859747425,48.539119786082495,1518.4044507779904,1711.1032333197877,0.29605434348488174
529.4739319087246,1612.047742511623,1606.8097736569214,479.96101468142257,48.73265756704231,1515.3141817818307,1708.7813032414153,0.29773374697552546
530.8848215633788,1609.8027121364207,1607.2048123245756,480.97015091496496,48.83511982752477,1512.8657654270467,1706.7396588457948,0.2987758358765927
532.2957112180328,1603.6394821903687,1603.8093728865226,477.70146775644656,48.50323533652092,1507.3613209888777,1699.9176433918597,0.29788582350439935
533.706600872687,1603.8899393359384,1602.229515204681,476.9765187655703,48.42962791874055,1507.7578877039539,1700.0219909679229,0.29738731260017365
535.1174905273411,1604.884911641397,1608.834853562034,478.45610348758015,48.57985698608885,1508.45465766759,1701.3151656152038,0.2981248686538145
536.5283801819953,1602.9136225549369,1601.7744971981729,479.2326506728955,48.65870340675438,1506.3268596730886,1699.500385436785,0.2989759672196377
537.9392698366494,1597.7539883792763,1593.4538212040623,479.0901101928979,48.64423061378019,1501.1959537644257,1694.312022994127,0.29985223862834826
539.3501594913035,1590.5958525384112,1580.6283750365185,478.1396034969222,48.54772128091091,1494.2293874352226,1686.9623176415998,0.3006040803726889
540.7610491459577,1587.6721968676795,1587.9028270611068,474.10430027061994,48.13799831531318,1492.1190254232763,1683.2253683120828,0.2986159871074022
542.1719388006118,1590.5616431415099,1606.4134073808552,472.86191379127933,48.011853080571946,1495.2588680090423,1685.8644182739774,0.29729241606589496
543.5828284552659,1590.5566849397485,1606.211074718371,471.5562887270429,47.879286940364466,1495.5170515158331,1685.5963183636638,0.29647248236544665
544.9937181099201,1584.7413910045243,1594.0483543214614,469.0195916609139,47.621724376544485,1490.2130152290292,1679.2697667800194,0.29595970315611886
546.4046077645742,1573.1701941548497,1572.9388055015643,465.03509080779753,47.21715961042616,1479.4448730930976,1666.8955152166018,0.29560380214146326
547.8154974192283,1569.886562698061,1560.822948317441,466.72812184152235,47.389060867180625,1475.820020338519,1663.953105057603,0.297300539371066
549.2263870738825,1569.2630991781155,1568.1275048441253,465.56181547715664,47.27064039773766,1475.431619592582,1663.094578763649,0.2966754368473901
550.6372767285366,1569.4385657262974,1577.2097975034649,463.7428362367683,47.08595103811906,1475.9736916221134,1662.9034398304814,0.29548326794311924
552.0481663831907,1569.3045569984151,1573.6516039269754,462.92100685041817,47.00250690653659,1476.0053181863118,1662.6037958105185,0.29498481017339306
553.4590560378449,1568.332897470956,1563.0259752494349,464.3576361538101,47.14837451192835,1474.7441137505891,1661.9216811913227,0.2960835909918223
554.869945692499,1564.4172094589042,1566.3718775486984,465.2474085314111,47.23871720907225,1470.6490969020454,1658.185322015763,0.2973934355352237
556.2808353471531,1565.9800712350097,1563.140710172579,466.64718528881434,47.38084300533951,1471.9298412022968,1660.0303012677227,0.2979905005564938
557.6917250018073,1563.0265033891765,1555.9496767898088,466.97862111335036,47.41449521468256,1468.909474248869,1657.143532529484,0.29876564479283035
559.1026146564614,1553.7352639660646,1554.8940013639187,464.99124281178376,47.21270752096602,1460.0187802320445,1647.4517477000848,0.29927314748900474
560.5135043111155,1554.5791724652768,1558.5834117311044,460.2187877375171,46.7281381251731,1461.8245513797538,1647.3337935507998,0.29604075230706633
561.9243939657697,1550.7326918854226,1553.477523438414,457.2802345443488,46.429773253600644,1458.5703203890828,1642.8950633817624,0.29488011501735684
563.3352836204238,1550.653273156478,1557.619258586546,456.3729819960366,46.337655714026994,1458.6737535310087,1642.6327927819473,0.2943101400528134
564.7461732750779,1549.6029040611775,1547.1268743852308,457.00520122443714,46.40184785093502,1457.4959640510222,1641.7098440713328,0.2949176205250547
566.1570629297321,1544.8580032891537,1548.0276221267832,457.7164947734583,46.47406876866331,1452.6077058903434,1637.108300687964,0.2962838615581077
567.5679525843863,1545.7293793071444,1545.985321208444,453.9033988911425,46.0869075405237,1454.2475908722242,1637.2111677420646,0.2936499784293416
568.9788422390403,1547.8416222687204,1557.7598078708752,455.3601448290522,46.23481768068676,1456.0662345260603,1639.6170100113804,0.29419039924873996
570.3897318936945,1545.0245603419864,1550.5859050243857,453.66030678535077,46.06222527678471,1453.5917658133612,1636.4573548706117,0.2936265988450918
571.8006215483487,1537.805289825587,1540.8339518421403,451.3800014955473,45.830695353651116,1446.832078562032,1628.7785010891419,0.29352220627797515
573.2115112030027,1529.2382057802442,1546.1712525493379,451.97379991206014,45.890986448157996,1438.145317639968,1620.3310939205205,0.295554870525521
574.6224008576569,1528.572215153542,1524.0541303330183,450.9973082383229,45.79183874053659,1437.6761336574186,1619.4682966496653,0.295044816180321
576.033290512311,1521.728432743768,1536.0046279401884,447.3823979703851,45.424800212751315,1431.5609169670258,1611.8959485205103,0.29399621400497045
577.4441801669651,1519.7011338335594,1529.7147752744195,443.5362417012243,45.034282210911606,1430.3087901638394,1609.0934775032795,0.2918575447676156
578.8550698216193,1517.7621246707442,1520.170534173858,442.1570891164541,44.89425048210355,1428.6477417858248,1606.8765075556637,0.29132173080967705
580.2659594762735,1509.5524566093566,1517.1278155779428,444.8045824825745,45.163062705754264,1419.9044856777427,1599.2004275409704,0.29465990435447414
581.6768491309275,1515.0674035497811,1517.0262624028792,442.7097153873004,44.95036117858914,1425.8416418126287,1604.2931652869336,0.2922046335034586
583.0877387855817,1513.3279192616128,1521.290242302005,444.0868970299689,45.09019278854673,1423.8245939724384,1602.8312445507872,0.2934505412724091
584.4986284402358,1512.8398998487457,1517.098631455587,442.774936454138,44.95698337459909,1423.6009931564058,1602.0788065410857,0.29267798694257524
585.9095180948899,1513.3286065877717,1522.4246330017727,440.5800446562944,44.73412587761671,1424.5320685306488,1602.1251446448946,0.29113309742403337
587.3204077495441,1511.6259276193646,1515.7872743926143,441.7100543616054,44.84886097970185,1422.6016421846207,1600.6502130541085,0.2922085724324982
588.7312974041982,1510.2356727589006,1521.1345699320723,440.9344371825358,44.77010898686384,1421.367708794442,1599.1036367233592,0.2919639928628068
590.1421870588523,1506.6044689241212,1518.8502591516076,439.0483151078403,44.57860230531225,1418.1166427180958,1595.0922951301466,0.2914157791005149
591.5530767135065,1504.2357606411817,1512.240644047012,436.90525504272955,44.36100752343613,1416.1798566634516,1592.291664618912,0.2904499856169477
592.9639663681606,1501.1403781798551,1507.7865644337555,436.0085384774716,44.26995975086148,1413.2652026022854,1589.0155537574249,0.29045154258400235
594.3748560228147,1493.977754569163,1513.0882465022642,437.76341864488984,44.4481408356872,1405.7488923336027,1582.2066168047231,0.2930186994458516
595.7857456774689,1497.5434355801895,1507.4148285224508,436.1618609719052,44.28552729153667,1409.6373586786103,1585.4495124817686,0.29125155946005943
597.196635332123,1499.797510103643,1507.449217277732,434.21858372297123,44.088217381287016,1412.283090278419,1587.311929928867,0.2895181388139288
598.6075249867772,1505.517159296164,1513.8382930112132,435.4299029351282,44.21120821296864,1417.75860459959,1593.275713992738,0.2892228097477771
600.0184146414313,1510.0877738751294,1518.3851832477894,440.14013603112465,44.689459924059186,1421.3798970350776,1598.7956507151812,0.2914665913105527
601.4293042960854,1505.383913317367,1514.1077472522732,442.9306873435396,44.9727974814261,1416.1136158710744,1594.6542107636594,0.29423104858844096
602.8401939507396,1505.1281346903029,1518.0050183514315,442.7318380662696,44.95260739631453,1415.8979142462053,1594.3583551344004,0.29414893513857987
604.2510836053937,1516.1463688038457,1528.3725583734476,443.66874579428907,45.04773596318739,1426.727319646927,1605.5654179607643,0.2926292308732163
605.6619732600478,1525.9046285777476,1530.0723771606156,446.9202614556348,45.37787735894932,1435.8302539296546,1615.9790032258406,0.29288872520964593
607.072862914702,1534.9149920394618,1534.7353961729796,451.97161261576184,45.89076436186715,1443.8225447369887,1626.007439341935,0.2944603544559958
608.483752569356,1549.2874441340043,1548.5583064735754,457.40019740555164,46.441953636708725,1457.1008947682865,1641.4739934997222,0.29523262396360656
609.8946422240102,1562.0706563161305,1560.2725836342006,463.1839360508809,47.02920332207574,1468.7184255380078,1655.4228870942532,0.29651919660485715
611.3055318786644,1549.873288123496,1546.9620111205334,452.2848570970397,45.92256952014862,1458.7177080808085,1641.0288681661834,0.2918205382097024
612.7164215333185,1528.9968782088752,1533.6335604105684,443.0947057476349,44.98945102718705,1439.6935237355158,1618.3002326822345,0.2897943822270539
614.1273111879726,1507.487618235555,1512.589394713385,437.97205886826504,44.46932504075686,1419.216705685279,1595.7585307858308,0.29053111519475777
615.5382008426268,1490.4018983067438,1498.2565116281803,432.667948175462,43.93077419561868,1403.2000007350289,1577.6037958784586,0.2903028697608472
616.9490904972808,1486.138337427095,1500.5151976774564,433.44401336933294,44.00957167746773,1398.7800280901217,1573.4966467640681,0.29165791801033886
618.359980151935,1473.4139068838613,1487.1104564669274,428.62400885478684,43.520174367490625,1387.027043529298,1559.8007702384245,0.29090536396611616
619.7708698065892,1465.379610946612,1478.9766937000074,425.3596201080785,43.18872590794306,1379.6506675843318,1551.1085543088923,0.2902726480773831
621.1817594612432,1464.2916022964587,1480.5964600496186,423.9188957859661,43.0424425163959,1378.8530291714371,1549.7301754214802,0.2895044232454322
622.5926491158974,1467.2239548743423,1477.805608029,422.57134479150693,42.90561944294129,1382.0569734035837,1552.390936345101,0.2880073920464973
624.0035387705516,1465.3525520201963,1471.6488884782268,424.5580875181238,43.10734260379904,1379.7851532398624,1550.9199508005302,0.28973101860901
625.4144284252056,1466.561315632688,1468.2281319279607,425.0266835763066,43.15492132486631,1380.8994738374731,1552.223157427903,0.28981173786992065
626.8253180798598,1466.46250631177,1469.3281512342667,426.0807537715228,43.26194593791575,1380.5882223387043,1552.3367902848358,0.2905500494814137
628.236207734514,1465.3568874198618,1476.5713585719732,425.9298893670198,43.246627978459024,1379.5130093560022,1551.2007654837214,0.2906663168704104
629.6470973891682,1464.5414909109759,1479.6541243086965,422.77702037423046,42.92650263435929,1379.3330566328777,1549.749925189074,0.2886753451493233
631.0579870438222,1463.132112621524,1469.9503050797932,419.7051932133287,42.6146058415818,1378.542788583906,1547.7214366591418,0.2868539276752899
632.4688766984764,1464.63654244118,1471.173344280206,421.5335433111802,42.80024666761932,1379.6787242762978,1549.594360606062,0.28780761034993024
633.8797663531305,1458.7607631492435,1469.3768417278548,422.201266464721,42.86804368195118,1373.6683689745441,1543.853157323943,0.2894246110330336
635.2906560077846,1452.5361276767824,1459.561096476655,422.29286752837606,42.87734436082161,1367.4252718004386,1537.6469835531261,0.2907279615852312
636.7015456624388,1451.5443438404432,1460.9296875964621,421.81055675157984,42.82837312105934,1366.5306951067437,1536.5579925741426,0.2905943304739618
638.112435317093,1444.5118946655261,1463.889245316615,414.07448633785725,42.04289417828165,1361.0574093102782,1527.966380020774,0.28665356641714285
639.523324971747,1442.355071026563,1458.3686841305114,413.51628030272934,41.9862169425695,1359.0130890950247,1525.6970529581015,0.2866952032888952
640.9342146264012,1439.6634704376575,1456.8177279719894,413.96165204381094,42.031437591506105,1356.2317262274228,1523.0952146478921,0.2875405680175845
642.3451042810553,1435.3779496786788,1453.661619718695,413.87804898304677,42.02294898679207,1351.9630552156282,1518.7928441417293,0.2883408157939843
643.7559939357094,1429.9479695746402,1437.7358432317246,412.71370053721074,41.90472731385618,1346.7677432776504,1513.12819587163,0.2886214808640756
645.1668835903636,1425.760512395886,1437.83653999976,411.45474731262823,41.77689998098994,1342.8340213492206,1508.6870034425515,0.2885861571668924
646.5777732450177,1420.9497540043376,1435.0478854674955,408.96273717678434,41.523874687499614,1338.525514195671,1503.3739938130043,0.28780942888676975
647.9886628996718,1424.0421078599084,1435.2013833107037,409.7514140710088,41.603952693507644,1341.458914465617,1506.6253012541997,0.28773827108721883
649.399552554326,1424.7597198547023,1428.4674985613701,410.6022013578189,41.69033705440835,1342.0050548592615,1507.5143848501432,0.2881904896916178
650.8104422089801,1420.7111525037508,1434.9838976744709,409.94056881833404,41.623158448238996,1338.0898359876267,1503.332469019875,0.2885460342138419
652.2213318636342,1420.072072079465,1440.7319523185106,408.6699635504388,41.494148029623396,1337.7068392203169,1502.4373049386131,0.28778114265144866
653.6322215182884,1416.6291316729591,1431.8039732951354,407.3264480997184,41.35773470355472,1334.534677125941,1498.7235862199773,0.28753216984793245
655.0431111729425,1413.2547997027746,1435.0505823782332,408.25208441080343,41.451718831431585,1330.973788136388,1495.535811269161,0.288873658519797
656.4540008275966,1413.3613656760335,1436.383197739852,407.11055391085915,41.335813969881436,1331.310423441454,1495.412307910613,0.28804420709216966
657.8648904822508,1414.4608811612154,1429.557109986654,405.4001526256183,41.162149031300544,1332.754661105182,1496.1671012172487,0.2866110742439205
659.2757801369049,1410.9849141783861,1422.5965973883326,407.71829277280347,41.397520502169215,1328.8114854452965,1493.1583429114758,0.28896006518270756
660.6866697915591,1408.0797872125422,1442.3692504611558,405.96397675094966,41.21939669764704,1326.2599314369395,1489.899642988145,0.28831035033504926
662.0975594462132,1403.2867038570814,1432.7557636081324,405.09854998745317,41.131525923095026,1321.6412701904064,1484.9321375237564,0.28867839257223565
663.5084491008673,1398.7330391362214,1428.6114778614112,403.5933862790245,40.978699703169895,1317.3909631184883,1480.0751151539544,0.28854211274530345
664.9193387555215,1394.640149651066,1426.1831652977132,402.07736668703876,40.82477123527088,1313.6036192272104,1475.6766800749215,0.28830187255661405
666.3302284101756,1390.384915328903,1418.942953524344,401.02417563073,40.717835885253265,1309.5606498971806,1471.2091807606253,0.28842673076316105
667.7411180648297,1384.5425958431551,1402.9353587665682,395.6557804551608,40.17275793980967,1304.8003015816998,1464.2848901046104,0.2857664196414379
669.1520077194839,1377.3239220847756,1403.921522626918,397.5878773206528,40.36893265411406,1297.192224093107,1457.4556200764443,0.28866693661927184
670.562897374138,1375.4187749829875,1399.1372093687196,395.13686619185717,40.120070179081814,1295.7810650999868,1455.0564848659883,0.2872847698307336
671.9737870287921,1373.3146441297413,1388.879810437947,392.6285423360864,39.86538847829482,1294.1824734272366,1452.446814832246,0.2858984603523922
673.3846766834463,1366.812744353206,1389.7173515042728,392.77765420747323,39.88052849497367,1287.6505209551176,1445.9749677512943,0.2873675679643599
674.7955663381003,1357.8066834868625,1387.1755767668699,389.7480161970746,39.572915361413536,1279.255067332912,1436.3582996408131,0.28704234626110203
676.2064559927545,1350.9964548533744,1379.2168414932864,388.20784270433137,39.416534436463806,1272.7552523820716,1429.2376573246772,0.28734926824546264
677.6173456474087,1348.3027003129323,1371.9206441223905,386.8448066300215,39.27813909136488,1270.33621043044,1426.2691901954247,0.28691243185987636
679.0282353020627,1344.8837793168668,1381.1422545204273,386.9305988331768,39.28684996981209,1266.899998477317,1422.8675601564166,0.28770560310402293
680.4391249567169,1341.2384887762157,1381.7802736201006,387.4976870840255,39.34442905789124,1263.1404143501566,1419.3365632022749,0.2889103543677675
681.8500146113711,1341.5554379119092,1378.8730759930945,385.4881539554809,39.14039188231357,1263.8623740783407,1419.2485017454776,0.2873441850121987
683.2609042660251,1335.111061020907,1353.9527373588414,378.8680468724656,38.46822184836222,1258.7522441594133,1411.4698778824009,0.28377268223870455
684.6717939206793,1330.00335826053,1356.2911003075608,378.5298648861545,38.4338846700704,1253.7127001592476,1406.2940163618123,0.28460820232906925
686.0826835753335,1323.8835765476572,1355.2859529410605,380.6921875807735,38.65343527564668,1247.1571139387188,1400.6100391565956,0.2875571495293562
687.4935732299875,1319.1265910363716,1344.040806972738,380.6122613169453,38.645319993099534,1242.416237135973,1395.8369449367701,0.2885335371929068
688.9044628846417,1318.0535630843106,1344.839960797238,376.3470167791771,38.21225002462153,1242.2028462771361,1393.904279891485,0.28553241485763786
690.3153525392959,1316.8784357972152,1342.7427440789388,377.11444134092096,38.29017018320113,1240.873048697708,1392.8838228967222,0.28636997242089585
691.7262421939499,1317.6064682260032,1349.5598568581452,375.37022607488115,38.11307195504702,1241.952618330982,1393.2603181210245,0.2848879655093614
693.1371318486041,1316.509185158535,1346.9499823872716,375.2897475419199,38.10490059806524,1240.8715552789267,1392.1468150381434,0.2850642834647046
694.5480215032583,1317.4390882502023,1346.7195207097527,374.87776919016545,38.06307053410805,1241.8844903912993,1392.9936861091053,0.28455036178414217
695.9589111579124,1319.9558024319792,1356.1006817049213,373.89411812657346,37.96319590058327,1244.5994541537427,1395.3121507102157,0.28326260427635885
697.3698008125665,1317.2311335588488,1344.4547505105793,374.98287411462246,38.07374232230646,1241.655352367796,1392.8069147499016,0.28467507680410414
698.7806904672207,1313.8945800769625,1345.189755418976,371.17319113497877,37.68692762193085,1239.0866199976247,1388.7025401563003,0.28249845669752055
700.1915801218748,1314.5179193526956,1338.9204478984338,373.33489346022503,37.906415238540774,1239.274279797812,1389.7615589075792,0.2840089799947842
701.6024697765289,1315.5415649077204,1342.0069994660657,373.7910834780945,37.95273431706237,1240.2059827086466,1390.8771471067942,0.28413475746341343
703.0133594311831,1316.3532753570187,1346.869441545757,373.33004557428967,37.90592301030143,1241.1106128674678,1391.5959378465695,0.28360931108940785
704.4242490858372,1317.3078115449055,1341.6890527708974,375.6000663723614,38.136408701511,1241.607638574271,1393.0079845155399,0.2851270318756154
705.8351387404913,1316.0005580535517,1339.9628232672037,375.8924006818373,38.16609075351733,1240.2414666753507,1391.7596494317527,0.2856324021912316
707.2460283951455,1315.4702777758382,1349.0630776135677,373.83985672265266,37.9576864897447,1240.124865591682,1390.8156899599944,0.2841872317744275
708.6569180497996,1313.933657683911,1346.2188194097453,375.92435900184665,38.16933562928389,1238.1681252782205,1389.6991900896014,0.2861060425718097
710.0678077044537,1316.1767628025755,1346.6937343325014,376.2661686149752,38.20404113727348,1240.342340508002,1392.0111850971489,0.28587814285201335
711.4786973591079,1320.279010794274,1351.0853568895532,372.5409321430163,37.82580068067154,1245.1953898720417,1395.3626317165063,0.28216833646313694
712.889587013762,1314.3889798853318,1348.596487587712,369.9666487447503,37.564421803031884,1239.8241919345799,1388.9537678360837,0.2814742472787823
714.3004766684161,1314.909472027849,1347.2230678313335,373.06097774164937,37.87860331109821,1239.7210387126122,1390.0979053430858,0.2837160927636455
715.7113663230703,1311.863052644076,1352.2518607329328,369.97433754657953,37.56520248257707,1237.2967150566747,1386.4293902314776,0.28202207296020093
717.1222559777244,1311.8833140662696,1344.5917300763824,370.2505825467147,37.59325091272953,1237.2613007850523,1386.5053273474869,0.2822282885808635
718.5331456323785,1312.5719499246923,1335.5326331359522,371.65126189899775,37.73546835362177,1237.6676372544778,1387.4762625949068,0.2831473443572529
719.9440352870326,1309.6329707565146,1346.2047392080965,369.33872241211134,37.50066554364875,1235.1947379804,1384.0712035326292,0.282016970142987
721.3549249416868,1308.6953714033418,1333.1508983170866,371.4724877505778,37.71731658901945,1233.8270897010896,1383.563653105594,0.28384947014234485
722.7658145963409,1305.8755001343686,1332.4298634106456,371.41407433356,37.71138560512331,1231.0189913421023,1380.732008926635,0.28441767557117287
724.176704250995,1306.8981829149127,1336.5494145417229,369.73643995514624,37.54104764186144,1232.3797923073791,1381.4165735224462,0.2829114347152003
725.5875939056492,1306.3696981404835,1326.736945361117,367.91305295063273,37.35591074160271,1232.218801375449,1380.520594905518,0.28163011854479525
726.9984835603034,1303.3915322819312,1328.2667699210517,367.20719455878105,37.284241680473315,1229.3828974788607,1377.4001670850016,0.28173207011394946
728.4093732149574,1302.6305938034907,1328.379007862665,367.75275744633,37.339635199044515,1228.512003735096,1376.7491838718854,0.28231546164791493
729.8202628696116,1295.8822773968889,1319.9355446952707,368.64520021638367,37.43024903346204,1221.5838202887676,1370.1807345050102,0.284474297277143
731.2311525242658,1293.8454753350331,1319.1352440046062,366.17396391521874,37.17933300330936,1220.0450826102767,1367.6458680597896,0.2830121300384811
732.6420421789198,1288.9082712211532,1312.7686994879218,363.7500738697752,36.93322425707469,1215.596400496603,1362.2201419457033,0.2822156409355234
734.052931833574,1282.998952640027,1305.5448050688515,361.8363427363358,36.73891430033124,1210.0727841311868,1355.9251211488672,0.2820238800599058
735.4638214882282,1280.643489629157,1311.970399099691,361.23559613039833,36.67791772407568,1207.8383983672413,1353.4485808910729,0.282073503715701
736.8747111428822,1284.9956473710813,1308.2821597622633,364.9432534517207,37.0543732883591,1211.4432977200745,1358.547997022088,0.28400349386267787
738.2856007975364,1274.1026124485677,1297.4052492383146,359.50550925913166,36.50225401706681,1201.64621088917,1346.5590140079653,0.28216370153125636
739.6964904521906,1267.4368164122131,1290.494152214456,355.8284463957461,36.12890484933743,1195.7215070934815,1339.1521257309448,0.28074649701513693
741.1073801068446,1264.0168358262765,1292.8893682094963,354.2097071539227,35.96454678118376,1192.6277746943033,1335.4058969582497,0.2802254662394421
742.5182697614988,1260.145647542607,1285.589289163176,354.59400401551903,36.00356621565324,1188.6791334453671,1331.612161639847,0.281391285766854
743.929159416153,1254.010669152167,1275.4920516606924,355.71831242138967,36.11772243848606,1182.3175567435405,1325.7037815607937,0.283664502361762
745.340049070807,1258.6549981882404,1290.5478945327663,349.42148383814475,35.47837636303591,1188.230977709021,1329.0790186674596,0.2776149813420805
746.7509387254612,1250.3459531794658,1267.0704085964608,349.1312860696069,35.44891124389439,1179.98042049948,1320.7114858594516,0.27922774907361586
748.1618283801154,1246.5400850100789,1271.58128716043,350.1729917514992,35.554680430825115,1175.9646021533922,1317.1155678667656,0.28091594964526784
749.5727180347694,1244.2918367843076,1276.2699672048384,350.43028819279795,35.580804926322635,1173.6644972139115,1314.9191763547037,0.28163030394737165
750.9836076894236,1238.9303105617837,1267.8735564386557,348.4386231385536,35.378581978816875,1168.704380369618,1309.1562407539493,0.2812415033905795
752.3944973440778,1229.048931107321,1251.005627592698,344.4959270061052,34.97826183898001,1159.6176301123216,1298.4802321023205,0.28029472080963364
753.8053869987318,1234.4108850254095,1258.0819348483265,347.89252311056407,35.32313392189702,1164.2950183563348,1304.5267516944841,0.28182878758672236
755.216276653386,1231.0520938852897,1257.847893244133,344.6926139557541,34.99823237298579,1161.5811516935958,1300.5230360769835,0.2799983978483634
756.6271663080402,1226.0098386046527,1253.9736178938967,345.6912438202749,35.0996278733187,1156.3376279355382,1295.6820492737672,0.28196449403188584
758.0380559626943,1222.5242469414814,1248.8376585166352,346.67367487341426,35.199378633550026,1152.6540325782444,1292.3944613047183,0.2835720238193431
759.4489456173484,1221.7728687037006,1247.2837190632513,344.02506602102466,34.93045314942875,1152.4364672074153,1291.109270199986,0.28157857719171225
760.8598352720026,1223.098943242192,1240.613670626733,341.68906956101426,34.69326864468503,1154.2333492667613,1291.9645372176228,0.27936339202065247
762.2707249266567,1229.9136916507357,1256.1718777439887,342.02999352980436,34.72788422911634,1160.9793862832744,1298.847997018197,0.2780926790649406
763.6816145813108,1228.5038305671894,1252.1725614264178,341.42283552780543,34.666236674220364,1159.6918946290407,1297.3157665053382,0.27791759946745426
765.092504235965,1226.3290126910276,1252.4647518891632,342.8767050287213,34.81385475645633,1157.2240571755424,1295.4339682065129,0.27959601500116243
766.5033938906191,1225.0412872742986,1251.739774835681,343.7389384100001,34.90140129216949,1155.7625532588938,1294.3200212897034,0.2805937579253471
767.9142835452732,1225.658461888394,1244.1693272628997,341.8228791426429,34.7068549492415,1156.765899311567,1294.551024465221,0.2788891765296429
769.3251731999273,1232.6885110719033,1254.929993016012,341.5024232211542,34.67431758014371,1163.860534662274,1301.5164874815327,0.27703870049392726
770.7360628545815,1232.853650026901,1252.0499435470513,341.0192141327664,34.62525513065849,1164.123061809785,1301.5842382440171,0.2766096479702399
772.1469525092356,1231.264857943988,1241.0469621595157,344.9357985839948,35.02292403095616,1161.7449031985975,1300.7848126893787,0.2801475217606563
773.5578421638897,1228.6831447576644,1245.742805707986,343.00140014935795,34.82651562771126,1159.5530576113676,1297.8132319039612,0.27916180148870584
774.9687318185439,1225.9772861200897,1240.11984587478,339.2644840514676,34.447089284769355,1157.6003543119143,1294.3542179282651,0.27672982843357113
776.379621473198,1222.8741797002508,1244.8559810121944,340.4822267877813,34.570732326512896,1154.2518183939844,1291.4965410065172,0.27842784845718127
777.7905111278521,1215.8910792114364,1237.8576287864053,339.8003932831236,34.50150262309151,1147.4061377803534,1284.3760206425193,0.2794661455230845
779.2014007825063,1205.4672790322334,1224.2876829662393,335.56626585698257,34.07159211860957,1137.8357032079095,1273.0988548565572,0.2783702815445808
780.6122904371604,1199.020759043251,1207.258867483755,336.1140285310705,34.12720899166343,1131.2787845984587,1266.7627334880433,0.28032377754599513
782.0231800918145,1196.148601100711,1209.575764488949,335.26250803855464,34.04075018500256,1128.5782460307344,1263.7189561706875,0.2802849978088357
783.4340697464687,1195.3887073955948,1218.7679408795514,332.48334547689285,33.758568980075935,1128.3784775904064,1262.3989372007832,0.2781382686818898
784.8449594011228,1195.0717253798866,1217.634757077596,331.0608572822407,33.614137186737146,1128.348190418562,1261.7952603412114,0.27702174710643734
786.2558490557769,1194.2135282287004,1218.1126160982537,332.7749538580635,33.78817732523018,1127.1445263228904,1261.2825301345104,0.2786561582095348
787.6667387104311,1192.2883109169193,1210.773445902772,330.70269228880187,33.57777104147983,1125.6369621834012,1258.9396596504373,0.2773680570888745
789.0776283650853,1189.3257035806132,1214.6075406096465,332.28297443150564,33.73822438282217,1122.355857481798,1256.2955496794284,0.27938770130934387
790.4885180197393,1188.3990978373809,1214.2634255639246,332.1804158394806,33.727811135510755,1121.4499218711107,1255.348273803651,0.279519242688735
791.8994076743935,1187.9877785948574,1215.0828954119177,330.9557300048264,33.603463128939794,1121.2854314708009,1254.690125718914,0.2785851302243852
793.3102973290477,1185.9485263376125,1213.250897020153,332.13945535982845,33.72365222891707,1119.0076057356841,1252.889446939541,0.280062285996109
794.7211869837017,1187.9260312532097,1214.1251516524644,334.3636889177958,33.94948893026144,1120.5368283421446,1255.3152341642747,0.2814684417387982
796.1320766383559,1181.92871399507,1198.9643284959616,334.4079936397355,33.95398739321331,1114.5305817056196,1249.3268462845203,0.2829341479566849
797.5429662930101,1179.6333937803342,1199.7404029490042,332.17855050840296,33.727621739835115,1112.684593761509,1246.5821937991595,0.28159473295672033
798.9538559476641,1180.1606284807153,1209.3421592868083,330.3204848856214,33.53896375936933,1113.5863115933598,1246.7349453680708,0.27989451343658267
800.3647456023183,1179.720129173834,1201.4559544488689,330.30133448653305,33.53701933094182,1113.1496719464021,1246.290586401266,0.27998279110304347
801.7756352569725,1175.313701096672,1183.4086963158838,330.9846399321505,33.60639848732408,1108.605527332274,1242.02187486107,0.28161387008703503
803.1865249116265,1169.9507820696028,1189.8879819087763,326.3893333079396,33.13981579147351,1104.1687676365,1235.7327965027057,0.2789769777584729
804.5974145662807,1165.7533646377597,1194.04987355983,327.22894348938416,33.2250652892672,1099.8021312889705,1231.7045979865488,0.2807016933560948
806.0083042209349,1163.2823942687623,1187.9051720733205,327.8240835373424,33.28549260580838,1097.211213644651,1229.3535748928737,0.28180954611920533
807.4191938755889,1163.5119447593413,1185.1225956341561,329.842779201682,33.490460095944286,1097.0339068829362,1229.9899826357464,0.2834889497158588
808.8300835302431,1161.1880738127804,1185.9546410630928,328.5110931065483,33.35524785895871,1094.9784301055188,1227.397717520042,0.28290946188232596
810.2409731848973,1154.7006446901753,1165.4488889005315,321.50904958630963,32.64429805532141,1089.9022251894198,1219.4990641909308,0.27843497885339424
811.6518628395513,1158.9654280391505,1179.075230308981,319.14350205687555,32.40411309407619,1094.6437719183325,1223.2870841599686,0.27536930294532885
813.0627524942055,1155.8291556363547,1178.700426013134,323.0137806182696,32.79708034360722,1090.727465690272,1220.9308455824373,0.279464987574596
814.4736421488597,1155.7659522349588,1186.4357807439283,324.7437046984223,32.97272752168275,1090.3156053960315,1221.2162990738861,0.28097704736019447
815.8845318035137,1150.2828897471202,1175.4553670690655,323.3018355786224,32.82632789354141,1085.1231438732675,1215.4426356209729,0.2810628919723369
817.2954214581679,1144.4760499669724,1170.8356521433043,320.38954450347023,32.53062953605055,1079.9032606936844,1209.0488392402603,0.27994429810280097
818.706311112822,1144.3683876816626,1161.376719304053,319.15012276935477,32.40478532557881,1080.0453971918582,1208.691378171467,0.27888757344644083
820.1172007674762,1145.572806742622,1157.2509237311735,322.62600112672783,32.75770730164178,1080.549271667138,1210.596341818106,0.28162854357908373
821.5280904221303,1137.9099603401287,1156.746733819514,318.8934593281619,32.378725101504294,1073.6386989862672,1202.1812216939902,0.2802448967340461
822.9389800767844,1134.3925357580467,1151.7014213555358,319.13552667667574,32.403303316906054,1070.0724870322072,1198.7125844838863,0.2813272448618648
824.3498697314386,1132.3770767443777,1147.9975962281187,317.1956018437486,32.206333792930046,1068.4480094334804,1196.3061440552751,0.28011482072358496
825.7607593860927,1131.4377486104295,1150.6,313.6773718449818,31.849111659199455,1068.217761630719,1194.65773559014,0.2772378526615568
827.1716490407468,1130.4801980165525,1151.2932585840235,311.7794072585141,31.656402552756514,1067.6427355898204,1193.3176604432847,0.27579378020555917
828.582538695401,1126.5598183167215,1145.2102356992027,314.5497076907171,31.93768394476705,1063.164016739723,1189.95561989372,0.279212610441503
829.9934283500551,1115.5832659214136,1129.62528595696,319.14438781301,32.40420302898562,1051.2614312812113,1179.9051005616159,0.28607850042409283
831.4043180047092,1120.7331696421923,1139.8127166307463,314.4137372534164,31.923878238558565,1057.364772175427,1184.1015671089574,0.28054290331551157
832.8152076593634,1120.9358604984377,1137.6520463984718,312.8574112398344,31.76585727359975,1057.8811321680087,1183.9905888288667,0.2791037580872099
834.2260973140175,1115.172341896203,1131.836587626474,310.6603989525782,31.542784473538045,1052.5604095742258,1177.7842742181804,0.2785761332856779
835.6369869686716,1108.041925463329,1128.371872393934,307.3530013788725,31.20696912923461,1046.0965813313655,1169.9872695952927,0.2773839096840604
837.0478766233258,1104.3603312746843,1119.626805200871,307.2239518359341,31.19386613338114,1042.440996383924,1166.2796661654447,0.27819176688583824
838.4587662779799,1103.3550960772495,1125.1861535419325,307.88327644163326,31.260810404378628,1041.3028778588123,1165.4073142956868,0.27904278281420775
839.869655932634,1099.333915776404,1126.1827937445823,305.19374273905277,30.987729631287355,1037.8237586083337,1160.8440729444742,0.27761696274376274
841.2805455872882,1100.1136929849204,1122.8386714675116,304.55535966223,30.922911650393534,1038.7321984920295,1161.4951874778112,0.2768398953710729
842.6914352419423,1095.9089328525,1121.7227256852336,303.38954313184905,30.804540916056368,1034.7624024102126,1157.0554632947872,0.2768382792009623
844.1023248965964,1089.476926648454,1116.7502480131643,303.651086901276,30.831096662386592,1028.2776834663205,1150.6761698305877,0.27871272853422835
845.5132145512506,1088.5282538325464,1104.9053377530622,306.1632817317157,31.086171401102135,1026.8226912957944,1150.2338163692984,0.28126351397288973
846.9241042059047,1090.9966777630295,1103.6436429938476,302.36431779062116,30.70044505419501,1030.0567759734324,1151.9365795526267,0.2771450399011172
848.3349938605588,1087.5114498447197,1104.2641014681305,301.3108619736019,30.59348282180019,1026.7838664083527,1148.2390332810867,0.27706454218631404
849.745883515213,1085.2366577809778,1101.0587580500812,304.0732261655309,30.873958410697945,1023.9523347008812,1146.5209808610743,0.2801907067784462
851.1567731698672,1084.5860699525658,1101.7942762283762,304.51438451351726,30.918751254382407,1023.2128337804868,1145.9593061246449,0.2807655316159787
852.5676628245212,1083.2937438952272,1103.5570875934013,302.4586678837201,30.710024854715815,1022.3348263518886,1144.2526614385656,0.27920281972289596
853.9785524791754,1082.2739227741877,1100.0347422594598,299.82666611525633,30.442785564492354,1021.8454710293674,1142.702374519008,0.2770339927868834
855.3894421338296,1085.813279601821,1107.1777291453284,298.51075808169827,30.309175346938183,1025.650042042706,1145.976517160936,0.27491905255677596
856.8003317884836,1081.964261693063,1104.0877390795742,301.13837242399785,30.575969161528583,1021.2714425975726,1142.6570807885535,0.2783256185863062
858.2112214431378,1075.346282371938,1091.7105841674254,298.8878430837223,30.347462528011636,1015.1070453590595,1135.5855193848165,0.2779456701374858
859.622111097792,1074.1519246706018,1094.8935974030323,296.5712351896161,30.112246633871735,1014.3795875174137,1133.92426182379,0.2760980345313465
861.033000752446,1074.0822823465394,1090.219223704193,296.3409113433208,30.088860790464256,1014.356365725627,1133.8081989674517,0.27590149862253294
862.4438904071002,1073.0448173333737,1088.7288881032107,298.19310816792995,30.276922884758214,1012.9456004056941,1133.144034261053,0.2778943650359082
863.8547800617544,1072.1589647538642,1097.776160895019,300.8637939869383,30.548089945218898,1011.5214854653663,1132.796444042362,0.2806149124127388
865.2656697164084,1072.5065043534169,1092.2361009182478,301.64825159345605,30.627739547467673,1011.7109218540354,1133.3020868527983,0.28125540532298315
866.6765593710626,1067.9253144893232,1088.8601362949196,300.0626900620053,30.46675016541348,1007.4492933876425,1128.401335591004,0.28097722377289447
868.0874490257168,1062.0548813606958,1079.513648088394,297.7221162092658,30.229100896854373,1002.0505903287517,1122.05917239264,0.28032648918088554
869.4983386803708,1063.0283224275122,1077.6066601327848,299.1645857916671,30.375561492735677,1002.7333094104862,1123.3233354445383,0.28142673104748545
870.909228335025,1065.2396748570104,1081.6016779003467,299.08987346636724,30.367975605437536,1004.9597197072602,1125.5196300067605,0.2807723750117688
872.3201179896791,1062.2166046488016,1080.3951722422044,296.4310292830973,30.09801088092044,1002.4725252418847,1121.9606840557185,0.27906834442783507
873.7310076443332,1055.193304061079,1071.2727639111226,297.8616666643717,30.243270098797815,995.1608873855703,1115.2257207365878,0.28228161183169354
875.1418972989874,1056.570786356427,1078.8520138420665,295.72037745916725,30.02585512050318,996.969935001925,1116.1716377109292,0.27988695246719414
876.5527869536415,1056.3998099891232,1075.663341397075,295.5864470702047,30.012256549820385,996.8259515840857,1115.9736683941608,0.2798054716360164
877.9636766082956,1049.9380292421836,1066.266785846054,291.20857877557444,29.567751371379092,991.2465066427463,1108.629551841621,0.2773578731934882
879.3745662629498,1048.2652584413045,1064.1662085922337,290.1671470367504,29.46200999915275,989.7836308068163,1106.7468860757926,0.2768069863044095
880.7854559176039,1050.574535244557,1074.8658521722343,292.15991123760244,29.66434454808782,991.691276704752,1109.457793784362,0.2780953672835714
882.1963455722581,1050.1789424953386,1065.0895066718906,292.1500566234409,29.66334396361804,991.2976701000084,1109.0602148906687,0.27819073950317535
883.6072352269122,1046.8182829855955,1068.8710369362555,288.31322043337445,29.273772272435053,988.7103042854802,1104.9262616857109,0.27541859472599767
885.0181248815663,1040.1436768716144,1056.104854611059,291.19391967004714,29.566262964720952,981.4551087360427,1098.832245007186,0.27995547744505433
886.4290145362205,1039.4727950583078,1056.1305844410492,290.4498970868747,29.49071891706126,980.9341806721702,1098.0114094444455,0.27942039317208134
887.8399041908746,1038.974491517156,1062.7637658916483,287.1748862801691,29.15819195072529,981.0959379423562,1096.8530450919557,0.27640224916477385
889.2507938455287,1034.2756097163199,1058.718907853178,284.32363675969367,28.868691424079906,976.9717101450913,1091.5795092875485,0.27490122950658935
890.6616835001829,1029.5460708990993,1046.4270580752316,284.1952640842233,28.85565715370523,972.2680441500765,1086.824097648122,0.27603938484854446
892.072573154837,1031.7740517097516,1053.4319422076221,286.4823287902076,29.08787339156859,974.0350793716874,1089.5130240478159,0.27765994726798765
893.4834628094911,1033.9866173176902,1045.2494914764375,287.5415952276324,29.195425603077993,976.0341555271093,1091.939079108271,0.27809024837628615
894.8943524641453,1030.5226487707016,1049.3729864167772,288.478406458884,29.290544372188535,972.3813777157042,1088.663919825699,0.27993407694921263
896.3052421187994,1027.01874687159,1043.646971197789,285.90558222700565,29.02931365044848,969.3960147009367,1084.6414790422436,0.2783839955189765
897.7161317734535,1022.2458883676319,1039.4927627916716,284.5493972533557,28.891613929227752,964.8964879833038,1079.59528875196,0.2783570963613627
899.1270214281077,1020.880924669106,1038.4328553916537,284.8455328979155,28.92168194833407,963.471839738573,1078.290009599639,0.2790193508515612
900.5379110827618,1021.6566023845098,1041.5759311332254,285.66770109470053,29.005160480904117,964.0818138764756,1079.231390892544,0.27961224977939003
901.9488007374159,1016.9086318290847,1031.051013057968,285.76385563908246,29.014923495693953,959.3144638898594,1074.5027997683098,0.28101232175115587
903.3596903920701,1011.0506009304307,1024.3409159771372,282.68488092559176,28.702300978905335,954.0769837824622,1068.0242180783991,0.27959518610191003
904.7705800467241,1008.3227883536834,1035.0825683743808,278.7833465249251,28.306160179719956,952.1355044772553,1064.5100722301115,0.27648224333013677
906.1814697013783,1004.7519644747342,1024.3036324113405,277.897462431045,28.216212277972556,948.7432257721298,1060.7607031773387,0.2765831491320594
907.5923593560325,1007.708969065185,1029.5835817658315,277.82575331107614,28.208931319976006,951.7146829499767,1063.7032551803934,0.2757003875521769
909.0032490106865,1010.2180468474421,1031.904419081219,279.14527903735234,28.342908858572972,953.9578174200212,1066.478276274863,0.27632180983944293
910.4141386653407,1008.2115002873753,1021.9309965598832,281.4136133178514,28.573223309867558,951.4941002874158,1064.9289002873347,0.2791216061685854
911.8250283199949,1008.0095804993832,1028.3194574695185,281.1420328270222,28.545648488878705,951.3469160864798,1064.6722449122865,0.278908095980338
913.235917974649,1003.6231180862856,1030.0680187251903,280.56506220564296,28.48706599809749,947.0767389985133,1060.1694971740578,0.2795522115319803
914.6468076293031,999.9956549631486,1014.3502841611597,279.781085720825,28.407465246356,943.6072821187693,1056.384027807528,0.2797823013852349
916.0576972839573,998.5784280438421,1011.1634088746398,279.3272709841421,28.361387341098794,942.2815191185066,1054.8753369691776,0.2797249200859748
917.4685869386115,998.1900523842173,1010.8729530635645,277.91433653487223,28.217925583633658,942.1779127967548,1054.20219197168,0.27841825899893774
918.8794765932655,999.3923407429862,1021.5215412789014,276.16085892967925,28.039886907425622,943.7336051346424,1055.05107635133,0.27632877266636924
920.2903662479197,998.1469269844654,1018.5620376333711,274.2405224205275,27.84490627639229,942.8752248697751,1053.4186290991556,0.2747496535896219
921.7012559025738,987.887001146536,1016.1585175107842,272.2184939648277,27.639600392563704,933.0228279903105,1042.7511743027615,0.27555630719798163
923.1121455572279,988.9148337270999,1009.9080776076568,277.49528534292665,28.175377381559997,932.9871516532374,1044.8425158009625,0.28060584782319486
924.5230352118821,987.3358393357494,995.017364021065,278.51606817874085,28.279022175337815,931.202423972266,1043.4692546992328,0.2820884820367893
925.9339248665362,986.2069542103633,994.3338019057212,278.11940546007116,28.23874717831254,930.153484084122,1042.2604243366045,0.2820091708669363
927.3448145211903,983.3090512566049,1000.8206349856262,275.84110086318566,28.007420394767138,927.7147611665382,1038.9033413466716,0.2805233008998328
928.7557041758445,978.7670030031259,997.9828022230915,274.2457049484072,27.845432482373123,923.494256377819,1034.0397496284327,0.280195086375967
930.1665938304986,975.3540601013931,996.7433200518649,274.485572861966,27.869787378990175,920.0329693883924,1030.6751508143939,0.28142146948507274
931.5774834851527,976.0871565007589,989.2800217395418,274.8721020636962,27.909033473259072,920.6881629063455,1031.4861500951722,0.2816061047756267
932.9883731398069,977.2981025760508,987.0352458894441,277.31442701102895,28.157014000187516,921.4068715261194,1033.1893336259823,0.2837562318805884
934.399262794461,971.7660481163944,983.8569696939055,270.22915872564613,27.437614001936886,917.3028147767059,1026.2292814560828,0.278080469316087
935.8101524491151,966.7058014453385,982.830466498254,268.51886327163277,27.263959808889094,912.5872689544814,1020.8243339361956,0.2777668892336899
937.2210421037693,960.4816645931281,978.554890168123,267.4229791064972,27.152689630438992,906.5840016608357,1014.3793275254205,0.2784259075052525
938.6319317584234,954.5059804102863,973.1875802698181,265.24111625888685,26.93115502292212,901.0480601983761,1007.9639006221964,0.277883137143756
940.0428214130775,951.5346375448223,963.4678535916927,264.7462706220654,26.880911060954144,898.1764508091677,1004.8928242804769,0.27823082857516523
941.4537110677317,951.9419362635755,959.7531988522884,268.71001839029714,27.28336867055725,897.7848774868024,1006.0989950403485,0.2822756390426487
942.8646007223858,948.3934784668255,962.8590428339961,267.0113112865642,27.110891096211198,894.5787849692204,1002.2081719644307,0.2815406446259153
944.27549037704,946.7534179936745,955.4109972270032,265.8354927684657,26.99150481388676,893.1757043934953,1000.3311315938537,0.28078640933963
945.6863800316941,944.6581456274391,957.0329370402077,265.84133167060406,26.992097664576235,891.0792552279422,998.237036026936,0.2814153806867701
947.0972696863482,942.4589439310278,959.3031321745365,262.4251946896545,26.64524150625841,889.5685575641497,995.3493302979058,0.27844734922358555
948.5081593410024,939.0045211001395,957.4451590174702,262.1777955841087,26.62012193295107,886.1639966921889,991.8450455080902,0.27920823562909014
949.9190489956565,936.1216354932637,951.984475355947,263.2655408820617,26.73056573464294,883.0618818716489,989.1813891148786,0.28123005697153997
951.3299386503106,936.4982953933587,942.5601480242694,258.94188711817145,26.291565207789787,884.3099509303013,988.6866398564161,0.2765001157950936
952.7408283049648,937.2416303325108,962.010657116926,256.00808545997734,25.993682781498784,885.6445778123217,988.8386828526999,0.2731505699006902
954.1517179596188,931.1596965700089,952.1315980065917,259.75077626909575,26.373695457530705,878.8083248497136,983.5110682903043,0.2789540582844228
955.562607614273,932.6526872706202,943.9093043195078,259.5134999787295,26.349603700380655,880.3491373103049,984.9562372309355,0.278253098415647
956.9734972689272,929.4644522957442,940.4169848529718,260.8249595776672,26.48276224783156,876.8965847077926,982.0323198836958,0.2806185421437461
958.3843869235812,930.9191265316528,944.5065383858134,260.20095573368457,26.41940425682992,878.4770235618496,983.3612295014559,0.279509732175255
959.7952765782354,932.6110375557071,949.5700147653952,258.7152908714199,26.2685578447725,880.4683623472886,984.7537127641256,0.27740963858790507
961.2061662328896,927.5226002518317,945.8100228319428,258.29273503687836,26.22565380015684,875.4650888988765,979.5801116047869,0.2784759476122191
962.6170558875436,923.1581594319711,933.055436143231,256.78426245196164,26.072491614726403,871.4046726142151,974.911646249727,0.2781584713609244
964.0279455421978,926.1076355852944,942.3942675656278,261.6186556244187,26.563349871566647,873.379802828525,978.8354683420637,0.2824927098879574
965.438835196852,917.5344314519535,919.6267261548733,257.4408763269583,26.13916065272154,865.6486076397124,969.4202552641947,0.28057898156428923
966.849724851506,918.0890719733702,920.950098257155,256.68573843888925,26.06248801684174,866.3554421404742,969.8227018062662,0.2795869663138029
968.2606145061602,916.873749107736,927.2416440829086,255.31224150214797,25.923030532087438,865.4169401942029,968.3305580212691,0.27845953900480563
969.6715041608144,913.4823177055875,923.4534040782696,255.97243602395076,25.990063129682905,861.8924501374662,965.0721852737089,0.28021608197833764
971.0823938154684,912.0850491582337,916.2617003575435,258.28146714600626,26.22450971917823,860.0298087880722,964.1402895283952,0.2831769552459774
972.4932834701226,912.3255342704315,920.0368918471463,257.04820510006823,26.099290930283427,860.5188512317351,964.1322173091279,0.28175053250660637
973.9041731247768,904.3689016689324,920.4052674168742,253.47431864633495,25.73641773974132,853.2825162205372,955.4552871173275,0.28027757055618635
975.315062779431,906.2662906368121,919.2642790387197,255.93808086369407,25.98657489166099,854.6833471664391,957.849234107185,0.28240935750115165
976.725952434085,905.1850220483963,915.8248596856854,254.02166441468893,25.79199228243135,853.988322004641,956.3817220921516,0.2806295489068615
978.1368420887391,903.7784767711302,916.5479734931567,252.96607543892216,25.684813460581143,852.7945250072759,954.7624285349845,0.2798983179403402
979.5477317433933,897.0579857208439,909.6971608160494,252.26282149033005,25.613408840599334,846.2157710074243,947.9002004342635,0.28121127675779023
980.9586213980474,894.7266128521176,907.722983034387,252.41227463628206,25.628583508460288,843.8542766610614,945.5989490431738,0.28211106164783467
982.3695110527015,901.3209422639633,909.9948895049146,253.35942002813178,25.724751552604147,850.2577140140108,952.3841705139157,0.2810978954863031
983.7804007073557,900.8127842783354,909.8800026069007,252.47348356293242,25.634798333354926,849.9281117573644,951.6974567993063,0.2802729801011822
985.1912903620098,893.4325410005797,908.9501295999085,249.83016160049863,25.366409651577865,843.0806158023287,943.7844661988307,0.27962957485375106
986.6021800166639,891.4848191343322,908.5833989992108,248.61516458759175,25.24304539580748,841.377770048389,941.5918682202753,0.2788776199565654
988.0130696713181,892.4451474045716,901.3803729606665,249.11879732512267,25.29418155267626,842.2365938494919,942.6537009596512,0.27914185880175985
989.4239593259722,892.7574003979998,899.3889210331037,250.61945863761056,25.446550623556156,842.246396627661,943.2684041683386,0.28072515391738223
990.8348489806265,891.8798791507438,897.4772052527684,252.31027811489847,25.618227330775905,841.0280998099184,942.7316584915692,0.2828971524227574
992.2457386352805,889.9094001494448,898.6546215121608,252.4992772745687,25.637417287974372,839.0195290446416,940.799271254248,0.28373593675060166
993.6566282899346,888.7777322477755,896.1311774690183,251.46733600056186,25.532639526453778,838.095843355788,939.4596211397629,0.28293613450978905
995.0675179445889,892.6406363193043,892.9421292247473,253.13814467397046,25.70228444437552,841.6220049267113,943.6592677118974,0.2835834874353861
996.4784075992429,890.0561282077172,898.0082879497346,252.53489775064503,25.641033999352803,839.1590779875684,940.953178427866,0.28372918262937863
997.889297253897,882.7011760757221,884.8375342515917,251.72183779968282,25.558480269029484,831.9679937151235,933.4343584363206,0.2851722016716663
999.3001869085513,883.4535571414044,883.2246559177277,250.69240899837456,25.45395761046084,832.9278506182641,933.9792636645448,0.28376410618520953
1000.7110765632053,882.2535275703226,882.8359672096692,248.47056087245824,25.228363113044995,832.1756225853204,932.3314325553248,0.2816317000814181
1002.1219662178594,881.1934852817988,889.4866700339237,247.00115104148364,25.079167149356024,831.4117319440629,930.9752386195346,0.2803029699686155
1003.5328558725137,881.7691862256899,883.9218617195991,247.5708297706792,25.137009260660715,831.8726172044684,931.6657552469113,0.28076602543844525
1004.9437455271677,882.2599174139489,875.7743769845604,249.45642359107032,25.328462306114094,831.9833171011077,932.5365177267901,0.28274708922770597
1006.3546351818218,886.0365949870098,881.3728805746423,250.97944796475275,25.483102001836443,835.4530373042198,936.6201526697998,0.28326081494233585
1007.7655248364761,882.5168176088439,887.0211719223125,246.47815006328176,25.026064445598184,832.8404723049673,932.1931629127205,0.2792900318105074
1009.1764144911301,877.8710227265232,881.5819778257933,246.53278136597558,25.031611413966825,828.1836667774583,927.5583786755881,0.2808302985104637
1010.5873041457842,877.4883317278229,874.9903333342181,248.07777114470832,25.18848135866752,827.4895913995764,927.4870720560695,0.2827134699970648
1011.9981938004385,875.3971554159228,879.9805922900093,247.15892592773594,25.095186761927092,825.5836033985566,925.210707433289,0.28233919244380523
1013.4090834550925,873.0296989839206,876.3430184230643,244.05583637443186,24.78011575412574,823.8415579740584,922.2178399937828,0.2795504398744708
1014.8199731097466,870.9910455766906,870.181215387089,242.2718830285104,24.598982735269878,822.1624507675575,919.8196403858236,0.27815657148128325
1016.2308627644009,866.7979035486612,871.671334609287,243.25622322450488,24.698927339588863,817.7709202679328,915.8248868293897,0.28063776138430485
1017.6417524190549,861.7418090411744,866.4068258645171,241.78107638999032,24.549148871445528,813.0121336699157,910.4714844124331,0.2805725263104159
1019.052642073709,863.3091671829542,860.3311485505052,245.20550508169393,24.89684692543501,813.8893166293765,912.7290177365319,0.2840297710284009
1020.4635317283633,853.4823054312428,857.9745201187098,241.13062560517187,24.483105600448173,804.883724916796,902.0808859456896,0.282525629495429
1021.8744213830173,846.7316407259884,851.3125030680488,236.83966106116088,24.047424160999583,798.9978810336723,894.4654004183045,0.27971041788174394
1023.2853110376714,841.8455594970866,848.0641820116301,234.18956671999945,23.77834784834553,794.6459120639934,889.0452069301798,0.2781859024829957
1024.6962006923256,837.5819443597957,836.4358352930623,236.57419610483834,24.020470278461637,789.9016877014523,885.2622010181391,0.28244901612064166
1026.1070903469797,834.5239113496978,836.9985909808346,239.58816377471052,24.32649233000578,786.2362057200567,882.8116169793389,0.2870956248422148
1027.5179800016338,832.3919082770158,831.4758753310357,237.0862034453999,24.07245674743758,784.6084592933432,880.1753572606883,0.2848252140462889
1028.928869656288,828.7927199700366,827.9070064424835,236.17308981969344,23.97974410561835,781.1933041258558,876.3921358142175,0.2849603816841343
1030.339759310942,834.6251356325434,837.9719803569334,242.2939648428104,24.60122480381675,785.7920903525195,883.4581809125674,0.29030274131293843
1031.7506489655962,828.0005952347453,831.5054514905363,236.996520237736,24.06335079733974,780.2352214191585,875.7659690503322,0.2862274756826056
1033.1615386202504,825.4735834861388,826.1088220647251,236.91492288587156,24.05506584150968,777.7246551778964,873.2225117943811,0.28700485106420104
1034.5724282749045,819.6766613653074,818.0274836029282,233.33559098943547,23.691639750030998,772.6491281470512,866.7041945835635,0.2846678476861551
1035.9833179295586,816.5765560664497,817.9298502465604,232.41915769583574,23.59859004700527,769.7337250488922,863.4193870840072,0.28462629250027405
1037.3942075842128,819.1739391224294,823.5787252231435,234.43000586326096,23.802760744551385,771.9258324733685,866.4220457714903,0.28617854483310695
1038.805097238867,820.6293526654355,822.6441102010551,234.45791586924787,23.805594576306152,773.3756209047999,867.883084426071,0.2857050081229968
1040.215986893521,812.960158396892,812.9104992393897,232.85342038158586,23.64268274226897,766.0298040709829,859.8905127228011,0.2864266077205538
1041.6268765481752,810.184176876568,816.5424707138812,232.55485618071532,23.612368140628963,763.3139965593247,857.0543571938114,0.28703949400402223
1043.0377662028293,803.600286253183,799.4217739331174,232.8701524034716,23.64438162169463,756.6665596782668,850.5340128280991,0.2897835607914447
1044.4486558574833,806.1321947661585,814.6448320679449,230.89223067780662,23.443554097785793,759.597107675525,852.667281856792,0.28641981076662426
1045.8595455121376,803.107115989839,808.6514860800695,227.62126126497543,23.111437472827042,757.2312751893472,848.9829567903308,0.2834257806126267
1047.2704351667917,795.6095232691346,791.9676388598198,224.24985341844004,22.76912287001893,750.4131715848249,840.8058749534442,0.28185918702557056
1048.6813248214457,787.8955626434673,783.4111530989228,224.38176173868814,22.782516130730244,742.6726255467654,833.1184997401692,0.28478617265702727
1050.0922144761,784.2683685869163,779.651118601633,225.72258190954855,22.918655792591935,738.7751963972418,829.7615407765908,0.2878129361716479
1051.503104130754,788.9004100416718,789.7998576405391,224.70622922006217,22.81546081202261,743.6120782694561,834.1887418138874,0.2848347223044194
1052.9139937854081,803.4444623598987,800.3648870118604,230.65672616423163,23.41964223731279,756.9568399371636,849.9320847826338,0.28708484154180425
1054.3248834400624,810.0179001977381,797.5980968508883,232.24644342417406,23.581053569665716,763.2098788125791,856.8259215828971,0.28671766805089005
1055.7357730947165,809.5300332574627,804.690335606534,231.0853530700126,23.46316270581857,762.9560233875131,856.1040431274123,0.2854561826942352
1057.1466627493708,810.7754308129215,807.4494854733554,230.2353814990987,23.376861168318566,764.3727281409705,857.1781334848725,0.28396936161256625
1058.5575524040248,807.277095724165,801.2956986867542,230.12701696579276,23.3658584169857,760.8962333409934,853.6579581073365,0.28506570814988647
1059.9684420586789,802.5261708985639,794.8241883862411,229.99299115675063,23.352250157861715,756.1723206962606,848.8800211008672,0.28658628154049426
1061.3793317133332,799.0837218512587,796.3769357634055,228.95035109782623,23.246386099317355,752.940010144321,845.2274335581964,0.2865160994237385
1062.7902213679872,796.3831595467011,792.6005684212327,227.57273141661662,23.106510013284478,750.517099676097,842.2492194173052,0.2857578399148349
1064.2011110226413,794.2796378734929,791.3714604215244,228.1636237153217,23.166506036234196,748.2944868385794,840.2647889084064,0.2872585583663948
1065.6120006772956,793.0890374342346,798.1377094796112,228.45022787572208,23.195606279751583,747.0461228724773,839.1319519959918,0.28805117344049264
1067.0228903319496,787.1854022560948,796.1724982819726,228.03837825942995,23.153789286900185,741.225493769103,833.1453107430866,0.2896882711567894
1068.4337799866037,792.1955752737687,786.0307868785878,226.38364097917312,22.985776171718946,746.569170184543,837.8219803629943,0.28576736357172783
1069.844669641258,789.8984326246168,786.5300161517769,226.39146456675752,22.986570536684088,744.2704507333978,835.5264145158359,0.2866083223060976
1071.255559295912,788.9582561696237,784.07193236789,227.3688931186567,23.08581336987038,743.133278811498,834.7832335277494,0.28818874932943606
1072.666448950566,790.5738115233789,783.2945166951014,230.84644905926675,23.438905678703986,744.0479514716963,837.0996715750616,0.2919986036654088
1074.0773386052203,792.4942327824546,780.2278503503499,232.90059743671767,23.64747284647001,745.5543701748559,839.4340953900532,0.29388301870538736
1075.4882282598744,792.8615698828056,779.1750367097983,230.47665870654788,23.401359157050333,746.410239087558,839.3129006780532,0.2906896581462702
1076.8991179145285,790.4364435792587,783.362927783281,229.21646342523073,23.27340571242985,744.2390983641891,836.6337887943283,0.2899872156542928
1078.3100075691827,788.7443852201286,782.3674521885515,229.26308556461674,23.27813947347344,742.5376435636529,834.9511268766043,0.2906684216847164
1079.7208972238368,795.4150482707769,785.0638272396751,229.02701063700292,23.254169696229752,749.2558862460808,841.574210295473,0.28793396747384276
1081.1317868784909,794.4550721995071,786.7627824741186,229.2015255597632,23.271889001988075,748.2607376308695,840.6494067681447,0.28850155733187277
1082.5426765331451,791.6324050429455,788.2081815519872,230.3752497527663,23.3910626378171,745.2015126768392,838.0632974090518,0.2910129098874731
1083.9535661877992,791.5518156469763,790.4659285550863,232.0548845099685,23.56160370877214,744.7824019305525,838.3212293634,0.29316449021129215
1085.3644558424533,787.7504598321641,781.07843596494,231.25520835277987,23.480408896817114,741.1422165436488,834.3587031206794,0.2935640410823124
1086.7753454971075,787.2021473099959,784.5065546625746,231.23882328966982,23.478745245717686,740.5972063428128,833.807088277179,0.2937477039155093
1088.1862351517616,791.7290596610598,786.2084171595808,232.79313156671935,23.636561340571454,744.8108562214849,838.6472631006346,0.29403130872369193
1089.5971248064156,781.7816643828857,782.4102146511785,228.61684444556963,23.212523629275825,735.7051691477301,827.8581596180412,0.29243055300616794
1091.00801446107,779.026550871523,773.5875894038932,229.92641264438998,23.345490134141144,732.6861192102507,825.3669825327953,0.2951457975176374
1092.418904115724,781.265806053815,777.5972905124257,227.87650188317795,23.13735323111487,735.3385228797005,827.1930892279296,0.2916760212944497
1093.829793770378,777.3368950261677,773.8867783222174,223.54348681078972,22.69740220739331,732.2829077319825,822.3908823203528,0.2875760667493655
1095.2406834250323,788.8880493134375,775.9729509594475,246.73018445098762,25.051654660502077,739.1609078344479,838.615190792427,0.3127569046909949
1096.6515730796864,779.2617450461503,769.7030464683534,233.63445054495503,23.721984340392027,732.1739782920877,826.3495118002129,0.29981511607645833
1098.0624627343404,767.3713731601573,761.3092501327926,224.55064186228313,22.79966330931619,722.1143991829753,812.6283471373393,0.29262316749913136
1099.4733523889947,764.0126938983913,750.3117363997336,223.6917304559753,22.71245406905777,718.9288288949427,809.0965589018398,0.2927853584664718
1100.8842420436488,761.4810858441487,753.8278081610728,220.6902452089178,22.407699415527272,717.0021540468242,805.9600176414731,0.28981710683498996
1102.2951316983028,758.2753473938984,748.846913721225,222.3657445923994,22.577820602897454,713.4587277085852,803.0919670792116,0.2932519768137575
1103.7060213529571,755.2711546868665,744.4552732389842,226.31323983629733,22.97862801867495,709.6589385692896,800.8833708044433,0.2996450194501685
1105.1169110076112,752.4555992345978,739.8466085194332,220.64812044629758,22.403422293908914,707.9851574565844,796.9260410126112,0.2932373958951759
1106.5278006622652,752.660003418361,741.5183316699079,216.96006083912118,22.02895657601584,708.9328702155716,796.3871366211505,0.28825772573771985
1107.9386903169195,742.996633305336,734.3087084682488,217.14907878878802,22.048148441049403,699.2314045515459,786.7618620591261,0.292261188079368
1109.3495799715736,739.7882048134352,731.9556561945634,216.94613503818786,22.027542625158432,696.0638782809149,783.5125313459555,0.2932543850072587
1110.7604696262276,744.7156465414264,740.3414919091027,216.12710398030552,21.944382620783816,701.1563913129366,788.2749017699161,0.29021426498024167
1112.171359280882,747.6695866864488,739.6302185571161,217.08602935260623,22.0417467407253,703.9170652073692,791.4221081655285,0.290350220496057
1113.582248935536,746.2515237157444,728.555103273915,217.80507240916197,22.114754501729283,702.3540829764518,790.148964455037,0.29186549774084797
1114.99313859019,745.8774162304818,734.5839168872328,217.2374806378389,22.057124288891856,702.0943705595417,789.6604619014219,0.29125091591553276
1116.4040282448443,744.1466140817726,731.6896542483299,222.0695463388991,22.547746226816372,699.3896915611593,788.9035366023858,0.29842176546475074
1117.8149178994984,742.3165144709117,726.2555199240387,220.0359154258072,22.34126229192587,697.9694593216393,786.663569620184,0.2964179176084186
1119.2258075541527,740.1724634698763,729.5508388855029,213.5462784244396,21.682339487681087,697.1333597495399,783.2115671902128,0.2885088124237285
1120.6366972088067,738.7358323432826,722.9542044509722,215.87843586125,21.919134198676417,695.2266948365669,782.2449698499983,0.29222683726668564
1122.0475868634608,741.5970597240018,726.908079688168,220.48335802009512,22.38669320414864,697.1598249267088,786.0342945212949,0.2973088352078308
1123.458476518115,739.5400670461826,723.0413185785955,221.49744086581475,22.48965771700156,694.898449306232,784.1816847861331,0.29950701893746445
1124.869366172769,737.6269191160142,719.6397661387613,220.02378391320647,22.340030523446227,693.2823090078493,781.971529224179,0.298286000973076
1126.2802558274232,734.7073474108488,718.1856235954532,218.49567237679685,22.18487430460723,690.6707199629159,778.7439748587817,0.29739143503435517
1127.6911454820774,730.8293365571581,714.3509812164116,217.20215351735987,22.053537363261498,687.0534108773209,774.6052622369953,0.29719955487907884
1129.1020351367315,730.0037418892343,710.9019350978341,216.15524590415976,21.947240000230305,686.4388148073712,773.5686689710975,0.2961015588012666
1130.5129247913856,723.9166583990826,709.3089262713274,216.50209749689165,21.982457443685387,680.2818252444689,767.5514915536963,0.29907047307859824
1131.9238144460398,720.639251733853,712.1669540354778,215.3558979669375,21.866078513963696,677.2354289289297,764.0430745387764,0.2988400887806107
1133.334704100694,724.9730075645258,714.7713844378629,210.3071681286147,21.35345766595002,682.5867291006732,767.3592860283784,0.29008965290324473
1134.745593755348,719.861971060499,705.8751919755244,212.00926365191225,21.52627928217715,677.1326443997422,762.5912977212557,0.2945137709380323
1136.1564834100022,715.9329723810594,705.2344593249965,210.43826114173515,21.366768144764787,673.5202728255805,758.3456719365382,0.29393570244691597
1137.5673730646563,709.3541778154856,693.679104175602,210.20323354111528,21.342904707465795,666.9888468086646,751.7195088223067,0.2963304370581892
1138.9782627193104,705.7357773292986,691.3938263843073,211.25871216649827,21.450072324932105,663.1577202831027,748.3138343754945,0.29934533426371024
1140.3891523739646,707.2976924909128,694.0575603855098,210.9301075853171,21.416707584797344,664.7858639304427,749.809521051383,0.2982197027145357
1141.8000420286187,708.5213445261296,695.7214155268512,209.5562722228962,21.27721573812144,666.2864050928977,750.7562839593616,0.29576564466530053
1143.2109316832727,705.6339027484076,693.0319360397244,210.1293477956116,21.335402746630276,663.2834630161508,747.9843424806645,0.29778805550182413
1144.621821337927,704.678075066318,683.7458626442173,212.09812424842005,21.535301708766717,661.9308390303289,747.4253111023071,0.300985842689173
1146.032710992581,707.2960756430243,688.0962957472354,211.71371557760548,21.496270921791147,664.6263151068484,749.9658361792002,0.29932827689610764
1147.4436006472351,697.6857844081115,686.6929229736348,206.64845692260835,20.98197182671503,656.0368995070965,739.3346693091266,0.296191296341118
1148.8544903018894,702.0154400026298,683.8883609386677,207.91268989157805,21.110335236402914,660.1117557472096,743.91912425805,0.2961654089699212
1150.2653799565435,698.6573813269055,688.3917080899282,206.58191391896418,20.97521540835837,657.0219078103304,740.2928548434805,0.2956841499715057
1151.6762696111975,702.214329121677,683.6964827303826,207.38141863166123,21.05639281276269,660.4177197309085,744.0109385124455,0.2953249599606604
1153.0871592658518,703.3988686805942,690.6425643976156,207.6262452648018,21.081251191070876,661.552915798874,745.2448215623144,0.29517568837473157
1154.4980489205059,700.7465953800622,692.8286143639028,206.98011901877513,21.01564701046134,659.0308657676227,742.4623249925017,0.295370852150221
1155.90893857516,700.4568378708063,691.3254217021993,207.39088028743453,21.057353498353212,658.6583215342124,742.2553542074003,0.2960794571123683
1157.3198282298142,702.1529512605493,686.7949177305236,209.71591594981894,21.293425102713304,659.8858364929026,744.4200660281961,0.29867554579571826
1158.7307178844683,700.3375729073535,678.7255323574275,211.99951376178763,21.525289330822297,657.6102112845053,743.0649345302018,0.3027104670133594
1160.1416075391223,699.5709358578986,686.1551695384358,206.8835225870033,21.00583912880483,657.8746747366766,741.2671969791205,0.2957291562338817
1161.5524971937766,695.8307673989844,678.2449694379203,208.8763717123482,21.208182300515713,653.732858256371,737.928676541598,0.30018271898658366
1162.9633868484307,701.8458623510945,686.3070056634498,210.33964565508637,21.356755259145626,659.4530382164829,744.2386864857061,0.2996949286706276
1164.3742765030847,705.7215254998318,690.4611474508868,211.90330678838905,21.51552099267236,663.013553874961,748.4294971247027,0.30026476326948814
1165.785166157739,704.3717380100888,683.7174957853027,212.98526152753163,21.62537685219602,661.4457042275337,747.297771792644,0.30237621703737494
1167.196055812393,703.9246771217614,682.1612277559996,211.5308025742323,21.477698920138344,661.2917817175002,746.5575725260227,0.3005020415524412
1168.6069454670471,702.0229717370503,686.4446699814789,213.47023670044953,21.67461862039674,658.9991938171447,745.0467496569559,0.3040787058182007
1170.0178351217014,703.7834348987809,681.9069411616687,216.3942926353589,21.971511518411383,660.1703292341113,747.3965405634506,0.30747284165118355
1171.4287247763555,709.73934442916,681.8725949991049,216.30020643283834,21.961958511919256,666.1452013325052,753.3334875258149,0.3047600617474681
1172.8396144310095,710.9290514035473,689.052083016184,216.6550099118923,21.99798334710261,667.2633995742281,754.5947032328666,0.30474913000694304
1174.2505040856638,711.5919728294812,695.8533982382456,219.29109375560083,22.265637109270624,667.3950324813361,755.7889131776262,0.3081697126003831
1175.6613937403179,719.6659908539882,696.3459870728494,222.82805630199027,22.6247612450404,674.756194730448,764.5757869775284,0.30962704801094243
1177.072283394972,723.3841811909042,701.0047933316275,228.16260466862315,23.16640256771845,677.3992355393711,769.3691268424373,0.31541000010948544
1178.4831730496262,726.731563918661,703.0121863850117,225.74340385511255,22.920769940849837,681.2341951778623,772.2289326594597,0.31062831871216035
1179.8940627042803,725.566370526189,702.8278072176212,228.9159761034734,23.242895847448093,679.4295869144551,771.7031541379229,0.3154997053370334
1181.3049523589345,727.7663623201976,702.7326527183395,228.88633387731642,23.23988613538264,681.6355529396958,773.8971717006993,0.31450523921935897
1182.7158420135886,727.6484386994242,702.7121456533221,229.02183847350688,23.253644542592635,681.490319096459,773.8065583023895,0.3147424309503821
1184.1267316682427,725.9201877917371,698.0534237990349,228.90122670981515,23.241398273419197,679.7863768409559,772.0539987425184,0.3153256109409727
1185.537621322897,723.6164026606792,693.6107129136857,229.23505932475894,23.275293839957165,677.4153095420897,769.8174957792687,0.31679085559956915
1186.948510977551,719.9640958532376,690.4936744336571,229.38961926611046,23.290987024330622,673.7318520098688,766.1963396966064,0.31861258163750267
1188.359400632205,717.9984860322585,689.8715794397326,224.509340271504,22.79546976813504,672.7498361685308,763.2471358959862,0.3126877627725487
1189.7702902868593,717.590412159504,689.6354720254449,218.51847563329503,22.18718962451103,673.5491888378858,761.6316354811222,0.30451699455639236
1191.1811799415134,695.3621009448908,673.8615450037015,222.7320344915393,22.61501170733934,650.4716575007319,740.2525443890497,0.32031086277046233
1192.5920695961674,696.1844785299597,674.5917109144726,219.41226878235958,22.27794056914357,651.9631160069894,740.4058410529301,0.3151639767172967
1194.0029592508217,692.8809060925892,667.9202089698326,216.83756857765644,22.016519371222163,649.1784605461944,736.5833516389839,0.3129507057720546
1195.4138489054758,684.8027336120397,664.4651799500168,212.05385017003553,21.53080635719646,642.0644207783923,727.541046445687,0.30965683949820516
1196.8247385601298,681.173796707647,654.0436178922396,209.6688628827208,21.28864758758972,638.9161652325688,723.4314281827253,0.307805238393086
1198.2356282147841,675.6931073482889,653.6989785982481,211.19226378237994,21.44332551373272,633.1284426164766,718.2577720801012,0.312556486792043
1199.6465178694382,673.0499614552425,652.6122628199141,211.45525797603295,21.47002852833052,630.4322916583831,715.667631252102,0.314174682543377
1201.0574075240922,671.5283962582645,648.5176268054248,208.84220106327572,21.204712796766124,629.4373740261627,713.6194184903662,0.3109953387331616
1202.4682971787465,666.0436499339702,651.5353471836087,206.2043433733443,20.936878927802113,624.4842737298586,707.6030261380818,0.3095958401431901
1203.8791868334006,660.8571398500817,641.3672796971349,204.42186763584246,20.75589593735049,619.6570120426705,702.0572676574928,0.30932837872072694
1205.2900764880546,661.4291607341073,637.3799195330454,202.29327085861559,20.539769679863184,620.6580401571184,702.2002813110962,0.305842685608379
1206.700966142709,655.6330141977787,641.6534208738938,201.99147752025718,20.509127208986676,614.9227184447462,696.3433099508112,0.3080861902102512
1208.111855797363,647.8620789417055,625.1023744470143,198.55084342350028,20.159783745409666,607.8452244832092,687.8789334002017,0.306470852172482
1209.522745452017,653.3130471086268,635.1879246226703,200.97570412171106,20.405991046500823,612.8074750200803,693.8186191971733,0.3076254255309472
1210.9336351066713,645.0037121153372,627.9968706082045,200.5235251081703,20.36007922376557,604.5892742746339,685.4181499560405,0.3108873969896059
1212.3445247613254,645.2818591503747,632.8773483371707,197.6713749946755,20.07048725575333,605.4422568229211,685.1214614778282,0.3063333831435213
1213.7554144159794,640.7509506808292,617.910246623683,197.33783505419024,20.036621405804272,600.9785715342211,680.5233298274372,0.3079789969012284
1215.1663040706337,641.8344751380118,619.6370637106608,198.94332224391655,20.19963393193025,601.7385186844607,681.930431591563,0.30996048038887025
1216.5771937252878,639.7087837277836,614.7552240912247,199.30570830888408,20.236428662066515,599.539790312165,679.8777771434022,0.3115569355597515
1217.9880833799418,636.5571828779617,609.5184781780722,197.8918231809348,20.09287037780624,596.6731504043901,676.4412153515334,0.31087831306252633
1219.398973034596,637.6725099096412,614.1231522759821,196.8275338162453,19.984808165303242,598.0029792325573,677.3420405867251,0.30866554658932366
1220.8098626892502,637.6809820119023,615.8920228658031,196.576245547916,19.959293707344116,598.0620971335844,677.2998668902202,0.308267379917325
1222.2207523439042,633.9332540712122,605.4159964132953,196.61047164353116,19.962768840837153,594.3074711074303,673.5590370349942,0.310143805173289
1223.6316419985585,634.2545652421528,611.1611575655102,199.31833885636246,20.237711099861084,594.0830262076314,674.4261042766742,0.3142560570774362
1225.0425316532126,631.0188299093531,606.951999903659,198.9137602928479,20.19663237056511,590.9288315080219,671.1088283106844,0.3152263464489993
1226.4534213078666,632.5402149647284,610.9422444493689,194.85469696030117,19.784496931691525,593.2682989437872,671.8121309856697,0.30805108094378886
1227.864310962521,632.0992755656083,608.7812118158716,194.6901540349365,19.76779012886464,592.8605222861743,671.3380288450423,0.30800565917549255
1229.275200617175,631.7922584079116,611.6245327837175,195.94627579544743,19.895329970112204,592.3003405445061,671.2841762713172,0.31014352136764595
1230.686090271829,628.7094016455566,601.8364195816865,196.39851849736198,19.941248259422064,589.1263366982586,668.2924665928546,0.31238361949625226
1232.0969799264833,625.1158660947564,596.5656055680832,192.87288979967477,19.58327490163389,586.2433726466139,663.9883595428988,0.3085394248662994
1233.5078695811374,622.1241957644501,595.4981236841393,193.05644334668077,19.60191194063881,583.2147080862695,661.0336834426306,0.3103181722573224
1234.9187592357914,622.5579327281894,596.8942678090144,195.26430847400664,19.82608667965507,583.20346171002,661.9124037463588,0.31364841440267954
1236.3296488904457,623.7345745839265,600.6142478314287,195.70880079674106,19.87121803718704,584.290518529098,663.178630638755,0.3137693640396513
1237.7405385450998,625.8425275216243,602.6531289056813,194.87967487898692,19.787033055086585,586.5655773355318,665.1194777077169,0.31138771545411376
1239.1514281997538,628.4785570848352,594.2458511547965,194.85064179934653,19.784085192479097,589.2074583597711,667.7496558098993,0.3100354651766498
1240.562317854408,624.7639960506875,605.1291717260615,196.30705962224943,19.93196201761077,585.199364147698,664.328627953677,0.31420994305555805
1241.9732075090621,629.1576272241003,601.5210304288776,197.10820427918392,20.01330593312434,589.4315289249779,668.8837255232228,0.3132890642188396
1243.3840971637164,621.8353320023899,598.3581863845459,194.6097695132774,19.75962831728437,582.6127797908964,661.0578842138834,0.31296029591404667
1244.7949868183705,623.635820104605,591.3649966677534,196.61631714583186,19.96336236167158,584.0088590112781,663.262781197932,0.3152742527086603
1246.2058764730245,630.0951988698283,602.4390148461055,200.19043127456263,20.32625866910725,589.7478942995291,670.4425034401276,0.3177145796915048
1247.6167661276788,624.1381784961675,596.8314450087802,195.6436406250293,19.864602024140343,584.7072551234417,663.5691018688933,0.3134620623536021
1249.0276557823329,622.4678264452433,598.8553194369185,194.1945073771739,19.717464835542582,583.3289680835268,661.6066848069598,0.3119751722529496
1250.438545436987,622.0365501069787,595.9070562805099,198.07444413258068,20.11141272609891,582.1157113629471,661.9573888510103,0.3184289477821128
1251.8494350916412,624.055318140508,597.96000994281,199.69778867623558,20.276238391807965,583.8073030359062,664.3033332451098,0.3200001392044431
1253.2603247462953,622.1733665260953,600.5197707349629,197.06404854688031,20.00882259777803,582.4561675772985,661.890565474892,0.3167349474426836
1254.6712144009493,620.098960676614,597.9079348714081,196.70304230247032,19.97216796719293,580.4545205944736,659.7434007587543,0.3172123399269046
1256.0821040556036,621.2001918589725,587.5235792661474,198.1971730849879,20.12387396321666,581.2546177547599,661.1457659631851,0.31905523482192266
1257.4929937102577,621.3883485178446,593.5010301695273,198.2531391241553,20.129556453541294,581.4314947594872,661.345202276202,0.31904869088233634
1258.9038833649117,621.8743136247796,596.3258725471786,200.89774884730102,20.398075887608403,581.3844530024578,662.3641742471013,0.3230520129964987
1260.314773019566,620.9981528180814,596.5026218629822,200.70462444737566,20.37846707572261,580.5472153797207,661.4490902564421,0.323196813930252
1261.72566267422,616.8269491079334,591.7476132700357,203.52439428716687,20.664771325061754,575.8077022263097,657.846195989557,0.32995379754647175
1263.1365523288741,609.9515195249423,585.0582067173402,195.69427254225113,19.8697429164388,570.5103915616568,649.3926474882279,0.32083578166124843
1264.5474419835284,621.0410223605005,590.8377892123995,199.25451061443565,20.231230323794325,580.8823475647981,661.1996971562029,0.32083953143239036
1265.9583316381825,610.7694908215341,588.2587377885225,196.61689604391464,19.96342113986642,571.1424130544126,650.3965685886556,0.32191669524856115
1267.3692212928365,608.4158670934941,576.3352339262822,197.5464490629647,20.057802949184506,568.6014429155822,648.2302912714059,0.3246898375722475
1268.7801109474908,609.7310458029606,580.8197108761464,198.0502753515971,20.108958758190145,569.8150781467289,649.6470134591923,0.3248157965956659
1270.1910006021449,605.2119165057654,575.7268536030012,195.77054677834937,19.877487391750883,565.7554158804843,644.6684171310466,0.32347437556855246
1271.601890256799,605.4968309886884,572.5153441689597,195.10133719956715,19.809539453802163,566.1752059542364,644.8184560231405,0.3222169418805958
1273.0127799114532,605.0865923509399,574.4434583412708,194.0962623739819,19.707489566819127,565.9675347411427,644.2056499607371,0.32077435664184967
1274.4236695661073,602.8063855031755,570.218886600912,194.4381999293201,19.74220806537191,563.6184122184311,641.99435878792,0.3225549771955689
1275.8345592207613,600.8331138141102,570.1228684253776,195.255198671437,19.82516171934465,561.4804788276458,640.1857488005746,0.32497409710318725
1277.2454488754156,595.9466497032557,570.7994106356803,193.01938048770242,19.598148777465557,557.0446318449358,634.8486675615757,0.32388701334895337
1278.6563385300697,592.7982716400188,569.1757470997798,192.4810965995378,19.543494329305442,554.0047420038521,631.5918012761855,0.3246991528282043
1280.0672281847237,595.1386720102455,563.8440575056392,194.74340517242925,19.773196962688864,555.8891862504953,634.3881577699957,0.32722357717845746
1281.478117839378,592.4011398866472,563.5762513339195,194.84849071156924,19.783866782606545,553.1304747017537,631.6718050715408,0.3289130921470753
1282.889007494032,588.3764712908851,556.1412532416206,195.81201719443695,19.881698074544985,548.9116125263168,627.8413300554533,0.3328005566994031
1284.2998971486861,589.0342553508258,559.2234493715905,195.40959574572437,19.8408383670732,549.6505024645628,628.4180082370888,0.3317457244134968
1285.7107868033404,593.8626072185256,563.1523234907445,195.04815012356474,19.80413912443679,554.551701753141,633.1735126839102,0.3284398575574775
1287.1216764579945,593.8897493120668,567.0841945524527,198.16260022808189,20.120363621448938,553.9511431811912,633.8283554429423,0.33366900246657544
1288.5325661126485,589.001678722555,554.4756004527653,200.69090132106996,20.377073703355794,548.5535071064825,629.4498503386275,0.34073061006606054
1289.9434557673028,595.9452765937622,560.1619416843339,200.8667696098179,20.39493042261068,555.4616596701132,636.4288935174111,0.33705572893858626
1291.3543454219569,597.4737614398986,565.8475693096763,200.6123931841245,20.36910240977786,557.0414127165209,637.9061101632763,0.33576770417608476
1292.765235076611,596.3102189144746,564.5493140533255,201.19176366112012,20.427928568978775,555.7611011879754,636.8593366409738,0.337394458923361
1294.1761247312652,594.2012369512693,563.1217038449277,200.61679608476416,20.369549456605856,553.7680008469515,634.634473055587,0.33762433264880065
1295.5870143859192,594.9670719993251,560.6221688141062,201.7635093653704,20.48598054980299,554.3027220016365,635.6314219970136,0.3391171022076315
1296.9979040405733,599.1933116441218,563.2814361953423,204.144270790644,20.72771024812795,558.0491319876271,640.3374913006164,0.3406985138577301
1298.4087936952276,600.4368273298701,573.1883197889246,204.51064128526068,20.764909535800662,559.2188076709449,641.6548469887953,0.3406030942417626
1299.8196833498816,601.2385531993812,573.5999999999999,205.91891452398065,20.907898019040125,559.7367036444961,642.7404027542663,0.34249120158416446
1301.2305730045357,606.3735596926532,576.8168570093326,207.5645964421547,21.074991701504903,564.5400317995196,648.2070875857868,0.3423048269904133
1302.64146265919,611.80889989581,575.6275456534146,212.93000257263947,21.619766155402115,568.8940032583675,654.7237965332524,0.34803351603564625
1304.052352313844,617.5532335710718,576.8412027515359,220.75749496132732,22.414527593348794,573.0607479478954,662.0457191942482,0.3574711991786878
1305.4632419684983,617.2498154678203,588.7570265017886,224.61462554370362,22.80615986787233,571.9799459238254,662.5196850118152,0.36389581643449465
1306.8741316231524,634.7954993755926,593.9310014809752,229.45491712703162,23.297617017598395,588.5500950996018,681.0409036515834,0.3614627346172612
1308.2850212778064,641.8868403231286,601.2992192662662,232.59671888490115,23.616618654244682,595.0082228030421,688.765457843215,0.3623640558946667
1309.6959109324607,643.1059642511232,604.8566950264754,235.1026916395673,23.871061636882644,595.7222814023212,690.4896470999252,0.3655738007551167
1311.1068005871148,649.4324425281461,607.4589276175119,234.2510003824581,23.784585491704277,602.2204134708448,696.6444715854474,0.360701106139005
1312.5176902417688,643.5695844802221,605.3548126503861,233.317592303965,23.689812260404008,596.545678800205,690.5934901602393,0.36253669833139107
1313.9285798964231,635.841995459391,601.7181240380017,227.10024717330361,23.058536506831086,590.0711622464661,681.6128286723159,0.3571645924538618
1315.3394695510772,630.6926877696379,599.0026656342271,222.91778281217913,22.63387159184351,585.764807750621,675.6205677886549,0.35344913162145364
1316.7503592057312,621.9075055842126,588.833884788974,221.8029098990451,22.52067339814731,577.2043222037762,666.610688964649,0.35664935365378175
1318.1612488603855,613.6774360774572,583.4829713543384,218.4773970202943,22.1830187232931,569.6444919293215,657.7103802255929,0.3560134105903781
1319.5721385150396,606.7621374672481,572.5774183690121,214.50629223643398,21.779814121929466,563.5295481271563,649.9947268073398,0.35352616617086235
1320.9830281696936,598.1415577248101,565.5742565797071,213.54405603901074,21.682113838628823,555.1029019143024,641.1802135353179,0.35701257215981136
1322.393917824348,595.0707800030483,562.2508894956503,212.414508829946,21.567425695922694,552.2597783565308,637.8817816495658,0.3569567116517767
1323.804807479002,594.1513169574869,555.1693262817622,209.04762799678397,21.2255707416814,552.0188920319575,636.2837418830162,0.35184240450272686
1325.215697133656,590.621102825851,560.9871974915807,205.33822613516995,20.84893804616847,549.2362878921244,632.0059177595776,0.34766489912521026
1326.6265867883103,586.277361212622,557.5163536449978,204.35121516375207,20.748722265691075,545.091473030911,627.4632493943332,0.3485572336292909
1328.0374764429644,582.3725063658304,544.1013506011552,204.22623244062189,20.736032192827256,541.2118077796662,623.5332049519947,0.35067972853844265
1329.4483660976184,582.1294596596716,557.6600627545303,204.76950142870652,20.79119280119603,540.8592681312808,623.3996511880624,0.35175938621697694
1330.8592557522727,577.17205905021,542.1554833363294,201.90327120002354,20.5001712140877,536.4795408065461,617.8645772938739,0.3498147008922678
1332.2701454069268,580.1678231159912,554.5725595151923,205.02771641244306,20.817410560547724,538.8455897466038,621.4900564853785,0.35339380821099503
1333.6810350615808,578.0423009238813,542.6907163444447,202.57418821229987,20.568292515641467,537.2145629653521,618.8700388824104,0.35044872648338515
1335.091924716235,571.9306078098351,538.6783992846767,205.72595257998506,20.88830570205486,530.4676486967924,613.3935669228779,0.35970439380364166
1336.5028143708892,573.8533776396993,544.2846841439218,201.65371719194178,20.474832843577744,533.2111556639774,614.4955996154212,0.3514028583770966
1337.9137040255432,570.5197391174192,542.37964338376,201.60178148429986,20.469559571418973,529.887984504203,611.1514937306355,0.35336512948031057
1339.3245936801975,569.7713545045303,536.9819904425837,204.22702418100354,20.736112581883283,528.610496347351,610.9322126617096,0.358436805512271
1340.7354833348516,573.8833268211417,536.192561311341,205.27058885148176,20.842070520507185,532.5121438181119,615.2545098241716,0.35768697095369184
1342.1463729895056,575.9048338283408,540.9886389649515,207.6321481852017,21.081850541829986,534.0576912447666,617.7519764119149,0.3605320462496593
1343.55726264416,578.6179556023469,544.2918098252696,211.45293622624533,21.46979279035619,536.0007537416681,621.2351574630258,0.3654448227520364
1344.968152298814,581.2103333667251,545.1468308688967,212.58117562416203,21.58434814495893,538.365740924358,624.0549258090922,0.36575601537013647
1346.379041953468,582.7402826738735,548.6406987541396,213.18407271012143,21.64556306937884,539.7741795669012,625.7063857808457,0.3658303347967252
1347.7899316081223,590.8267864699386,551.0914979967054,217.85687616948488,22.12001437666762,546.9189049614129,634.7346679784644,0.36873222602369177
1349.2008212627763,593.2860066915981,556.8111457760765,220.48967156681513,22.387334247693694,548.847499432925,637.7245139502712,0.37164144962116064
1350.6117109174304,595.5506612853621,551.0675951833225,221.2165197886663,22.461134503162768,550.965661677396,640.1356608933282,0.3714487014609642
1352.0226005720847,597.9076684398956,556.0504538628753,227.11742679847444,23.060280833484647,552.1333727659292,643.681964113862,0.3798536777276763
1353.4334902267387,601.1493048944768,552.5072349951831,229.5649173749425,23.3087858505864,554.8817306602266,647.416879128727,0.3818767076762059
1354.8443798813928,610.0535842889655,567.1692927267487,234.8901342553596,23.84947970439003,562.7127412375738,657.3944273403571,0.3850319714605573
1356.255269536047,614.2143478928423,573.0730069236666,237.95668220347096,24.160840474321354,566.2554585979108,662.1732371877738,0.38741635232035576
1357.6661591907011,625.9577878353264,578.3133520594015,249.5854583321837,25.341563799069938,575.6551812645101,676.2603944061426,0.3987257019283915
1359.0770488453552,636.4229731557716,588.3910923738973,256.741189167376,26.06811818529403,584.6781675268265,688.1677787847167,0.40341282448415905
1360.4879385000095,646.7640889970904,586.1508845395766,262.3313539530197,26.635713423050863,593.8926157258983,699.6355622682826,0.40560593640844494
1361.8988281546635,643.4188942664429,591.7634834454709,259.37043336602625,26.335077486723964,591.1441786123421,695.6936099205436,0.4031128642277945
1363.3097178093176,636.0476968623939,589.1793756109264,255.304867643533,25.92228183018074,584.5923741103995,687.5030196143882,0.4013926453989929
1364.7206074639719,621.6327563248674,574.5711628676074,242.8739897754544,24.660117412920943,572.6828101397065,670.5827025100283,0.3907033329635667
1366.131497118626,604.1980578950565,556.6950145468888,229.98437606069157,23.35137542738713,557.8459440190221,650.550171771091,0.38064401739708614
1367.5423867732802,582.5145225935134,531.2879829094849,220.054546187935,22.343153959213865,538.1637125143518,626.8653326726751,0.37776662667257144
1368.9532764279343,566.8633213859741,525.5324942971712,211.0703667596443,21.430948746275135,524.3232243433927,609.4034184285556,0.37234789903777815
1370.3641660825883,556.8405700186566,521.6337618680382,203.4311235646935,20.655301118023498,515.8401213494309,597.8410186878824,0.3653310022972602
1371.7750557372426,549.4427155831087,507.88182389813505,199.37035957666674,20.24299300374793,509.2606920522369,589.6247391139805,0.3628592279453198
1373.1859453918967,544.2101071592733,501.906874598485,196.5565301916089,19.957291916202053,504.59519580496743,583.8250185135792,0.36117765474370905
1374.5968350465507,537.5570193177502,499.32133435380194,191.36791057986514,19.43046741368994,498.98784633586104,576.1261922996395,0.3559955571275825
1376.007724701205,533.8261834570079,496.7495224039998,188.48100067479066,19.13734612356958,495.83885163738336,571.8135152766324,0.3530756012269865
1377.418614355859,528.1219307421875,490.9013946164229,188.20730299015867,19.109556334119873,490.18976121864137,566.0541002657336,0.35637092882256305
1378.8295040105131,523.7956587985349,487.83245431074425,187.28375323840635,19.01578406424469,486.0496257595476,561.5416918375221,0.3575511749524454
1380.2403936651674,521.9032363153556,495.26086709523963,186.88008003927624,18.97479726077429,484.23856143823684,559.5679111924743,0.35807419275391417
1381.6512833198215,514.5290509548255,489.0439748979722,183.68189314138675,18.650070580559024,477.50895344346964,551.5491484661814,0.35699032503708644
1383.0621729744755,520.1887955543353,487.6029765289726,185.22883957604873,18.807139193569142,482.85691931032045,557.5206717983502,0.3560800254812505
1384.4730626291298,516.4763554334671,479.53741370982556,184.97279718395987,18.781142027477237,479.1960831562889,553.7566277106453,0.3581437857473965
1385.8839522837839,516.5571784776714,482.91753344759144,181.69143989334196,18.44797067333102,479.938246111525,553.1761108438178,0.3517353885755664
1387.294841938438,512.7848667623856,480.97284257632526,177.39945876441263,18.012186015322595,477.0309601055919,548.5387734191794,0.3459529917184862
1388.7057315930922,517.6091648687234,489.1442040746034,182.04859430030265,18.484234209077833,480.9182499530389,554.3000797844079,0.3517105311426895
1390.1166212477463,514.7671457562695,484.9286220702088,180.63044704745158,18.34024317160012,478.3620507909794,551.1722407215597,0.3508973883367762
1391.5275109024003,507.3088362827198,479.893148629725,178.6537582654699,18.139540834155348,471.3021323085452,543.3155402568945,0.3521597604617857
1392.9384005570546,505.6333350995866,481.09348997476735,176.09469099127207,17.879706919837776,470.14239736893603,541.1242728302371,0.3482655884556929
1394.3492902117086,502.7744321007556,469.2002863573334,175.269369292907,17.79590819769412,467.4498335188865,538.0990306826246,0.3486043802199217
1395.7601798663627,502.1582341333151,465.4986666502967,174.24705267928272,17.692107672374544,467.0396779657341,537.2767903008961,0.3469963068115754
1397.171069521017,502.2752652567081,470.93259029753335,173.180626266063,17.583828475468557,467.37164159625064,537.1788889171655,0.3447922648103168
1398.581959175671,501.00022247478233,469.3120299719497,173.66578260638428,17.633088638432106,465.99881816365877,536.001626785906,0.3466381347068677
1399.992848830325,498.00509573583025,468.39145879290317,174.14354313495778,17.681597870486037,462.9074013601152,533.1027901115453,0.3496822514991558
1401.4037384849794,499.3658548850917,460.73563355147957,174.09012370226156,17.676173948872865,464.2789269086858,534.4527828614977,0.3486224017906093
1402.8146281396334,499.9046545651802,470.6876163762785,174.7321593864517,17.741362795855007,464.6883277502279,535.1209813801324,0.34953097113775566
1404.2255177942875,496.408142411988,468.8833542520765,173.45154232998885,17.611335834126578,461.44991707614275,531.3663677478334,0.3494131693473207
1405.6364074489418,496.3103465165385,468.69589236081214,170.92641423172637,17.354947921022383,461.86104716587124,530.7596458672058,0.3443942191240025
1407.0472971035958,498.1737476335483,466.34411729593216,173.48824873748842,17.61506280513563,463.20812431872054,533.1393709483762,0.3482484766842926
1408.45818675825,498.4099673101261,471.3128756825679,175.94882944596424,17.8648969237709,462.9484271893221,533.87150743093,0.35302028648332273
1409.8690764129042,497.99032765189486,468.12216850747427,172.94352948803527,17.559754945034957,463.1344895716712,532.8461657321185,0.34728290869321105
1411.2799660675582,496.3427626014656,467.4661511625078,178.52501733302248,18.126469172949726,460.3620056697098,532.3235195332214,0.35968091162914306
1412.6908557222123,494.7710856598774,468.6151356986878,176.01057429952616,17.871166163798982,459.2971011959724,530.2450701237823,0.3557414315446111
1414.1017453768666,492.90170602991174,464.81956530937566,174.31455462186486,17.698961456228528,457.7695452089059,528.0338668509175,0.35364972871748707
1415.5126350315206,495.9197779922061,462.94904722682907,177.64136530219807,18.036747902868715,460.1171163739717,531.7224396104405,0.35820584938435324
1416.9235246861747,494.7896675892367,460.55248078875775,173.34901979575343,17.600926247929007,459.85210511868314,529.7272300597904,0.3503489081337565
1418.334414340829,491.62134992797536,461.93803014480267,174.91469116014432,17.759896089498387,456.3682348159,526.8744650400507,0.35579148705761066
1419.745303995483,494.3004427849584,464.3603745948445,176.12882113907304,17.883172311306293,458.8026263066095,529.7982592633073,0.35631936752218635
1421.156193650137,488.34499973824444,452.2390773111578,175.42675847035113,17.811888647469267,452.9886802142805,523.7013192622084,0.359227100849565
1422.5670833047914,491.89183088766566,464.6730511881715,175.98391738662522,17.868459564370156,456.42321898116455,527.3604427941668,0.35776954674983213
1423.9779729594454,489.5965497733839,453.5367717771866,179.05729942390874,18.180514230924793,453.50851424943176,525.6845852973361,0.3657241855703185
1425.3888626140995,490.0673225248806,464.55369446015175,174.80465247689938,17.748723353993476,454.83638511749933,525.2982599322618,0.35669518134016087
1426.7997522687538,482.40557106755955,451.7762330203961,177.68979634030183,18.041665329749925,446.59314843411283,518.2179937010062,0.3683410951226699
1428.2106419234078,480.3633352509184,442.38197798059304,177.0777885745761,17.97952535595376,444.67425949057605,516.0524110112608,0.36863302333863446
1429.6215315780619,484.9701112359238,450.7945708857523,176.7872325087185,17.95002385723128,449.33959548771224,520.6006269841354,0.3645322225284862
1431.0324212327162,481.7579228502547,451.32853726670254,176.02373470469746,17.87250240049121,446.28128597747923,517.2345597230302,0.3653779758582426
1432.4433108873702,487.44414273875964,454.4380931480576,175.29148873859637,17.79815408712968,452.1150861015956,522.7731993759237,0.3596134887449903
1433.8542005420245,484.18159696861113,449.27664890354197,176.531563028672,17.92406455462059,448.60261002882004,519.7605839084022,0.36459783712125743
1435.2650901966786,482.14756835612724,440.36961628835564,180.0276442888327,18.279037824670556,445.8639650442741,518.4311716679804,0.37338702112017996
1436.6759798513326,478.9580339864943,443.995123536183,180.66637688400152,18.34389129377561,442.5456975559193,515.3703704170694,0.37720711223959963
1438.086869505987,480.06374044445715,445.77932715267605,178.4360464158275,18.11743554499149,444.10091512247465,516.0265657664397,0.37169240536814163
1439.497759160641,481.96408868921947,450.4091038941046,178.98238414862095,18.172907737177454,445.8911519360216,518.0370254424174,0.37136041532760866
1440.908648815295,477.11690158128647,444.31786603248696,179.56048436485494,18.231604920939063,440.9274518391907,513.3063513233822,0.37634484079215375
1442.3195384699493,475.3332287156926,440.88275851312613,178.23562935240267,18.097086275313917,439.41079637477117,511.25566105661403,0.3749698497493626
1443.7304281246033,472.8034809994334,446.3239230771424,176.94577397786944,17.966121304502987,437.1410120709318,508.465949927935,0.37424803557671243
1445.1413177792574,468.4516991295391,439.39836427595446,175.79462059632033,17.849239387359336,433.0212389728693,503.88215928620895,0.3752673347603944
1446.5522074339117,470.99654877428856,436.45318860520575,174.8726761965701,17.755630116284056,435.75190155211703,506.2411959964601,0.37128228784617434
1447.9630970885657,471.7793046252677,437.17767474381753,175.96695767850937,17.866737566910434,436.31411085670857,507.2444983938268,0.37298574980578936
1449.3739867432198,470.70208902965726,435.38539509345003,174.78651292583123,17.746881561632048,435.47480755121853,505.929370508096,0.3713315003257157
1450.784876397874,470.52709264235824,441.4433855073712,170.52373150408354,17.314061684694614,436.1589518293591,504.89523345535736,0.36241001670374906
1452.1957660525281,468.2406566228507,431.6625803206785,173.72414182948347,17.6390141197695,433.2274903242341,503.25382292146725,0.37101464678965584
1453.6066557071822,464.91406378886614,424.32959056765145,170.62074863257288,17.323912281631006,430.52636969548905,499.30175788224324,0.3669941649905815
1455.0175453618365,463.1142746286548,421.02984382062164,170.41561479007453,17.303084095599022,428.76792415778885,497.46062509952077,0.36797746069632853
1456.4284350164905,462.2172218514033,421.7988139636622,168.71124701729738,17.130031767392364,428.2143775371015,496.2200661657051,0.3650042426838345
1457.8393246711446,461.93215652407383,428.328942127185,173.045600537613,17.570118689910952,427.0557465728627,496.808566475285,0.37461258778721684
1459.2502143257989,458.0616263408432,425.3577666647328,170.05829108470618,17.266803370203316,423.7872925406987,492.3359601409877,0.37125635789051226
1460.661103980453,461.352245470132,422.6173752818356,173.05181020463763,17.570749186070973,426.47458399393474,496.22990694632927,0.3750969284397707
1462.071993635107,458.5228056267432,416.9215556922902,175.18164173068786,17.78700081330655,423.21588806314026,493.82972319034616,0.3820565511266915
1463.4828832897613,461.0425900320664,428.5420798436006,175.0245341526119,17.771048955615264,425.76733665572044,496.3178434084124,0.3796276915337444
1464.8937729444153,458.8979762168103,420.08880623112947,176.31307220878907,17.901880173012085,423.36302492647314,494.4329275071475,0.38420974017433546
1466.3046625990694,461.248194254186,417.3728101396671,177.1618170995078,17.98805716000889,425.5421829966451,496.95420551172685,0.38409216405924174
1467.7155522537237,458.5584299056157,415.2540997239561,179.09056837447835,18.18389218106268,422.4636892036347,494.6531706075967,0.39055125082171155
1469.1264419083777,459.7577490780365,423.4521304428207,179.3495758820673,18.210190409019805,423.6108068061396,495.90469134993344,0.39009581946518884
1470.5373315630318,460.9179589982528,432.9066227087794,182.5518459069725,18.535331667970787,424.1256164283067,497.7103015681989,0.396061473290661
1471.948221217686,461.1984354452819,431.72066830899786,182.7066503040854,18.55104967306623,424.3748928818128,498.02197800875103,0.3961562665052933
1473.3591108723401,462.7644570904674,420.3895971520683,183.7755063700203,18.659575563828913,425.7254923364394,499.80342184449535,0.3971253702703737
1474.7700005269942,462.99778266139833,427.76815379019996,182.47923179796277,18.527958822259027,426.22007507452145,499.7754902482752,0.394125498288648
1476.1808901816485,462.8061656539287,423.44698421469343,184.63557110492104,18.746901906863723,425.5938594789933,500.0184718288641,0.39894795015109086
1477.5917798363025,465.61811980971504,420.59594570797714,186.461805195492,18.932327884913473,428.03774597740056,503.1984936420295,0.4004608009492707
1479.0026694909566,462.52732016000283,426.0868033100895,189.01324788799644,19.19138764025273,424.4327167775909,500.6219235424148,0.4086531533372143
1480.4135591456109,467.92433531966253,424.53119575370636,193.05431448654218,19.60169578764103,429.01527670179144,506.83339393753363,0.41257592288859507
1481.824448800265,467.9012516005093,427.09726251545777,189.8885256933,19.280258636556887,429.63024068468343,506.17226251633514,0.4058303435687867
1483.235338454919,465.134064465272,426.6993210947683,190.28072725511225,19.320080671731436,426.78400743437146,503.4841214961725,0.40908792064899185
1484.6462281095733,472.7044027918914,431.33214517492604,194.64599985055153,19.76330695068565,433.4745485508085,511.93425703297436,0.4117710744831895
1486.0571177642273,469.1450328447956,428.97453214625233,196.37467523409703,19.93882734283003,429.5667733789523,508.7232923106389,0.4185798878511466
1487.4680074188814,471.14696120987264,426.2414148249345,198.39011182250752,20.14346392394129,431.16250134095816,511.1314210787871,0.42107904360256404
1488.8788970735357,475.34875621807294,440.21642343453357,201.37515770120513,20.44654941250964,434.76267640929757,515.9348360268483,0.42363665638544645
1490.2897867281897,477.22722846904924,437.80115714381,202.73385139707582,20.584503855878996,436.36731125447966,518.0871456836188,0.42481618671979066
1491.7006763828438,476.8451524115494,421.7590521220879,207.20679071749234,21.038662034465023,435.0837383375331,518.6065664855657,0.4345368505259732
1493.111566037498,476.6296238976908,425.2134616626988,211.1324971340462,21.43725713001386,434.07700481235685,519.1822429830248,0.44296973278221174
1494.522455692152,482.16478033554927,432.29598799171293,217.79759738164077,22.113995527676494,438.26884614784433,526.0607145232542,0.45170781082365774
1495.9333453468064,489.70860191424714,441.1368514566833,221.13602547263972,22.452961543653505,445.13982550268565,534.2773783258086,0.4515665532690864
1497.3442350014604,497.3592226224991,447.4650695900406,224.30990971377219,22.775220662934693,452.15076691491663,542.5676783300815,0.45100181018262886
1498.7551246561145,503.8791174555896,449.8691704753453,228.9905821314609,23.25047094188939,457.72729740023135,550.0309375109479,0.4544553925707061
1500.1660143107688,509.2063288529464,460.06078272947013,236.64665328119588,24.027827190076742,461.5114688404656,556.9011888654271,0.4647362765782454
1501.5769039654228,517.0965452943319,463.08076600166686,247.0989289116696,25.089094987908847,467.29508535282133,566.8980052358424,0.47785840218874526
1502.987793620077,524.5320780101149,466.196307592204,255.54774893559608,25.94694268902864,473.0278038401986,576.0363521800311,0.4871918413551596
1504.3986832747312,529.5790427156468,468.62111829939306,259.3541199613361,26.333421111434724,477.30761494050915,581.8504704907845,0.4897363736891571
1505.8095729293852,537.0377793457739,473.70322845736496,264.5080903823041,26.856727521648917,483.7275965562374,590.3479621353102,0.49253162543709894
1507.2204625840393,546.1477980882584,485.8836715891685,270.55327905237607,27.470523435015597,491.6192400402072,600.6763561363096,0.49538472918763693
1508.6313522386936,549.0577837269806,481.32082496829656,271.9661850721856,27.61398230590638,494.2444620708613,603.8711053830999,0.4953325371804965
1510.0422418933476,545.7495521833087,477.6517488132975,268.4331035245636,27.255252225858143,491.6483041081594,599.850800258458,0.4918613353885101
1511.4531315480017,541.382494604614,472.7309991940319,260.9008391278475,26.490466648860327,488.7993339014905,593.9656553077374,0.48191591292287783
1512.864021202656,532.2112967544062,468.2598025574876,252.66874927112357,25.654624562154325,481.2872694803116,583.1353240285009,0.4747526984338325
1514.27491085731,517.492179968137,465.95164273064955,239.10784047643503,24.277722888112947,469.30128091553524,565.6830790207387,0.4620511183205848
1515.685800511964,503.03578265952194,456.50190745104476,226.0394214879553,22.95082597768172,457.4787531571452,548.5928121618987,0.4493505815687655
1517.0966901666184,489.0271115843055,440.56432326831947,215.5117410829111,21.881901984980324,445.5918794376601,532.4623437309509,0.4406948735106236
1518.5075798212724,472.3831966632891,419.7627419023002,205.38689123376517,20.85387923829192,430.9885735407172,513.777819785861,0.4347887322930398
1519.9184694759265,460.5361931640621,412.42955293886587,196.19869253647101,19.920959007113588,420.9934020642891,500.07898426383514,0.4260223093184272
1521.3293591305808,452.20875357841066,407.28161206901865,189.48701852513003,19.239491760209383,414.01866427256476,490.39884288425657,0.4190255430167695
1522.7402487852348,441.1810615294189,398.75075428268093,183.21485947352753,18.60265049619411,404.25509214157887,478.10703091725895,0.41528269331957796
1524.1511384398889,438.5812686667588,400.18947848428206,176.76058980398747,17.947318700423537,402.9561226123708,474.20641472114676,0.40302813282774524
1525.5620280945432,432.06492082134196,392.33949213826713,175.31465811549157,17.80050658092759,396.73119452089605,467.39864712178786,0.4057599903788159
1526.9729177491972,427.38935120425595,383.02718524718256,174.42764807067257,17.71044435618339,392.23439700698884,462.54430540152305,0.4081235238528695
1528.3838074038513,422.2273056300239,384.57272264195035,172.51158325113192,17.515897449516586,387.4585239903473,456.9960872697005,0.40857514649300053
1529.7946970585056,419.0261759633586,379.8294456992382,167.7413868112995,17.031557383304797,385.21880175655826,452.8335501701589,0.4003124301856682
1531.2055867131596,413.34141309167086,379.2502469655074,163.49658821246655,16.600563385395837,380.3895552090839,446.29327097425784,0.3955485296998447
1532.6164763678137,413.24908904344034,376.16236102547174,161.7992226333919,16.428222022241513,380.63932606294253,445.85885202393814,0.39152953248587496
1534.027366022468,409.7616065357732,367.5309000793244,164.62494696927644,16.715130859058025,376.582334015355,442.94087905619136,0.4017578619945797
1535.438255677122,408.8073236831004,370.2850662101194,162.24878352821426,16.473868015296706,376.1069541225038,441.50769324369696,0.396883260472081
1536.849145331776,409.7528732806768,372.448319888712,162.0274904899849,16.45139911152301,377.0971041415683,442.4086424197853,0.39542734427391707
1538.2600349864304,409.1589046744981,382.862202954898,159.85204770729385,16.230516362835715,376.94158432622174,441.37622502277446,0.39068451372080587
1539.6709246410844,406.370384712639,374.66878587091827,160.49915408146325,16.296220060380357,374.02264355552694,438.7181258697511,0.394957802338275
1541.0818142957385,405.75889089506995,368.37299289335357,164.00642931588524,16.652329906314204,372.70427728059747,438.81350450954244,0.4041967606775069
1542.4927039503928,402.0957763074728,369.1253729461077,164.58447557765095,16.71102161182957,368.9246605783353,435.26689203661033,0.40931659886871635
1543.9035936050468,402.90470834232104,367.1801420494528,164.40212206816102,16.692506418173643,369.77034498211555,436.03907170252654,0.40804219624179616
1545.3144832597009,404.62086402602375,372.0397550917499,160.00009876698564,16.245548670405917,372.3737047830544,436.8680232689931,0.39543215140951066
1546.7253729143551,405.3853045900126,368.40973511140396,164.02970239528725,16.65469292950637,372.3260004115759,438.4446087684493,0.40462666144540954
1548.1362625690092,402.644788913272,365.9759850105817,160.49470590500073,16.29576841648905,370.2979442621986,434.9916335643454,0.3986012245139738
1549.5471522236633,402.88913372882877,371.01611321439873,162.15426778412768,16.4642713954664,370.2078133080391,435.57045414961846,0.40247863297615843
1550.9580418783175,402.8179541139618,367.5429420464083,165.1788200360886,16.771368148493877,369.5270514562904,436.10885677163316,0.41005823685147275
1552.3689315329716,401.77877988755785,371.1389835481936,165.20974595246642,16.774508199553622,368.48164427779545,435.07591549732024,0.4111957978435351
1553.7798211876257,399.45944715556334,367.63640797194296,160.3509103060556,16.281168185493847,367.14158373396015,431.77731057716653,0.4014197472305853
1555.19071084228,399.9385452054506,366.33837350285097,166.10767929499158,16.865679517141476,366.46043596061475,433.4166544502865,0.41533300874928464
1556.601600496934,401.12790458665785,366.0517508631579,162.12095939352048,16.46088944079942,368.4532972928244,433.8025118804913,0.40416275591840956
1558.0124901515883,398.1653792631789,358.70287137032125,163.1447961115062,16.5648443093324,365.28442318620023,431.0463353401576,0.40974128994693665
1559.4233798062423,400.51632308618315,357.19209176918565,161.3697299112035,16.384613643398836,367.99312205353937,433.03952411882693,0.4029042528598265
1560.8342694608964,402.97541537645526,358.60477887058,162.80657689478016,16.530503350864674,370.16262556327797,435.78820518963255,0.40401118947340253
1562.2451591155507,396.8987258779462,368.18667720273584,161.75467555937078,16.42369895216399,364.29794112059227,429.49951063530017,0.40754647221798684
1563.6560487702047,396.09035783617344,356.5817744188071,162.3561107172381,16.484765440275698,363.36835705795744,428.81235861438944,0.4098966498558141
1565.0669384248588,397.37398701475473,356.91638361518164,163.1229768978254,16.562628903838696,364.49742848292476,430.2505455465847,0.4105024038520381
1566.477828079513,398.94830455771285,359.32168008039645,160.34702539884103,16.280773732929624,366.63122411826123,431.26538499716446,0.40192431843170007
1567.8887177341671,399.8862286697718,363.02787485589795,160.77501677253994,16.32422967292917,367.48288887117826,432.28956846836536,0.40205189687917164
1569.2996073888212,401.7204853292015,369.3978003983949,162.64338672240797,16.513933899294113,368.9405856174424,434.50038504096057,0.4048670472682645
1570.7104970434755,402.1082967120698,363.8950484924549,165.82038171117438,16.836508867143383,368.6880907498373,435.5285026743023,0.41237741938438616
1572.1213866981295,397.6898814608268,364.52729399871976,163.41372166377815,16.592149562152976,364.7547248853769,430.62503803627675,0.4109074162599098
1573.5322763527836,397.7272833336395,373.0826835630233,164.85664411645902,16.738656140044448,364.5013134995389,430.95325316774006,0.41449669415353274
1574.9431660074379,400.43170252205977,366.5747971420508,165.44031674977708,16.797919117037743,367.0880966083729,433.77530843574664,0.41315489185240767
1576.354055662092,398.70267809662084,363.0723987209242,164.2859644400191,16.68071239794515,365.5917256815388,431.8136305117029,0.41205131910402254
1577.764945316746,394.011442732622,361.2683898906373,164.1542173760701,16.66733551033033,360.92704322959247,427.09584223565156,0.41662296972290197
1579.1758349714003,392.91620993520013,362.1515139819028,162.18498492071288,16.467390248149968,360.2286986407636,425.6037212296367,0.4127724456760399
1580.5867246260543,393.3053325706257,359.9247587531103,160.4036997102643,16.286528137406147,360.976829728566,425.6338354126854,0.40783504932890957
1581.9976142807084,395.88782067091813,352.53832389971143,164.27405739225333,16.67950342041645,362.7792680572635,428.99637328457277,0.4149510260605016
1583.4085039353627,393.459335009978,353.3138029081172,163.22275900627145,16.57276024195466,360.562665930933,426.35600408902303,0.4148402248535599
1584.8193935900167,393.66976705758606,354.4391781356632,164.5333466694721,16.705830257744882,360.5089560848623,426.8305780303098,0.41794763133386403
1586.2302832446708,391.8976113300033,352.28325158494596,160.4234928023504,16.288537821420725,359.56511929670353,424.2301033633031,0.40935052463808813
1587.641172899325,388.5390320688029,356.95636032872574,162.39473118785827,16.488686754949683,355.8092475424785,421.2688165951273,0.4179624639593513
1589.052062553979,388.6787114393089,347.0161680311047,164.44470479402696,16.696830038914534,355.53576575976376,421.8216571188541,0.42308647207631933
1590.4629522086332,389.69744885796183,356.2925819069137,165.0906085226272,16.762411626302512,356.4243247563262,422.97057295959746,0.4236378991097783
1591.8738418632875,392.1158149709104,366.6896523785673,167.1037344732955,16.966813597696714,358.43695616281127,425.7946737790095,0.4261591297604059
1593.2847315179415,396.6318623789186,359.2574398791661,168.69396198945316,17.128276738718778,362.63250176900016,430.631222988837,0.4253162138252346
1594.6956211725956,398.6586703139837,355.9017964044868,176.52148159491128,17.92304094010979,363.0817152329376,434.2356253950298,0.4427885174449684
1596.1065108272498,401.8547465033998,358.51214657395377,176.94487629677042,17.966030158796848,366.19245849769493,437.51703450910463,0.4403204835488323
1597.517400481904,401.55585275661434,359.87592665502814,181.88408841919252,18.467531167525124,364.89809311636685,438.21361239686183,0.4529484184344181
1598.928290136558,398.96291774795975,358.9393044868319,182.62677258074538,18.54293931905894,362.1554741099561,435.7703613859634,0.4577537521823463
1600.3391797912122,400.80476785027383,360.19052413393877,181.9461146320762,18.47382897526404,364.1345071604676,437.4750285400801,0.45395197169921064
1601.7500694458663,399.60457464350543,361.3729312212601,181.7283778339927,18.45172115296979,362.97819763411536,436.2309516528955,0.4547705140666018
1603.1609591005204,400.4844336327973,355.6088475563978,184.4017876126577,18.72316478962961,363.31924526317255,437.649622002422,0.4604468292061884
1604.5718487551746,398.01605429789544,347.71827352421775,182.37101401519078,18.516970971185348,361.26015742301723,434.77195117277364,0.458200145561704
1605.9827384098287,395.23499453931436,352.13543154905466,179.50607183656444,18.226080165745564,359.0565113496028,431.41347772902594,0.4541755520555476
1607.3936280644828,392.72515016911296,345.29457641017905,175.48997805872213,17.818307624130647,357.3560890771801,428.0942112610458,0.44685189625149724
1608.804517719137,387.74805797807727,341.6437359948105,170.94533948309913,17.356869489162936,353.29494434479744,422.2011716113571,0.4408670423122123
1610.215407373791,380.2192603907814,337.65349794279496,167.0726404594382,16.963656478923852,346.54666841391605,413.8918523676468,0.4394113025408666
1611.6262970284452,372.57866195851005,330.3421032371608,161.273993906911,16.374893124916472,340.0747560025537,405.0825679144664,0.4328589110797501
1613.0371866830994,373.12110465893716,338.08326936273886,160.7645965303424,16.32317165763367,340.71986500410657,405.52234431376775,0.43086438832586066
1614.4480763377535,369.7316584300124,325.4847683659405,156.75859434530284,15.916423762023987,338.13780696671523,401.3255098933095,0.42397936657884583
1615.8589659924075,366.0000087449151,327.7738481256537,152.77206983607218,15.511653524758133,335.20961985236534,396.7903976374648,0.4174100169012487
1617.2698556470618,362.31016614233454,325.4520223683977,149.81185547087748,15.211089294390744,332.11639253167147,392.5039397529976,0.4134906206634662
1618.680745301716,362.1156471676235,325.22617117428365,148.8731567100894,15.115778875692559,332.1110632428018,392.1202310924452,0.4111204745625807
1620.0916349563702,358.2989255446376,324.8370134319301,147.48316403144656,14.974646502110177,328.57448716722604,388.02336392204916,0.41162044738834364
1621.5025246110242,355.07428164033433,323.0744710976327,146.79847322741333,14.905126683892437,325.4878390114255,384.6607242692432,0.41343031815554027
1622.9134142656783,356.068493286399,321.02376623172756,146.01605754547052,14.825684407672334,326.6397423294594,385.4972442433386,0.4100785671818046
1624.3243039203326,356.5743784298163,325.17844048499353,147.92167646290147,15.019170693674294,326.7615602306664,386.3871966289662,0.4148410132951169
1625.7351935749866,354.83425136903145,320.6782339322482,147.5714239303574,14.983607937099599,325.09202468375713,384.57647805430577,0.41588832915929963
1627.1460832296407,353.82557002908015,319.12925220020486,148.95315778303947,15.123901753955202,323.80486231834266,383.84627773981765,0.4209790653931465
1628.556972884295,350.15566273973513,317.0794677430271,148.3180851448091,15.059419897174351,320.262950503086,380.04837497638425,0.42357757114169947
1629.967862538949,350.3726371907669,313.20874481294254,150.1568859037108,15.246121827073914,320.10932455233456,380.63594982919926,0.4285633921291493
1631.378752193603,353.03684344566,319.7207953694829,150.6528218947106,15.296476497735254,322.6735775759526,383.4001093153674,0.4267339930425684
1632.7896418482574,354.0852473329324,324.24330925354116,149.22428244950936,15.151430292992535,324.0098959040864,384.1605987617784,0.4214360343265012
1634.2005315029114,354.7020001358958,324.4098793457286,151.6526027027662,15.397988858678596,324.1372338222894,385.2667664495022,0.4275493305497686
1635.6114211575655,356.8350106929695,318.3737686508624,153.84296003413388,15.620385950346247,325.82878964147267,387.8412317444663,0.43113191089454095
1637.0223108122198,358.45599533386127,325.1210482155092,155.62654101963977,15.801481161730111,327.0903031288741,389.82168753884844,0.4341580083622014
1638.4332004668738,361.36960729031784,330.214709118227,159.60168557439988,16.20509593968286,329.2027460831924,393.5364684974433,0.4416577441892582
1639.8440901215279,360.0940005463,327.60346107966035,159.55054307201644,16.19990320531582,327.937446835427,392.25055425717295,0.4430802591266772
1641.2549797761822,363.67437128971545,322.46080737006343,163.1942075027784,16.569861275996615,330.7834566126168,396.5652859668141,0.44873716815412407
1642.6658694308362,365.8024633616167,322.91206746553144,168.73999662424774,17.132950847708976,331.7938247186823,399.81110200455106,0.461287206962952
1644.0767590854903,365.4655774042268,328.46899004688925,169.60859394017675,17.221143543086367,331.28187764457664,399.64927716387695,0.4640891083227231
1645.4876487401446,371.20329571987406,330.7449415543,171.62495248264702,17.425873734449524,336.61320974227135,405.7933816974768,0.46234759890753385
1646.8985383947986,371.21046296597785,332.5115500972178,173.22904746337056,17.588744903168298,336.29708027366763,406.1238456582881,0.4666599267684094
1648.3094280494527,371.7316415929747,330.35714624091605,171.63142829021703,17.42653125308776,337.1402504511905,406.3230327347589,0.4617078803265927
1649.720317704107,371.66599603261693,335.3174069500876,170.44024240547725,17.305584651084576,337.31468199834205,406.0173100668918,0.4585844393214806
1651.131207358761,368.1440166114516,314.28378536039634,171.50590485955982,17.41378627969254,333.5779240419078,402.7101091809954,0.4658663379570051
1652.542097013415,362.3337114870524,322.96043474370083,163.18517297933363,16.568943959123267,329.4446176695561,395.22280530454873,0.45037259246346684
1653.9529866680693,361.5682040230036,326.04291113316435,157.161617022355,15.957344514984666,329.8931255070635,393.24328253894373,0.434666586479922
1655.3638763227234,351.3395031382883,313.4515740308054,149.7595750806473,15.205781025017554,321.15626635905244,381.5227399175242,0.4262531646539657
1656.7747659773775,352.5428995718053,314.72338431656874,150.74083116056283,15.305412484793184,322.1618959079799,382.92390323563075,0.42758152651393905
1658.1856556320317,339.52372481729986,301.31436185161544,143.510885419697,14.571322716581955,310.59987782662915,368.4475718079706,0.4226829376854923
1659.5965452866858,337.06594656350296,295.3227486866495,146.1743859015185,14.841760216586856,307.60528537807284,366.5266077489331,0.4336670238919533
1661.0074349413399,337.9622895497434,296.7234571182321,143.58885933232088,14.579239767898269,309.0227273364162,366.90185176307057,0.42486651254381025
1662.4183245959941,337.3208979327065,298.42495844859656,144.92797639571006,14.715206505395988,308.11144387855626,366.5303519868567,0.42964422685908515
1663.8292142506482,331.3704395060437,306.0890261921906,137.0879048191185,13.919167844429456,303.7411097052842,358.99976930680316,0.4136998611688724
1665.2401039053022,331.2856636438947,295.8383819802978,140.08780806252102,14.223761869825521,303.0517194813379,359.51960780645146,0.42286106353549935
1666.6509935599565,328.9471441079135,297.91682788232333,138.9943022076747,14.112733172198585,300.93359016827594,356.9606980475511,0.42254296684842657
1668.0618832146106,326.7145002445959,285.7209519105693,140.3490348117345,14.250285427629944,298.4279072359114,355.00109325328043,0.42957699981684844
1669.4727728692646,326.29727505397955,293.8773953647033,138.43463416101577,14.055907491706286,298.39651919861126,354.19803090934784,0.42425924071267357
1670.883662523919,325.39220828838734,295.40829680305404,137.55600927552257,13.966696650898639,297.66853455244075,353.1158820243339,0.4227390999897882
1672.294552178573,320.8605572488532,290.0483030885409,133.60769225188133,13.565805796030046,293.932645570457,347.78846892724937,0.4164042268001729
1673.705441833227,318.7175012497597,291.3807602632243,132.0344540379316,13.406067657292494,292.1066672707107,345.3283352288087,0.4142679756216592
1675.1163314878813,319.6629791722096,288.04782621393315,130.8283702247234,13.283608399835424,293.2952248980146,346.03073344640455,0.4092696957386586
1676.5272211425354,318.64510004135855,289.11996785154895,130.69934382636032,13.270507753957531,292.3033503437021,344.986849739015,0.4101721438973836
1677.9381107971894,319.0575880201092,288.89193109998627,130.08422087399893,13.20805148088095,292.8398130446665,345.2753629955519,0.407713922998127
1679.3490004518437,319.1769178182534,290.0179945778784,129.79588876747655,13.178775791016712,293.01725462790046,345.33658100860634,0.4066581307154087
1680.7598901064978,318.97956773313075,291.048459813533,129.46517449746653,13.145196844435747,292.88655822493877,345.07257724132273,0.4058729385632046
1682.170779761152,314.54754164291614,284.58611483966325,129.964902844658,13.19593657052869,288.3538145744583,340.741268711374,0.4131804755676587
1683.5816694158061,314.2030082195156,282.141641964658,129.73135075204013,13.172222948368841,288.0563523190146,340.3496641200166,0.41289022497647215
1684.9925590704602,317.25181419517844,290.63283920912545,130.02724425884762,13.202266382111333,291.0455225500341,343.4581058403228,0.40985500615247156
1686.4034487251145,321.4731738644683,296.9324182927276,130.1863769707322,13.218423860987265,295.23480987724133,347.7115378516953,0.40496808926774774
1687.8143383797685,319.19161971277646,295.35599012161657,127.95203619857115,12.991560927525724,293.4035750893385,344.9796643362144,0.4008627679940607
1689.2252280344226,314.2306966235064,286.51062578927844,130.1955593747456,13.219356192857438,287.990481972144,340.4709112748688,0.41433112924272525
1690.6361176890769,312.96612103236805,286.73754810454466,130.9090381478807,13.291798986478131,286.58210857218506,339.35013349255104,0.4182850134578676
1692.047007343731,314.60066417775187,280.32132827170693,128.05422421424333,13.00193654850926,288.79202410943924,340.4093042460645,0.4070373613130444
1693.457896998385,312.6102010445205,283.0510693377145,130.1212061676495,13.211806768488394,286.38497188209175,338.8354302069493,0.41624107509248626
1694.8687866530393,310.04373288224383,280.0055148434814,126.91288733419103,12.886051346080592,284.46512312269067,335.622342641797,0.40933866378906353
1696.2796763076933,310.55590756088765,284.72260436311205,127.93121706288706,12.9894470645679,284.7720589222577,336.3397561995176,0.411942629163494
1697.6905659623474,310.7585712023083,278.8558184041707,130.62247705966482,13.26270311627848,284.432313588002,337.0848288166146,0.42033426963669396
1699.1014556170016,312.6311222308124,276.3651643041903,130.0391154626573,13.2034717202377,286.42243800839714,338.8398064532277,0.4159506402777479
1700.5123452716557,306.98237127994133,283.15896997169403,125.94384789911412,12.787660298653734,281.5990662059256,332.36567635395704,0.410264105310022
1701.9232349263098,306.64092726278125,272.53217904761345,129.12731194850915,13.110892100093132,280.61601213392044,332.66584239164206,0.42110266591338363
1703.334124580964,306.22836845185,276.14728945730366,129.5022398646208,13.148960262275683,280.12788861828795,332.328848285412,0.42289432726081083
1704.745014235618,304.0094602725839,275.6088989243794,123.25623791394774,12.514774849472383,279.1678285340383,328.85109201112954,0.4054355341555244
1706.1559038902722,308.82178078629295,274.3639776979946,131.8434014218262,13.386669203182358,282.2494524343205,335.3941091382654,0.42692390765359534
1707.5667935449264,305.06580131743317,273.0501222249871,126.71772275132149,12.866235385001943,279.5265259297391,330.60507670512726,0.4153783288854021
1708.9776831995805,306.2160253123195,280.26393836676573,130.62160698947866,13.26261477403579,279.88994305597896,332.5421075686601,0.4265668553964591
1710.3885728542346,304.0059042797337,278.70691853897563,126.24882018032267,12.818625542273448,278.5611336829301,329.45067487653733,0.41528410600918364
1711.7994625088888,301.66572335396836,276.1964376350533,127.1633515437858,12.91148213355212,276.0366338802544,327.29481282768234,0.42153729011689844
1713.210352163543,302.29851578318465,268.4361994868934,126.83425639421334,12.878067583743873,276.7357536666169,327.8612778997524,0.41956625577739104
1714.621241818197,303.50052502555474,273.1958048465724,128.22601955483663,13.019379722535183,277.65726053045734,329.34378952065214,0.42249027260839167
1716.0321314728512,301.5672228525006,274.0768407761218,124.83813189503421,12.675391848206793,276.40676889130197,326.72767681369925,0.41396452410908635
1717.4430211275053,303.84689241251317,275.68805308166907,128.7779457066464,13.075419332702882,277.8923901704086,329.80139465461775,0.4238251202247379
1718.8539107821593,300.1096702535652,273.6043848124246,128.29523634199347,13.026407622475439,274.25245548734335,325.966885019787,0.42749450970238895
1720.2648004368136,297.66934990885926,270.1778995604562,126.59682683748707,12.853960264752734,272.154440442282,323.1842593754365,0.4252934569052831
1721.6756900914677,297.2541931794805,265.00595012046256,126.42935375314458,12.836955949357709,271.7730370121907,322.73534934677036,0.4253240379919795
1723.0865797461217,296.7345372594787,264.975620083197,124.8530737750899,12.676908966268236,271.57107184272934,321.8980026762281,0.4207567980733987
1724.497469400776,298.54490783403924,273.06003148989186,126.42096938050608,12.836104645297153,273.06544149195395,324.0243741761245,0.42345712843571043
1725.90835905543,298.21176815128564,270.6683416278994,125.7945073183309,12.772497060054027,272.85856186800237,323.5649744345689,0.42182945394198584
1727.3192487100841,296.25512757911457,268.6155454714549,125.71603911120968,12.764529820735483,270.9177361408848,321.59251901734433,0.42435059314758145
1728.7301383647384,296.4003789693253,264.2672659206054,124.79228209228118,12.670736506067051,271.2491657892389,321.5515921494117,0.42102605444103036
1730.1410280193925,294.0903940092712,266.041408949459,123.89677783069999,12.579811824281323,269.1196648960604,319.06112312248206,0.42128808133323165
1731.5519176740465,297.0407805941893,267.92252011352446,124.33925313565587,12.624738384686651,271.9808729634029,322.1006882249757,0.41859320759571217
1732.9628073287008,295.6670940616851,270.3028711255169,122.8612033208322,12.474665163550885,270.90507942043405,320.4291087029361,0.41553898214726476
1734.3736969833549,294.1437526654583,265.1432970350084,125.43466971434151,12.735961086925878,268.8630697156409,319.4244356152757,0.4264400266117618
1735.784586638009,293.2262693019644,261.9468739094382,125.81303418605182,12.774378178463264,267.8693290281506,318.5832095757782,0.42906467584079094
1737.1954762926632,293.14582485821404,258.511557579543,124.87840445646663,12.679480907287845,267.9772541788906,318.3143955375375,0.42599414307492395
1738.6063659473173,293.6624811709812,256.43595493643414,123.67061539696333,12.556848508302142,268.7373338797298,318.5876284622326,0.4211318208026639
1740.0172556019713,290.0902020770645,258.2582526909249,123.63674634724579,12.553409627327401,265.1718809105971,315.00852324353184,0.42620104182078106
1741.4281452566256,290.382075793975,263.66857843478726,125.40010506050095,12.732451578053258,265.1083591642109,315.65579242373906,0.4318451981501498
1742.8390349112797,288.2520934109192,257.20509832393105,123.91568978573328,12.581732042383146,263.27755269490154,313.22663412693686,0.42988652161871604
1744.249924565934,290.43505637738525,259.23000887773543,125.80651082531368,12.77371583153234,265.07943085183814,315.79068190293236,0.4331657217778949
1745.660814220588,291.1135686086104,256.3511247258378,126.51255253994546,12.845403506269912,265.6156441733791,316.61149304384173,0.43458143550167566
1747.071703875242,290.9344813051234,260.53751485680004,126.26811297940007,12.820584429229243,265.4858223484445,316.38314026180234,0.43400875830518637
1748.4825935298963,291.3971125150253,259.4285782189667,126.48480527968952,12.84258619884053,265.90478039084206,316.88944463920853,0.434063344650224
1749.8934831845504,289.64317065625664,259.70336272428545,125.0689845548999,12.698831384497344,264.4361895832517,314.8501517292616,0.43180367164026645
1751.3043728392045,290.7214659975343,259.96363936596583,127.48658714371619,12.944301736234518,265.0272301273851,316.41570186768354,0.43851797013433275
1752.7152624938587,291.6233271019633,261.5581066362493,125.10549208716168,12.702538162785395,266.40898813221025,316.83766607171634,0.42899686156937555
1754.1261521485128,291.92437088294673,260.86860374058244,125.19742876725974,12.711872918342662,266.6915025698605,317.15723919603295,0.42886939651044176
1755.5370418031669,285.6618834245044,251.0782956112255,123.69911386728756,12.559742089557732,260.73099241985653,310.5927744291523,0.43302631903279154
1756.9479314578211,282.6695785641357,252.00224315027828,122.55432596606202,12.44350648901766,257.9694134030012,307.36974372527015,0.4335603660945613
1758.3588211124752,286.34045103386865,258.22700401944957,122.64583969518635,12.452798300410006,261.62184177289464,311.05906029484265,0.428321738169923
1759.7697107671293,287.81792724112455,260.2579415380328,121.6406146568794,12.35073316163588,263.30191567937146,312.33393880287764,0.42263043106058096
1761.1806004217835,287.89327638163866,258.96875189046466,120.92214332597227,12.277783450576381,263.5220688518694,312.2644839114079,0.42002420079333425
1762.5914900764376,286.11948361229173,251.2215615888491,122.49571172680587,12.437555114712563,261.4311318357849,310.80783538879854,0.42812782331452326
1764.0023797310917,283.89069598827786,256.26810651989933,124.6907435903571,12.660426833212847,258.75994734706404,309.02144462949167,0.4392209584617937
1765.413269385746,282.5817163791409,251.39378403359686,121.07379823436413,12.293181673542318,258.1799436183588,306.98348913992305,0.4284558809598247
1766.8241590404,280.8429909030508,255.31307669104126,122.79332653344119,12.467773319972979,256.09465646317943,305.5913253429222,0.4372312306552468
1768.235048695054,276.70059279967063,248.4674318667345,123.83988825072335,12.574035562594789,251.74132947528688,301.6598561240544,0.4475591721640531
1769.6459383497083,280.39399428808645,249.55506245512515,121.59696509773156,12.346301220386826,255.88678006018233,304.90120851599056,0.43366465607247867
1771.0568280043624,279.9131265820029,246.3802754664199,121.73232161750636,12.360044592714745,255.37863197564036,304.4476211883655,0.4348932224221498
1772.4677176590164,282.1779788306924,250.1137977919182,122.72889505747109,12.461231294768966,257.44263020821666,306.9133274531681,0.43493434734362735
1773.8786073136707,278.57752112455336,251.59030036844342,120.65225644392827,12.250380589506054,254.26070784409973,302.894334405007,0.43310119192992624
1775.2894969683248,275.4145751117949,241.23693527658537,121.46268683256972,12.33266732822754,250.93442394593205,299.8947262776577,0.44101764325023907
1776.7003866229788,273.60751280370545,245.07606599131802,118.70328699563903,12.05249272397775,249.68350383176787,297.531521775643,0.4338451301255038
1778.1112762776331,275.4262760355775,249.218464836581,118.5429287770905,12.036210813752657,251.53458639999846,299.31796567115646,0.43039803784653435
1779.5221659322872,276.33958054478575,252.70572355916323,118.20596656840776,12.001997485114561,252.5158038297986,300.1633572597729,0.42775619162254025
1780.9330555869412,271.9521025302053,247.46199180870144,118.83075856386066,12.06543550077349,248.00240234938053,295.9018027110301,0.4369547337868524
1782.3439452415955,268.06188291106713,240.1099581727545,118.779049624575,12.060185253452806,244.12260438880557,292.00116143332866,0.44310309371355655
1783.7548348962496,271.41654651997214,242.82150549039693,119.1649704372154,12.099369575168774,247.3994877338464,295.4336053060979,0.43904828929966017
1785.1657245509036,268.7238836992193,240.97351123838425,118.72286576006411,12.054480646315454,244.79592873262882,292.65183866580975,0.4418024335081051
1786.576614205558,271.254565376296,240.4345924045466,118.45683946308482,12.027469768269192,247.38022657886805,295.128904173724,0.43669989221658406
1787.987503860212,265.8963636740189,234.32695223524843,114.57661684790465,11.6334928530504,242.80406287240564,288.98866447563216,0.43090704688377085
1789.398393514866,267.189382435584,240.82468200055823,118.06773330283808,11.987962023505553,243.39346589169583,290.98529897947213,0.44188781839526403
1790.8092831695203,268.0940432007223,238.22182843638254,119.41944734917122,12.125207790835713,244.02569596185973,292.16239043958484,0.44543864504949765
1792.2201728241744,270.8749674575842,241.2987827951722,116.01011413841162,11.77904245071497,247.4937529880571,294.2561819271113,0.4282791991717634
1793.6310624788284,267.4177855267264,243.04063071627624,115.36089558514963,11.713124293876154,244.1674175643694,290.6681534890834,0.4313882689512444
1795.0419521334827,265.8542585008234,237.548673398398,116.19298365639213,11.797610037095103,242.43618766362874,289.27232933801804,0.43705519073350585
1796.4528417881368,264.40724631584317,242.2357139007728,112.12563790747349,11.384633646251396,241.80892713550597,287.00556549618034,0.4240641641626407
1797.8637314427908,264.68597569214216,236.10276919622143,116.87450309492611,11.866807851933054,241.13054827810194,288.24140310618236,0.4415591071242231
1799.274621097445,263.4916879812025,236.49336184540468,114.11292353336927,11.58641193017924,240.4928420728609,286.4905338895441,0.4330797848223208
1800.6855107520992,261.92257981649516,236.49400636697072,114.39032848446605,11.614578135507761,238.86782443246108,284.97733520052924,0.43673336053962486
1802.0964004067532,261.05252267989147,236.68600798370574,113.60807690038563,11.535152520901184,238.15542589478514,283.9496194649978,0.43519241160406036
1803.5072900614075,257.2708205793643,226.8772670102,115.23226791957428,11.700064133178952,234.0463768310973,280.4952643276313,0.44790259408383554
1804.9181797160616,256.94866436950207,231.6250796599052,116.0427690304592,11.782358052656305,233.56086848213815,280.33646025686596,0.45161849474953963
1806.3290693707156,256.9111149566098,228.298776175612,113.930937320182,11.567934029812552,233.94894739060612,279.8732825226135,0.4434644150737659
1807.73995902537,257.80251492787534,234.80021472389575,114.15734131763524,11.590921872871059,234.79471685404457,280.8103130017061,0.44280926176989666
1809.150848680024,255.31601266619302,230.00391280480397,114.75145791501221,11.651245273749954,232.18847358799943,278.4435517443866,0.44944873107133054
1810.5617383346782,256.1367385928378,228.52505222003504,114.70926159661542,11.64696088674326,233.01770395563702,279.2557732300385,0.4478438439827272
1811.9726279893323,257.06919404745975,232.85377142535162,117.50241160180116,11.930562301384088,233.38721505146893,280.75117304345054,0.457084762867806
1813.3835176439864,255.68856632261947,232.19631985791466,113.38375957887875,11.51237654768468,232.83667948702777,278.54045315821116,0.44344477819088257
1814.7944072986406,258.35247505102234,229.20675495128708,115.85537255961658,11.763330823853343,235.0024479143242,281.7025021877205,0.4484391819228214
1816.2052969532947,258.09793114886924,237.87959852069176,119.68132578282324,12.15179751716969,233.97680372038582,282.21905857735265,0.46370509538796656
1817.6161866079487,258.2119628776209,227.62320613071137,117.73865727087326,11.954549414796267,234.482369837828,281.94155591741384,0.45597677179145757
1819.027076262603,254.1916598531665,232.9178488571957,115.51530100047268,11.728801788508564,230.91017230992006,277.47314739641297,0.45444174316025926
1820.437965917257,253.34187702998105,226.34135282668257,116.61562757107602,11.840523024894237,229.8386245852442,276.8451294747179,0.4603093216889502
1821.8488555719111,251.96007476763984,223.0,112.59129306228765,11.431913763822921,229.26790529567583,274.6522442396039,0.4468616433223418
1823.2597452265654,251.56227349535868,229.45724025956025,113.15436094542642,11.489084645408408,228.75662072037107,274.3679262703463,0.4498065603128448
1824.6706348812195,252.0425342418232,234.46326732061743,113.83688474419141,11.558384437577255,229.0993224665881,274.9857460170583,0.45165743586346485
1826.0815245358735,252.09385013485266,232.8960303916586,110.09535246170246,11.178489392102374,229.90472406491352,274.2829762047918,0.43672367415075425
1827.4924141905278,247.41543515822994,224.76518117214152,108.66274944981701,11.033030594674699,225.51504251915892,269.315827797301,0.4391914731606125
1828.9033038451819,245.80427850489923,226.02016860014805,107.54063680955909,10.919097318061315,224.1300416324671,267.47851537733135,0.43750514622313885
1830.314193499836,246.62389277679085,226.56100444609444,107.6669368856706,10.931921147854904,224.92420080340472,268.323584750177,0.4365632853874199
1831.7250831544902,246.52921692169525,220.86228769830973,112.51308015578681,11.423972446354965,223.85281084031803,269.2056230030725,0.4563884214645609
1833.1359728091443,244.89849878115334,224.58733074571228,109.6127296082859,11.12948646576014,222.80664275122265,266.990354811084,0.44758432637938805
1834.5468624637983,248.52134868237545,226.43753578570676,111.63463061691903,11.334779409299683,226.02198938025074,271.0207079845001,0.44919533556690333
1835.9577521184526,246.5146936639867,222.9985318314687,111.41049320293709,11.312021702924731,224.0605080519827,268.9688792759907,0.4519426065319896
1837.3686417731067,246.7652960381616,221.89936140006586,106.5980742466954,10.823394589701099,225.2810275800952,268.249564496228,0.43198162771725523
1838.7795314277607,247.12245090917082,220.0133784206618,108.94541113978627,11.061730540968746,225.16508932696433,269.0798124913773,0.4408559834971403
1840.190421082415,244.156044111811,215.69713490322107,110.0185382551594,11.170690091098248,221.98239953200599,266.329688691616,0.450607473820212
1841.601310737069,241.02983046013395,217.04128731151235,109.58655461692065,11.126828798049628,218.9432498589139,263.116411061354,0.4546597174620099
1843.0122003917231,242.00304345630033,215.54336285849843,109.4765297338582,11.115657463740956,219.93863777842188,264.0674491341788,0.4523766650630033
1844.4230900463774,243.32164948453612,220.11980433239034,107.29748269645195,10.894408758433334,221.69641901563983,264.9468799534324,0.44096973254848437
1845.8339797010315,242.13537950763723,214.67103456872235,109.05814298971498,11.0731767261201,220.15529742747842,264.115461587796,0.45040152005657297
1847.2448693556855,242.5291420968005,214.50169540976898,107.11056817420422,10.875430464096132,220.94158324442319,264.1167009491778,0.4416399911704353
1848.6557590103398,240.1190726817272,218.98366257324477,106.13724582770148,10.776604552900091,218.72768171264678,261.51046365080765,0.4420192225562364
1850.0666486649939,240.9819165282544,212.89127770754706,108.76317236417492,11.043226996773184,219.06128419098383,262.902548865525,0.4513333362564687
1851.477538319648,240.59555807749857,214.92158240579732,108.99074094739765,11.066333085601192,218.62906051640357,262.56205563859356,0.45300396157891865
1852.8884279743022,237.2938268570079,208.9427830214755,107.53466349755686,10.918490820117853,215.62079387347853,258.96685984053727,0.4531709270395674
1854.2993176289563,231.65474439328707,211.83093406865265,105.09703819477504,10.670987469796634,210.4730016771967,252.83648710937746,0.4536796277150651
1855.7102072836103,232.71751009643071,210.69973960853207,108.19451155775396,10.98548823986705,210.9114882857861,254.52353190707532,0.46491779459535126
1857.1210969382646,234.02881249226644,209.6107084586937,110.14364996862896,11.183393260946708,211.82995231960552,256.22767266492735,0.4706414086183029
1858.5319865929187,234.56550932417366,209.47985347332488,105.94090783271002,10.756669449871632,213.21368922185349,255.91732942649384,0.45164742309278655
1859.9428762475727,232.16393781661534,211.21659848678462,107.06919103663499,10.87122925230062,210.58471830374154,253.74315732948915,0.4611792513668001
1861.353765902227,229.9778133409676,214.24602085731448,109.7303204613459,11.141426007931067,207.86225750714078,252.09336917479442,0.47713437599590763
1862.764655556881,229.40787062817185,212.95236627868155,107.77937219553459,10.943337223924507,207.6855179228883,251.1302233334554,0.46981549456175903
1864.175545211535,230.02466986670746,208.03514343275353,106.8639428691973,10.850389458329765,208.48681701792134,251.56252271549357,0.46457600800436677
1865.5864348661894,232.1048974312901,205.71588918811395,106.60949688933603,10.824554383341184,210.61832680104354,253.5914680615367,0.4593160164614604
1866.9973245208434,229.35110808965354,209.5162099010637,107.02256967545678,10.86649557027206,207.7812848613422,250.9209313179649,0.46663201484782696
1868.4082141754975,231.4896326528941,209.97159820414075,108.93835388178374,11.061013984983823,209.53369342307602,253.4455718827122,0.4705971176045312
1869.8191038301518,229.86625868943437,211.02243072997555,104.8925808122079,10.650227967864353,208.72572325899475,251.006794119874,0.45632004196807857
1871.2299934848058,224.21689287818086,204.16106667640392,101.68753196233513,10.32480456198593,203.7223178030149,244.7114679533468,0.45352306267834563
1872.6408831394601,226.86255798120013,201.71530859431712,103.07539013178932,10.465720208996398,206.08826755746915,247.6368484049311,0.45435170549532056
1874.0517727941142,226.1341012666273,205.0987639970195,102.38464966544262,10.395586140635626,205.49902586829631,246.7691766649583,0.4527607693486452
1875.4626624487682,224.86855115138925,207.81497730139893,102.60640514642456,10.418101998356862,204.18878212872093,245.54832017405758,0.45629504268627763
1876.8735521034225,224.9421106926718,206.05009803047597,101.86687646525752,10.343014237313934,204.4113896976617,245.47283168768192,0.4528581871645795
1878.2844417580766,224.1157637561122,203.26072710857218,100.23877085399558,10.1777051584312,203.91317868923795,244.31834882298642,0.447263365923147
1879.6953314127306,224.98566152214107,200.7034337696895,102.41514568921625,10.398682542714662,204.344439814261,245.62688323002115,0.4552074340930276
1881.106221067385,224.6053477655132,198.2000688448489,100.30174017252176,10.184098724039863,204.390071571211,244.82062395981538,0.4465687979844374
1882.517110722039,220.9981000786722,205.8173291883475,97.9142311320274,9.941683909191084,201.26401348872753,240.73218666861686,0.44305462851115607
1883.928000376693,226.31989839191704,202.6024472104031,101.44957558537811,10.30064375250469,205.87328214452523,246.76651463930884,0.4482574281192827
1885.3388900313473,218.05669768185322,196.38070963541344,96.86104096859077,9.834748649830901,198.534875904088,237.57851945961843,0.44420117335681175
1886.7497796860014,219.70052914764858,197.24565194669896,98.26138285015797,9.976931825763426,199.89647599629367,239.5045822990035,0.44725146193945636
1888.1606693406554,219.97458600215737,194.26114540291442,99.61504977614706,10.11437587798055,199.89770856343821,240.05146344087652,0.452847992973016
1889.5715589953097,218.95396965488675,190.13478761915826,99.93999052404554,10.147368612207988,198.81160215633162,239.09633715344188,0.45644292579655005
1890.9824486499638,220.70917190306452,195.48841786957144,100.20125518102323,10.173896018962711,200.51414791827565,240.90419588785338,0.4539967882487078
1892.3933383046178,221.10386013283684,198.47373428084416,99.40137722044435,10.092680716977846,201.0700472483442,241.1376730173295,0.44956871020128303
1893.804227959272,218.2465468842636,193.59227440474305,101.27543098223619,10.282962047006803,197.83502854488623,238.658065223641,0.4640413900154061
1895.2151176139262,217.26891839459714,190.6535566475592,101.67567315886276,10.323600482923055,196.77673339748083,237.76110339171345,0.4679715529959169
1896.6260072685802,216.76379620998281,195.7199354532402,101.02259310347485,10.257290249946719,196.4032359850185,237.12435643494712,0.46604919672846346
1898.0368969232345,218.6148742753663,202.70438457958724,97.50854088172915,9.90049230520384,198.9625523731031,238.2671961776295,0.4460288496148155
1899.4477865778886,217.13608538225208,197.78309251037578,100.39980465552874,10.19405566371556,196.90104481890276,237.3711259456014,0.46238194116276105
1900.8586762325426,216.88793523894773,195.7987518092976,103.71179487288022,10.530337320330347,195.98538086296242,237.79048961493305,0.4781814846391517
1902.269565887197,214.3092313034515,198.77556172937543,102.02706054253801,10.359278466172155,193.74622606931865,234.87223653758434,0.47607403527136277
1903.680455541851,217.27409536796497,195.79175428544443,98.6615184766737,10.017559443155035,197.38939703347282,237.15879370245713,0.4540878115708423
1905.091345196505,214.89725290091312,199.4632495084912,101.35876693859663,10.291423531377635,194.46893864780736,235.32556715401887,0.4716615292673476
1906.5022348511593,215.53165392234854,194.1595473102084,101.92071372857629,10.348480583199134,194.9900823165149,236.07322552818218,0.4728804881963934
1907.9131245058134,217.93169269622268,192.91904535034666,105.46850483424569,10.708704192582793,196.6750828771194,239.18830251532597,0.4839521206365307
1909.3240141604674,217.55180197194568,188.29292359065016,103.49731443561289,10.508560131382792,196.6924749743705,238.41112896952086,0.4757364154076708
1910.7349038151217,218.44599524656667,196.4833829355565,99.91469632996943,10.144800375912455,198.30872565676646,238.58326483636688,0.4573885468451489
1912.1457934697758,216.76558371757193,195.22713510739476,104.96705235807528,10.657789407715155,195.61003894765588,237.92112848748798,0.48424224250856573
1913.5566831244298,216.75545154390431,197.85082297679565,101.89552347261997,10.345922900220737,196.21895689865667,237.29194618915196,0.4700943978425419
1914.967572779084,214.23126723014087,199.93602403875343,100.125635113622,10.166217964418413,194.05148406316553,234.4110503971162,0.4673717165947614
1916.3784624337382,215.57033345811516,191.6103230947089,99.4481147318471,10.097426192274913,195.52710087960708,235.61356603662324,0.46132560606336703
1917.7893520883922,215.7950584840354,192.94062477303797,102.17627542140279,10.37442894167578,195.20197979371562,236.38813717435517,0.4734875587012658
1919.2002417430465,216.35185683291627,196.55902794847472,98.00454776936404,9.950854174327835,196.59956741054256,236.10414625528998,0.45298685763095053
1920.6111313977005,211.34174101155264,187.14871638546117,98.37337154452005,9.988302554899313,191.51511714125232,231.16836488185297,0.4654706215330299
1922.0220210523546,212.87206735854113,193.11924990477024,95.64781287804614,9.711564000914214,193.59476517629702,232.14936954078524,0.44932063687316104
1923.432910707009,213.80764390251736,190.9019763603845,98.59310521545878,10.01061312891315,193.93673389281832,233.6785539122164,0.4611299363104667
1924.843800361663,210.57632292257605,188.88505720764167,97.33362011331023,9.882731792062204,190.95925536026374,230.19339048488837,0.46222490146291284
1926.254690016317,209.19263398923337,189.21873732174907,95.18730587906747,9.664806599371195,190.0081445155001,228.37712346296664,0.45502226375698546
1927.6655796709713,212.55973516255742,190.07768181472213,96.45882844729348,9.79391015572411,193.11897715490073,232.0004931702141,0.45379633340964376
1929.0764693256253,210.97987294384518,185.7029741117774,99.49583864228799,10.102271821220047,190.9270218679015,231.03272401978887,0.4715892433434634
1930.4873589802794,212.60559158141092,192.49837022940537,94.67300038684266,9.612586788447434,193.52475761311243,231.6864255497094,0.4452987321859335
1931.8982486349337,210.3097979829743,188.78793487684948,94.85221192094019,9.630782962836797,191.19284489398302,229.42675107196555,0.4510118540868885
1933.3091382895877,208.27411250983755,190.77746108693324,91.32020584843708,9.272162080742328,189.86901624559124,226.67920877408386,0.43846162515335985
1934.720027944242,206.51218909613422,181.68375060209263,92.99364961245874,9.442074551578944,187.76981924294375,225.2545589493247,0.4503058633946732
1936.130917598896,206.2272846024317,181.3791407844409,92.03253185100417,9.344487828245473,187.67862286407188,224.7759463407915,0.446267486033315
1937.5418072535501,206.745719056043,188.27820397178212,92.46927385156062,9.388832259787252,188.10903431676897,225.382403795317,0.4472608877889016
1938.9526969082044,202.39517217389627,179.62310759289116,95.21339457050006,9.667455504651139,183.20542466473958,221.58491968305296,0.4704331311257439
1940.3635865628585,206.82792507484638,189.84451456443912,94.56642587796752,9.601765786558696,187.76857062553208,225.88727952416068,0.45722271711494494
1941.7744762175125,204.8571374892862,187.02199766411852,92.30257123971249,9.371906174021476,186.25405076471287,223.46022421385953,0.4505704432414019
1943.1853658721668,203.79162035389635,185.44380934431626,93.02807820464882,9.44557024548406,185.0423116031463,222.5409291046464,0.45648627771397077
1944.5962555268209,202.29254528521497,185.85925001022167,96.8524830705677,9.833879726936969,182.77244830576217,221.81264226466777,0.4787743558914348
1946.007145181475,203.79593940449652,187.29233489646455,96.58583421591267,9.806805637735842,184.32958406735693,223.2622947416361,0.4739340464689436
1947.4180348361292,201.34328873406565,177.32899573166304,94.99823388892843,9.64560924735901,182.1969057028995,220.4896717652318,0.4718222022011479
1948.8289244907833,199.98477654916957,177.5945965497752,95.4975443062781,9.696306539105736,180.73776018924906,219.23179290909007,0.47752406935234115
1950.2398141454373,200.07667549879213,182.10489845317272,97.91991365836124,9.942260882323218,180.341443626232,219.81190737135225,0.4894119387692064
1951.6507038000916,199.24762033212983,182.63531872558625,93.7227921188353,9.51610775634748,180.35829572894144,218.1369449353182,0.47038349548469843
1953.0615934547457,199.7279601384577,176.89964664533764,93.44836993861676,9.48824440551623,180.89394384953602,218.56197642737936,0.4678782573748584
1954.4724831093997,203.31791350824798,189.76481499793238,92.22829957355584,9.364365028880453,184.72979583847058,221.9060311780254,0.4536162012591892
1955.883372764054,198.9971629809852,177.72058633312528,96.360371753035,9.7839133930294,179.57624839044362,218.41807757152677,0.4842298769970029
1957.294262418708,200.49778591616817,183.94606007625038,92.61105720556584,9.40322817826415,181.83252550456743,219.1630463277689,0.46190563542825475
1958.7051520733621,195.33116625713666,180.7853965560959,92.80522084668193,9.422942509105711,176.6267732081031,214.03555930617023,0.47511732318493327
1960.1160417280164,195.23389225541075,177.33383311655638,92.94793482824359,9.437432918494668,176.50073597107246,213.96704853974904,0.4760850370521034
1961.5269313826705,197.6227500388058,178.39417393340614,93.26049815504965,9.469168916018061,178.82659829727277,216.41890178033884,0.47191175174283695
1962.9378210373245,195.21733075232387,177.1227079628177,93.46776360438699,9.490213533932998,176.37940577438752,214.05525573026023,0.4787882471509223
1964.3487106919788,195.02112205795027,172.5792133036931,94.7272306370556,9.618093036106227,175.92935827443367,214.11288584146686,0.48572805672253044
1965.7596003466329,194.6040034191852,174.29791636802872,91.02723094948813,9.242414986729505,176.25795466986798,212.95005216850242,0.4677562092770088
1967.170490001287,194.89073876160577,173.6944999258085,90.05258007123952,9.143454183572121,176.74112565401245,213.0403518691991,0.46206700556147834
1968.5813796559412,191.31453372602707,171.81819732359915,92.02638655624318,9.343863868098556,172.76711053876988,209.86195691328425,0.4810214089015842
1969.9922693105952,191.34843189101946,174.80065944005455,89.09386642998305,9.046111561661018,173.39204236076299,209.30482142127593,0.46561064310537725
1971.4031589652493,194.0217057297265,169.26865174488486,91.17923693308369,9.257848855981617,175.6450209920776,212.3983904673754,0.46994348694211024
1972.8140486199036,190.73662546515567,169.7950679628198,88.53791738595828,8.989663488674992,172.8922844741926,208.58096645611874,0.4641893876964529
1974.2249382745576,189.16899220067063,172.88229298572665,87.85214043424894,8.920033388869482,171.46286586543184,206.87511853590942,0.46441089214587195
1975.6358279292117,187.7527715830491,175.4386140464445,85.77474891235931,8.70910623734631,170.46533233445976,205.04021083163846,0.4568494418971513
1977.046717583866,188.7455687536013,178.0,87.16437459220907,8.850201347846975,171.1780579242344,206.31307958296821,0.46180885287960416
1978.45760723852,189.7282325538215,166.83075317271218,89.18361470682993,9.0552241185334,171.7537547411354,207.7027103665076,0.47005979819861865
1979.868496893174,191.89836758480672,167.88529890370938,89.77064035496255,9.114827542600054,173.8055779104348,209.99115725917864,0.4678030432712759
1981.2793865478284,189.31039792290542,170.41191050483587,90.07447238858728,9.145677011618616,171.15637253651258,207.46442330929827,0.4758030904634679
1982.6902762024824,188.08937999318513,167.85495544219168,89.60822053440985,9.098336308406067,170.02932515996605,206.14943482640422,0.47641297205433153
1984.1011658571365,188.05118748130826,173.9515054776904,88.83278874485569,9.019603139021415,170.14741675411483,205.9549582085017,0.4723862153419553
1985.5120555117908,188.0396512896368,171.35615064425562,86.26406653654462,8.758788914671195,170.65359270600268,205.4257098732709,0.4587546612904126
1986.9229451664448,186.4588889282684,168.57108498649546,89.18092993412935,9.054951521166823,168.48495221707833,204.43282563945849,0.47828736107312997
1988.333834821099,187.66960544795393,173.74096070390448,87.46894590104704,8.88112587889081,170.04070990962356,205.2985009862843,0.466079446867621
1989.7447244757532,190.03921278584374,175.19176435186068,89.11790940499147,9.048552755908338,172.07797752330492,208.00044804838257,0.4689448461640332
1991.1556141304072,186.56205709910944,169.5837468807057,88.48494212079063,8.984284665441502,168.72839298787935,204.39572121033953,0.4742922730198231
1992.5665037850613,187.77818559395268,176.71495566852965,88.92062181111022,9.028521235720762,169.85671258472235,205.69965860318302,0.47354074452178474
1993.9773934397156,185.4910727588122,176.31514502275505,87.6306982785656,8.897549344512283,167.82957689888224,203.15256861874218,0.4724254217479719
1995.3882830943696,186.46047150592025,170.65518626913425,85.60195493612079,8.691561667233112,169.20785795375815,203.71308505808236,0.4590890189473905
1996.799172749024,187.69035747292983,165.07658907281873,90.83283769877747,9.222677342565813,169.3834876376241,205.99722730823555,0.4839504752495241
1998.210062403678,186.91119184173778,168.7062554962731,91.7388117512698,9.314665070556678,168.4217278095168,205.40065587395875,0.4908149739312949
1999.620952058332,183.5744294493583,165.4099367002914,91.42354340692589,9.282654420114916,165.1485060560661,202.00035284265047,0.4980189434942322
2001.0318417129863,186.41384667474858,164.7885220892226,89.78502443452125,9.116288024601944,168.31815796651563,204.50953538298154,0.48164353687296896
2002.4427313676401,187.79623608225762,167.1046592738674,88.66483353931366,9.002549871635281,169.92631582328602,205.66615634122923,0.4721331768357546
2003.8536210222946,188.7074183335521,171.35543430423368,84.84164898101054,8.614364293648167,171.6080403568475,205.80679631025671,0.44959360755520295
2005.2645106769487,193.12449299749676,179.09724809075595,88.41085623531386,8.976762383470565,175.3057604979659,210.9432254970276,0.45779204316906513
2006.6754003316028,184.31523808272075,162.94280737508254,90.6028342148396,9.199324027027444,166.05472421238093,202.57575195306057,0.49156453452957055
2008.0862899862568,191.64876857997507,171.00243397782316,88.04571705589572,8.93968811691434,173.90362791791983,209.3939092420303,0.45941185903917886
2009.4971796409109,186.50553490356563,172.53966265518864,87.4394010296447,8.878126051703036,168.88259397514028,204.12847583199098,0.4688300595199817
2010.908069295565,185.87419642013145,169.72926263138493,86.6416695906973,8.797128695968862,168.41203397211393,203.33635886814898,0.46613070162176323
2012.3189589502194,180.15538104616553,166.4051464010043,85.83563568158272,8.715288352110145,162.8556703967579,197.45509169557317,0.4764533547825973
2013.7298486048735,182.43101963536222,171.9983755589191,83.68041289252848,8.496458632722666,165.56568254583544,199.296356724889,0.458696185877744
2015.1407382595276,185.4393085709129,163.28065384583118,90.07923396039844,9.146160475986463,167.2843235153347,203.59429362649112,0.48576126957436155
2016.5516279141816,185.78039465173111,170.16979453364158,83.80549627490629,8.50915892598459,168.88984767932757,202.67094162413466,0.451099786024302
2017.9625175688357,180.38732288212614,165.55221820276554,86.71541296893632,8.80461620159876,162.91029785290078,197.8643479113515,0.4807178885048391
2019.3734072234897,182.00675381281968,168.0857401514116,85.02030848817455,8.632504418194532,164.87136797348134,199.14213965215802,0.4671272175735389
2020.7842968781442,180.83401859004596,164.7566498270531,81.70692537395742,8.296081334330646,164.3664272942143,197.3016098858776,0.45183381982561877
2022.1951865327983,181.83372569713688,162.5655326880832,82.88765846341506,8.415966615773366,165.12816399845795,198.53928739581582,0.4558431509096016
2023.6060761874523,180.6557487330479,164.03928976817846,85.72001966644234,8.703549324350064,163.37933986957663,197.93215759651915,0.47449372780884735
2025.0169658421064,175.7347665989824,161.25091048892918,83.7818969474571,8.506762777322063,158.84897594408207,192.6205572538827,0.4767519744038073
2026.4278554967605,174.89527817386187,160.05807376786572,84.38686859451616,8.568188341507662,157.88755873772618,191.90299760999756,0.48249941036502947
2027.838745151415,177.46638423672582,162.56277907519004,82.81832089400949,8.408926452253802,160.77479715218385,194.15797132126778,0.466670469735477
2029.249634806069,177.3322551386657,159.98327312070313,81.13747465335001,8.238262373790516,160.97943357241522,193.68507670491616,0.45754493219467735
2030.660524460723,177.70009028311722,167.585395332912,82.54691374370412,8.381369231328563,161.06320384978125,194.3369767164532,0.46452938550671447
2032.0714141153771,179.15612583711783,162.75012223592984,84.41755767775213,8.571304345805173,162.14222118133694,196.17003049289872,0.47119548540864004
2033.4823037700312,179.84887327948846,159.79410715430583,81.8816172327907,8.31381860522529,163.34607377920156,196.35167277977536,0.4552801234709164
2034.8931934246853,175.7794920913271,157.29727922142513,82.58394598509842,8.385129285757163,159.13514200893985,192.42384217371438,0.4698155911281819
2036.3040830793398,173.1214816847917,157.51578661340807,83.09961072711813,8.437487107587595,156.37320214748507,189.8697612220983,0.48000750639611833
2037.7149727339938,176.43043277352535,164.09670098829062,79.77065984882458,8.099483356768241,160.3530853788338,192.5077801682169,0.4521366217540375
2039.1258623886479,173.2845894807223,158.6680453075146,79.7160249616197,8.093936024447641,157.218253453658,189.3509255077866,0.46002951099404027
2040.536752043302,174.2032746869491,161.62750539019714,81.30690117793849,8.255465030991799,157.81630611603745,190.59024325786075,0.46673577935920285
2041.947641697956,170.79139078811875,156.82296463205083,80.79889695764359,8.203885017296987,154.50680773517985,187.07597384105765,0.4730853035670955
2043.35853135261,171.04843594864383,158.00429286449764,82.36842112495613,8.363246051733519,154.44752374247906,187.6493481548086,0.4815502735709709
2044.7694210072646,172.59495947466516,153.951658537956,80.19204511084286,8.142268547751648,156.4326841471057,188.75723480222462,0.4646256492943183
2046.1803106619186,171.95427336280378,155.48392428165587,79.92002820009243,8.114649415033455,155.84682158038802,188.06172514521953,0.4647748883301687
2047.5912003165727,175.6771211580152,163.52471125253498,82.80334490369773,8.40740587082059,158.98855240376255,192.36568991226787,0.4713382389117085
2049.0020899712267,170.36646285547178,156.5829591547831,82.7032544296538,8.397243222921897,153.69806679786166,187.0348589130819,0.48544327940772036
2050.412979625881,175.10487122676741,159.543291223907,81.03197201492107,8.227550203856485,158.77331314977846,191.43642930375637,0.4627625230938413
2051.823869280535,171.11409763505142,156.45409121591663,79.20080886065898,8.041623755215086,155.1516006417143,187.07659462838853,0.4628537914484218
2053.2347589351893,169.730261741398,154.34429682537245,79.63262800547228,8.085468346486833,153.68073392224102,185.779789560555,0.4691716561823313
2054.6456485898434,167.9910980017683,154.0243461826791,78.62491798744577,7.983150896249837,152.1446687161276,183.83752728740902,0.46803026423827615
2056.0565382444975,171.57458756117427,161.11068434865751,78.77611182394416,7.998502304457886,155.69768597108066,187.45148915126788,0.4591362447300469
2057.4674278991515,173.31274121099656,152.91898789672084,82.41937512710166,8.368419646801186,156.70155949978826,189.92392292220487,0.47555289098313686
2058.8783175538056,173.818375120144,158.3027695450401,80.25313129046862,8.148470909574216,157.6437882016723,189.9929620386157,0.4617068318294732
2060.2892072084596,169.2088412084514,158.99455833187048,78.06680973355628,7.926483588718226,153.47489563923762,184.94278677766516,0.46136365674524293
2061.700096863114,164.01070837040965,149.80498961699257,78.25321563687264,7.945410240627279,148.2391936940866,179.7822230467327,0.4771226001910913
2063.110986517768,165.0404451113781,153.25612886598634,77.31743187696877,7.8503957954260075,149.4575326181484,180.62335760460778,0.46847566258556106
2064.5218761724223,169.08786012442897,149.435305453868,77.26520533299944,7.845092993312264,153.5154736102022,184.66024663865574,0.45695300228024205
2065.9327658270763,168.13352583706126,154.7047372221698,77.5825712729943,7.877316622324044,152.49717592478552,183.769875749337,0.46143427306806034
2067.3436554817304,158.87250534950238,146.67740145658377,76.39320888953173,7.756555168823755,143.4758650278624,174.26914567114235,0.48084600114711423
2068.7545451363844,160.81828648782584,147.6364286822606,74.42045523148309,7.556252382678454,145.81924405424024,175.81732892141144,0.46276115021979675
2070.165434791039,164.91978605923737,151.58265957659412,74.47905057679992,7.5622018385946665,149.90893404899595,179.9306380694788,0.45160773219805095
2071.576324445693,165.24992685069955,145.24668541059555,75.95152674637238,7.71170914179727,149.94230518914165,180.55754851225745,0.4596160990436823
2072.987214100347,162.77531341866595,146.13714192098973,76.68024060579535,7.785698824061753,147.32082339859787,178.22980343873402,0.47108028235565474
2074.398103755001,165.82644243238673,154.06998704516562,76.19009384930881,7.735931961106624,150.4707388545187,181.18214601025477,0.4594568437441706
2075.808993409655,162.14540182686662,149.87482195683893,76.69451486695645,7.787148155694758,146.6880349062448,177.60276874748843,0.4729983952850434
2077.219883064309,166.30511897936373,157.02028397450582,74.90954475214714,7.605911899599782,151.20750318377108,181.40273477495637,0.4504343895838975
2078.6307727189637,163.01524751442548,150.8454418019526,76.09102285012493,7.725872825196893,147.67951116352583,178.35098386532513,0.46677242779631095
2080.041662373618,161.75813031664353,149.63447761894233,73.5356613902326,7.466415179313701,146.93741332232878,176.57884731095828,0.4546025677119638
2081.452552028272,161.21206075696745,146.7402601258309,74.37272028257432,7.551405632946717,146.22263904556127,176.20148246837363,0.4613347161084534
2082.863441682926,158.47611137366167,146.69567501556884,74.34513016319086,7.548604280755559,143.492250302406,173.45997244491733,0.46912515406121225
2084.27433133758,160.27755996772885,148.0592351850108,75.15284649740867,7.630615449001944,145.13090801413378,175.42421192132392,0.46889188051365616
2085.685220992234,161.27863291015527,145.07691242805157,79.12504112434621,8.033930707164483,145.33140649650647,177.22585932380406,0.49061081245911237
2087.0961106468885,160.1358861627464,144.42319253126877,77.43838559591451,7.8626767848950285,144.52859609809062,175.7431762274022,0.48357921170282675
2088.5070003015426,157.2187398117858,146.7209331025562,75.40467756242843,7.656185019614877,142.02133266167147,172.41614696190015,0.4796163463255019
2089.9178899561966,160.80053815377937,145.03513230691468,79.27821028799494,8.04948267945723,144.8224413191161,176.77863498844263,0.4930220458104333
2091.3287796108507,161.33431401931688,147.1885697057054,76.74316291764477,7.792087616865518,145.8671423457637,176.80148569287005,0.4756778704154415
2092.7396692655047,161.29007054622735,151.2535882770769,75.73833830619057,7.690063135278328,146.02541586801684,176.55472522443787,0.4695784312679261
2094.1505589201593,159.42762037160054,153.27288238967617,77.82844966722945,7.902281790791632,143.74171499158192,175.11352575161916,0.48817419143448076
2095.5614485748133,160.55400592209713,151.37845051401243,78.0133513545554,7.921055712706945,144.8308346016107,176.27717724258358,0.48590099578336576
2096.9723382294674,156.28354191430267,142.07166702442808,73.63201375929968,7.476198280157081,141.44340561829569,171.12367821030966,0.47114374845481455
2098.3832278841214,158.7447794617712,145.58214999965912,75.51870634605135,7.667762888431514,143.52439042369488,173.96516849984752,0.47572403074985975
2099.7941175387755,158.38125798460248,142.4900661640514,76.28569879002328,7.7456391720988504,143.00628574520616,173.7562302239988,0.48165862401117954
2101.2050071934295,159.0586493744386,141.34055205560603,76.25271679207094,7.742290357584915,143.69032447931465,174.42697426956255,0.47940000177271136
2102.615896848084,162.24239657017546,151.6378020617439,75.2536029738922,7.640845719202936,147.07543769072868,177.40935544962224,0.46383438956008277
2104.026786502738,157.03797255879635,147.05840701815754,73.53603936454073,7.466453556790128,142.21717938579297,171.85876573179974,0.4682691591488053
2105.437676157392,159.81781805533194,148.61740447720405,74.20108454460734,7.533978664112252,144.86298860365972,174.77264750700417,0.4642854310457269
2106.848565812046,160.65010990116508,150.57122024729952,71.72394616672187,7.2824633688631195,146.19453436467245,175.1056854376577,0.4464606106453819
2108.2594554667003,157.95480737491306,148.01172361579862,71.10250828583816,7.219365911940715,143.6244793005089,172.2851354493172,0.45014462976788705
2109.6703451213543,154.05637298820966,139.7165962930114,73.60799819565396,7.47375986911196,139.22107689987232,168.891669076547,0.47779911189579527
2111.081234776009,156.85758353599326,144.4978876132801,73.31260314005011,7.443767045421281,142.0818227321404,171.6333443398461,0.4673832242432032
2112.492124430663,156.96564487148888,146.18701666123215,71.0134752180236,7.210325973543156,142.65326093298108,171.27802880999667,0.45241412715606555
2113.903014085317,158.71452453220394,151.45261002032507,70.87575514523404,7.196342618766275,144.42989733355083,172.99915173085705,0.44656124166413647
2115.313903739971,156.01365352309068,144.2461113761115,69.83534435753555,7.090704908420944,141.9387155221791,170.08859152400225,0.4476232866836852
2116.724793394625,157.3176693308057,144.43252459755607,70.07005496456337,7.114536159897133,143.19542666958975,171.43991199202165,0.44540486305591587
2118.135683049279,155.59166077091004,145.8532241355257,70.69401677752828,7.1778898832955065,141.34366196267126,169.83965957914882,0.45435607812951295
2119.5465727039336,154.03180754624714,142.30299798762755,71.21719826237138,7.2310109147259425,139.6783643240066,168.38525076848768,0.4623538436435529
2120.9574623585877,157.32059678755476,145.99364568058058,69.40087486952697,7.046591215569237,143.33322377487755,171.30796980023197,0.44114296720629464
2122.3683520132417,149.54421663108624,141.55352796088792,70.22113053746962,7.129875560256705,135.39152550080826,163.69690776136423,0.46956767783738235
2123.779241667896,154.513700286401,133.58439453206492,70.76466941429982,7.185063571675763,140.25146181927158,168.7759387535304,0.4579831386028099
2125.19013132255,149.92747820116816,137.8873931600176,69.35983319293912,7.042424064675824,135.94837691763814,163.90657948469817,0.462622556085911
2126.601020977204,152.7585444020201,144.5138238229946,68.65678536130079,6.971040372699876,138.9211386271615,166.59595017687872,0.44944644916630183
2128.0119106318584,151.25395232979017,136.62840265767215,69.02985378453361,7.008919731986065,137.34135662101764,165.1665480385627,0.45638380168752696
2129.4228002865125,145.74045708932007,132.29720445809193,65.85368534011292,6.686428686999968,132.4680010454542,159.01291313318595,0.45185589955816535
2130.8336899411665,148.9004444038113,141.2419862826774,69.84881396439937,7.0920725397884485,134.82279167609127,162.9780971315313,0.46909741770126984
2132.2445795958206,147.91140759176503,132.6521135396358,68.14312463187014,6.918886027519161,134.17752737386832,161.64528780966174,0.4607022929559627
2133.6554692504747,149.8725143301244,139.35713706662543,71.80562198491602,7.290756291741877,135.40047747182072,164.34455118842808,0.47911134543822803
2135.0663589051287,147.44031900957748,136.36315660469316,72.43252250154258,7.354408395289584,132.84193372433563,162.03870429481933,0.49126672397417614
2136.477248559783,145.98785345164305,134.85201646958987,69.71577307782948,7.078564284389977,131.93701439896515,160.03869250432095,0.4775450246682482
2137.8881382144373,144.07046847841616,130.9930796338316,68.00440908368995,6.904801597530245,130.3645456330843,157.77639132374802,0.4720218501536836
2139.2990278690913,150.97933154045666,138.33384023369914,69.33954613286288,7.0403642258108,137.004319004758,164.9543440761553,0.45926515520624456
2140.7099175237454,145.6212721467211,133.70137596123718,70.66523976163207,7.174968020022086,131.3790731912405,159.86347110220171,0.48526728766957283
2142.1208071783994,149.4995862389477,140.70492098575082,69.55821738245642,7.062566927280777,135.48050168915753,163.51867078873786,0.4652736447797277
2143.5316968330535,149.09356152764784,137.84384915543777,69.23040331416139,7.029282451568757,135.14054613996356,163.0465769153321,0.46434200514636803
2144.942586487708,148.6014499848574,139.7088790368091,67.9674571604108,6.901049698170665,134.90297460089275,162.29992536882204,0.45738084767905524
2146.353476142362,145.01381405641789,135.07862011821658,67.60202884717141,6.8639460745227785,131.38898878329525,158.63863932954052,0.4661764762691554
2147.764365797016,147.83343206674348,138.4300369764685,67.58742086381301,6.86246285853445,134.2115509540883,161.45531317939867,0.4571863070411489
2149.17525545167,143.24906430877138,131.9533968374316,66.56528711650502,6.758680900476167,129.83318875468186,156.6649398628609,0.46468217742089024
2150.5861451063242,142.2979649851001,134.00099197917353,67.08953763328695,6.811910475654553,128.77642955937202,155.81950041082817,0.47147222126691585
2151.9970347609783,142.00920775710293,134.3810794648119,67.56211074960316,6.859893005794244,128.39242776182,155.62598775238587,0.47575866253097865
2153.407924415633,140.62894274720713,129.45255310600206,65.77972760581069,6.678919416809395,127.37139248686059,153.88649300755367,0.4677538373025781
2154.818814070287,145.26237991766783,131.71537512758837,64.30218017577998,6.528897205120923,132.30262139390408,158.22213844143158,0.4426623067323097
2156.229703724941,143.2541992999528,133.61124134094337,64.60480159901273,6.559623755277588,130.2334490561806,156.274949543725,0.450980159148703
2157.640593379595,142.23589191267763,134.40775723389393,65.22191126857874,6.62228174892366,129.09076653452598,155.38101729082928,0.4585474903101124
2159.051483034249,139.43224533002908,128.53455680442568,63.05712294584883,6.402480796742675,126.72342139361625,152.1410692664419,0.45224203911079397
2160.4623726889035,138.9170034805877,135.16381727558905,61.2905750463083,6.223115033210342,126.56421777081235,151.26978919036307,0.4412028298240183
2161.8732623435576,140.47562226919865,135.5536596903575,62.331056068066005,6.328759874743942,127.91313320638491,153.0381113320124,0.44371439728253126
2163.2841519982117,140.68896058781476,130.49941798738297,63.71929006542254,6.46971368129635,127.84668043034392,153.5312407452856,0.4529089546130412
2164.6950416528657,139.79756523598198,131.09531468993887,62.43254533587468,6.339064548631117,127.21462155716675,152.3805089147972,0.44659250846384124
2166.1059313075198,138.4186339774581,127.53954112319394,63.071079960021635,6.403897916824382,125.70699707991551,151.13027087500066,0.4556545469903493
2167.516820962174,142.30113761529336,133.40178065053948,62.77657829284835,6.373995802985397,129.6488559446028,154.95341928598393,0.44115303183705284
2168.9277106168283,138.03876693176588,131.24139540297944,64.29041758810109,6.527702895291743,125.08137909427616,150.99615476925558,0.4657417551395585
2170.3386002714824,138.2334477864463,131.5772768689742,64.50290778772856,6.549278006223765,125.23323369223698,151.23366188065563,0.4666230121625674
2171.7494899261364,140.16280692759761,134.32817804418792,63.30058129679867,6.427200247043342,127.4049152701483,152.92069858504692,0.4516218152615705
2173.1603795807905,141.9148881268054,126.95941238203652,63.31932196214028,6.429103073312008,129.1532193890652,154.6765568645456,0.4461781480288557
2174.5712692354446,140.05328562722025,132.53561052982045,64.43055979045198,6.541932180064777,127.06765288269176,153.03891837174874,0.4600431864336747
2175.9821588900986,138.42998157304115,130.75771065467654,63.70963595968706,6.468733455372718,125.58964714865047,151.27031599743182,0.46023004002258955
2177.393048544753,137.39421477224258,134.91784566480328,64.84271812296177,6.583780518298946,124.32551373285561,150.46291581162953,0.47194649520324483
2178.803938199407,137.6969298300049,130.34735574864425,65.22177070835167,6.6222674771949075,124.55183278101092,150.8420268789989,0.4736617642010744
2180.2148278540612,143.32328866189044,139.26100092868734,64.7779373601974,6.577203028394222,130.2676438367736,156.3789334870073,0.4519707715681367
2181.6257175087153,134.44060853465174,128.77046581923597,67.00061351577885,6.802881599484579,120.93699528647181,147.94422178283168,0.49836588993503106
2183.0366071633694,131.34628697187307,127.28578383429132,66.8817273941836,6.790810542719644,117.86663458199514,144.825939361751,0.5092015079840504
2184.4474968180234,137.15809006800592,131.19718729734456,63.56676653532272,6.4542272631583995,124.34655020758072,149.96962992843112,0.46345619499225277
2185.858386472678,139.54816763398412,137.46780763223182,64.01737354837189,6.499979473426579,126.64581035395871,152.45052491400952,0.45874750370266965
2187.269276127332,141.5732259935081,134.0377886299851,61.71097501585498,6.2658001829004935,129.13571093126242,154.01074105575375,0.43589439021955156
2188.680165781986,136.55250570206576,129.16556479059182,63.0719767866864,6.403988975775868,123.84068805393306,149.26432335019845,0.46188809544292564
2190.09105543664,138.32506007581893,132.5530209082599,61.03119763667918,6.1967792473914205,126.02455048772596,150.62556966391188,0.4412157681567366
2191.501945091294,133.8535636987409,129.19576884620838,61.88478611644485,6.283448026344652,121.38101794412624,146.3261094533556,0.46233200227471394
2192.912834745948,136.53092196869795,128.6414411977868,60.27661316588697,6.120162802522596,124.3824948216749,148.679349115721,0.44148689759603627
2194.3237244006027,133.7910166753376,129.28017836905275,58.965338879063104,5.987023070666102,121.90686980729113,145.6751635433841,0.4407271903923912
2195.7346140552568,135.0454961549433,127.29341072786264,60.392170573820806,6.131895879622435,122.87377903395107,147.21721327593553,0.44719870186955635
2197.145503709911,136.8361281630437,127.97241471922338,58.36423042986092,5.925989754793416,125.07313146948522,148.59912485660217,0.42652646792460003
2198.556393364565,137.68837516273805,131.59421370819558,58.92147388228842,5.982569255040224,125.8130690488354,149.56368127664072,0.42793354059590977
2199.967283019219,132.1757517668573,130.6170354210925,56.96732150138089,5.784155142436105,120.69429455366017,143.65720898005443,0.4309967655933188
2201.378172673873,133.61935815330295,131.99196697844613,57.72911672963662,5.86150372879876,121.98436520965686,145.25435109694905,0.4320415658890037
2202.7890623285275,138.79770751536228,133.1581317101702,58.081122610770244,5.89724451095011,127.0917696798639,150.50364535086067,0.4184588034664893
2204.1999519831816,134.38796138597118,130.26720732913085,59.61518648279722,6.053005097903372,122.3728412290157,146.40308154292666,0.4436051106659653
2205.6108416378356,131.0602906398054,125.67352146001487,57.53183949572985,5.841473260507219,119.46505786147063,142.65552341814018,0.43897231735770603
2207.0217312924897,129.6641831538108,122.74486962295782,58.49106909964249,5.9388682704887525,117.87562280864127,141.4527434989803,0.4510965763788367
2208.4326209471437,138.2854997009158,135.8603274983434,59.29125666507763,6.020115008083971,126.3356658562567,150.23533354557492,0.42875975278183825
2209.843510601798,130.93712050304762,122.53755272724634,60.17489383018605,6.109834768780209,118.80919434097217,143.06504666512308,0.45957092686168743
2211.2544002564523,129.53117165566482,121.4646728553771,56.504900174965535,5.737203370390922,118.14291297337596,140.91943033795368,0.43622627243096035
2212.6652899111064,131.62557906578195,125.13123372779687,56.46009514134277,5.732654108484167,120.24635059700704,143.00480753455685,0.42894470468483903
2214.0761795657604,131.2580312256592,121.08003927417526,54.43818877434115,5.527360620884732,120.28630710902867,142.22975534228976,0.4147417743966527
2215.4870692204145,130.96137831870436,126.09627947675077,58.20088891902728,5.909404937130209,119.23130222801696,142.69145440939178,0.44441261741603727
2216.8979588750685,128.50709868170296,122.2844765000614,55.74722969456968,5.660273588720434,117.27154440911951,139.7426529542864,0.43380661664962994
2218.308848529723,127.57356830003613,123.66886609227116,58.23791917390124,5.91316478985823,115.83602896066994,139.31110763940234,0.45650458750932926
2219.719738184377,133.0521568601086,122.29883609307579,59.261521408157634,6.017095850175672,121.10831599653149,144.9959977236857,0.44540068200822447
2221.130627839031,132.4353223384475,125.60625755916926,58.66935039291226,5.956969993232405,120.61083035762013,144.25981431927485,0.4430037950372389
2222.541517493685,126.26067473892991,119.22230610545846,59.42181119774433,6.0333708124923655,114.28452833048341,138.23682114737642,0.47062801874464266
2223.9524071483393,125.80969046565195,118.0153941049926,60.26601715994383,6.119086941122585,113.6633988866293,137.9559820446746,0.47902523992297247
2225.3632968029933,126.83311672046398,121.96030423079866,57.93687600091583,5.88259848673519,115.15625101325851,138.50998242766943,0.4567961231182768
2226.774186457648,128.07815388171215,122.47562211247521,56.639166333386655,5.750836033296933,116.66283457743047,139.49347318599385,0.442223475407807
2228.185076112302,128.77324699464685,127.72430566094083,56.44480261045178,5.731101387224631,117.3971006532123,140.1493933360814,0.4383270898869096
2229.595965766956,125.07804037143492,120.01686082232834,57.240898138000645,5.811932641322308,113.54144525873511,136.61463548413474,0.45764146902219305
2231.00685542161,126.25664556390255,120.74862302291713,58.01151584222144,5.890177014398773,114.56473659818037,137.94855452962474,0.4594729693880545
2232.417745076264,126.60384103047811,118.17758975148713,56.91790541024124,5.779137698572652,115.13234336463393,138.0753386963223,0.44957487029591026
2233.828634730918,126.3822361690868,123.02922715676436,54.621755138965945,5.545998961321662,115.37351523909598,137.3909570990776,0.43219487797230854
2235.2395243855726,123.95356331883418,124.41614925130519,56.00430949543723,5.686376087714852,112.66619599525507,135.2409306424133,0.4518168578291095
2236.6504140402267,122.0014361882112,116.45891939280109,56.805080116707046,5.767682025660649,110.55267785337537,133.45019452304703,0.4656099296165173
2238.0613036948807,126.83452855675681,120.99405737888061,52.93135864084546,5.37436520112947,116.16649794807657,137.50255916543705,0.41732609600199966
2239.472193349535,124.76501938251546,118.91754752898073,51.70755934256906,5.250107208689654,114.3436389394106,135.18639982562033,0.41443955684437095
2240.883083004189,119.62441817559744,117.32959505899842,52.37902843207548,5.318284565193264,109.06770674943125,130.18112960176364,0.4378623464248576
2242.293972658843,125.85855692989888,123.70348196113511,53.2072146544249,5.402374135681162,115.13492902555083,136.58218483424693,0.42275404988204685
2243.7048623134974,126.81464608547883,120.98437558657633,54.56804094066371,5.540545110795722,115.81675096321943,137.81254120773824,0.43029762432867863
2245.1157519681515,120.53924744564445,114.34138533349952,59.119646317700635,6.0026906172733225,108.62400074338245,132.45449414790644,0.4904597263589176
2246.5266416228055,121.86998607326191,114.70981611281714,51.458202294478156,5.22478883643684,111.49886220187238,132.24110994465144,0.42223851788695665
2247.9375312774596,124.0762129277249,118.74216135310049,51.29096341490765,5.207808300933524,113.73879515291084,134.41363070253894,0.4133827282815678
2249.3484209321136,121.24208672730775,115.80778660523096,52.52779608151438,5.333389631428637,110.65539198163971,131.8287814729758,0.4332472122461694
2250.7593105867677,122.74378817531412,114.10723537842304,51.76749891732352,5.256193150426322,112.31032723334107,133.17724911728718,0.4217524950703359
2252.170200241422,121.49079164733455,119.61701593194935,51.1156628681701,5.190009227145944,111.18870475474863,131.79287853992048,0.4207369313762436
2253.5810898960763,123.77235157111205,119.58041275758814,52.151606627269956,5.295193379455559,113.26147578636986,134.28322735585425,0.4213510203634357
2254.9919795507303,122.81387559642977,119.47615213093215,53.95291796541169,5.478088835394951,111.93995520099756,133.68779599186198,0.439306370745132
2256.4028692053844,123.76144858359518,118.51447980002798,49.63361171981818,5.039529732144844,113.75806112779355,133.7648360393968,0.4010425886886169
2257.8137588600384,118.74925569914201,117.13191901013369,51.9529099894408,5.275018792531081,108.27842615293652,129.2200852453475,0.43750093155165914
2259.2246485146925,122.02460983883073,116.46294669119946,52.63737188587537,5.344515368703573,111.41583067921772,132.63338899844373,0.43136685259963914
2260.635538169347,122.8399728479554,119.76261242895289,52.299703846856744,5.310230373852998,112.2992488652417,133.38069683066908,0.4257547656054146
2262.046427824001,118.20651723271425,115.37938992205743,50.37312037217621,5.11461545957033,108.05408578595313,128.35894867947536,0.4261450345669705
2263.457317478655,115.90601321162598,105.00148401096457,54.1359365340433,5.4966715555757855,104.99520640816924,126.81682001508271,0.4670675406218975
2264.868207133309,120.28275960772207,117.09484129456187,52.69441861386477,5.35030758635332,109.66248298694535,130.9030362284988,0.43808787548371
2266.279096787963,124.39149153414438,115.63193863402691,52.69444246240022,5.35031000780522,113.77121010682362,135.01177296146514,0.4236177395456027
2267.6899864426173,119.40683877985249,113.0078712690168,50.46276940556916,5.123717939796677,109.23633905264606,129.57733850705893,0.42261205406003716
2269.100876097272,120.89123881417845,114.00561615439936,54.15683773946302,5.498793751452744,109.97621948519996,131.80625814315695,0.4479798393224122
2270.511765751926,123.4737626647189,112.75468389435713,56.78173823800557,5.765312016957994,112.02970875997603,134.91781656946176,0.4598688580681785
2271.92265540658,119.67068035507316,112.1425607909077,52.243075260812276,5.304480612085279,109.14136955926342,130.19999115088288,0.43655701718919454
2273.333545061234,121.59840044406286,119.4854370543215,50.952993211876596,5.173492625975823,111.32909874567945,131.8677021424463,0.419026837736371
2274.744434715888,121.3406821827991,117.7009276169702,51.283996858165004,5.207100954266241,111.00466848002242,131.67669588557578,0.42264470526798203
2276.155324370542,119.71667390031828,116.29298329858347,51.1903381272626,5.197591350940937,109.39953661095122,130.03381118968537,0.42759572630531045
2277.5662140251966,122.60850734554708,122.38207945878607,50.53052727524647,5.130597709110125,112.42435138418651,132.79266330690766,0.4121290469089268
2278.9771036798506,120.06294889798514,116.96043920192152,49.698061238797365,5.046073589338866,110.04657198831647,130.0793258076538,0.4139333715768111
2280.3879933345047,119.519810875578,116.13296224814015,50.63838910245215,5.141549418371884,109.31391594314837,129.72570580800763,0.42368197147807996
2281.7988829891588,120.67266082538023,117.3451845593229,48.71591809845012,4.94635206222248,110.85422958255951,130.49109206820094,0.40370302407555797
2283.209772643813,121.20590223808887,116.02612572486387,50.30205916343968,5.1074002869922905,111.06779279570016,131.3440116804776,0.4150132809921223
2284.6206622984673,120.319754274702,116.88513068832067,45.83635209234465,4.6539764320676476,111.08168407081263,129.55782447859139,0.3809545021817089
2286.0315519531214,118.39383876319117,116.77078123269715,48.18449310385028,4.89239402919017,108.68251336942066,128.10516415696168,0.40698480264862325
2287.4424416077754,119.91496462068149,115.59885504033356,50.556455778285816,5.13323034972299,109.72558290900648,130.1043463323565,0.42160255759743975
2288.8533312624295,115.74361891900328,113.65863575483972,49.80748000505891,5.057183381810598,105.70518924557386,125.7820485924327,0.43032592613087295
2290.2642209170835,119.48186851518479,113.09873978621239,49.956959892208474,5.072360764828789,109.41331197457416,129.55042505579542,0.41811331303259214
2291.6751105717376,114.4351881326231,109.6303008441137,48.23706407809242,4.89773180289958,104.7132673417809,124.15710892346529,0.4215230023669707
2293.086000226392,115.54204313297215,114.03836529748479,46.54326590742087,4.725752655189409,106.16149825224512,124.92258801369918,0.40282536681350106
2294.496889881046,115.09700462670658,114.45021959902529,47.00969486486418,4.773111340514143,105.62245349859522,124.57155575481794,0.4084354325060886
2295.9077795357002,116.51653898589034,112.66539774770024,44.969163723986284,4.565926793641533,107.45324593291276,125.5798320388679,0.38594661423501314
2297.3186691903543,111.96901807144177,103.47815554067866,47.51836204047824,4.824758667123051,102.3919478102792,121.54608833260433,0.42438848584131705
2298.7295588450083,115.33156470137386,106.82392942085502,48.83972493772036,4.9589227421695155,105.488180856073,125.17494854667473,0.4234723170901242
2300.1404484996624,115.74330491556613,111.86155436333875,49.77338984676199,5.053722050661039,105.7117459301656,125.77486390096665,0.4300325611323376
2301.551338154317,109.42024451877623,101.49619720045337,44.94239230311843,4.563208567690198,100.36234710166725,118.4781419358852,0.4107319673865875
2302.962227808971,110.73623132262168,101.11474369257398,47.820833243111665,4.855469964688772,101.0981996176044,120.37426302763896,0.43184450718563167
2304.373117463625,111.23900375621811,107.33490394475551,48.99878618802601,4.975072965221435,101.36356197153145,121.11444554090477,0.4404820659434128
2305.784007118279,111.6399533521033,106.60509637181997,48.701157329239415,4.9448533331812285,101.8244970629167,121.4554096412899,0.4362341246743443
2307.194896772933,107.9591444699817,111.36603885369661,70.85213399264913,7.193944254096963,93.67927798757052,122.23901095239287,0.6562865456232819
2308.605786427587,107.75615513696276,106.0920262946262,46.258479364696896,4.696836962785765,98.43300745201402,117.0793028219115,0.4292885107667433
2310.0166760822417,112.67504112549861,109.7865765499824,46.98351983692214,4.770453669089822,103.20576543346974,122.14431681752748,0.41698249556963923
2311.4275657368958,113.38923019047697,107.03154176227162,49.85817234571747,5.06233040917953,103.3405837484692,123.43787663248473,0.43970818270803314
2312.83845539155,114.9019807027166,110.24476433390113,46.286791477996466,4.69971162235232,105.57312686362725,124.23083454180595,0.4028371938840052
2314.249345046204,113.6958912908128,108.9540580186392,47.31703705153018,4.804317211575653,104.15939699821668,123.23238558340891,0.41617191715839635
2315.660234700858,113.8568542430502,110.48436133685247,47.18115348960111,4.790520326224716,104.34774655142368,123.3659619346767,0.4143901024077436
2317.071124355512,114.87426233908968,110.90521625242394,45.63919001603925,4.6339576562590015,105.67592909111652,124.07259558706285,0.39729691478949364
2318.4820140101665,115.00190731057384,111.64919504520594,48.31590085266697,4.905736464573157,105.26409739189049,124.7397172292572,0.42013130027648304
2319.8929036648206,111.65627925621736,103.98476607207475,47.45120694382733,4.817940100137684,102.09274374354787,121.21981476888685,0.4249757135014429
2321.3037933194746,111.98735157227348,110.12486822594153,46.98520740825127,4.770625015997564,102.5177357593209,121.45696738522606,0.4195581621369833
2322.7146829741287,110.02403267524397,105.96046756546751,43.91011653526379,4.4583968434650405,101.17418488638646,118.87388046410149,0.3990956836209823
2324.1255726287827,110.5652752350544,109.4381242508602,43.94049265283578,4.4614810709138775,101.70930530309775,119.42124516701105,0.3974167527681835
2325.536462283437,111.6778599048152,111.64956114696209,42.9720649070104,4.363152131120598,103.01707137571768,120.33864843391271,0.38478589170347793
2326.9473519380913,111.11954634679222,109.30623038599653,44.80223925057902,4.548978181247432,102.08989602351916,120.14919667006528,0.40318954426574083
2328.3582415927453,110.3634939187463,106.31417707992085,43.625472259866704,4.429495596119874,101.57101465245262,119.15597318503998,0.39528897383391465
2329.7691312473994,111.29256542158015,106.92793392170856,42.748996049966074,4.340502920264528,102.6767352207005,119.9083956224598,0.38411367271507646
2331.1800209020535,114.35852157422791,110.33524814165321,40.93502343453414,4.1563219063909065,106.10828779636927,122.60875535208655,0.35795341589794866
2332.5909105567075,102.54620060896522,99.76960101459355,44.05018685177148,4.472618829336554,93.66812240127393,111.42427881665651,0.42956429970278526
2334.0018002113616,106.1907987751601,106.3434707040516,43.26215674636713,4.392606494783339,97.47154379628591,114.9100537540343,0.40740023848927776
2335.412689866016,106.16815276414901,105.56307667614927,43.67318866614729,4.434340463132969,97.36605651284287,114.97024901545515,0.4113586563304594
2336.82357952067,107.43224108172369,102.98180012665875,41.72997023569598,4.237036524995398,99.02179005222392,115.84269211122346,0.3884306034717455
2338.234469175324,103.84795209200985,100.17871993445077,45.77296891243336,4.647540845201958,94.62265642708435,113.07324775693534,0.44076910512282674
2339.6453588299782,106.5623029577761,107.60715113733981,43.20744546283549,4.387051405591,97.85407474379787,115.27053117175433,0.40546651361275354
2341.0562484846323,105.73996066839425,102.1372486100045,42.740402278989045,4.3396303550239725,97.12586249582787,114.35405884096062,0.40420293339265617
2342.467138139287,103.49615206423216,99.76773612231332,44.77011557179897,4.545716515841501,94.47297609561934,112.51932803284498,0.43257758553200676
2343.878027793941,107.34666752945141,102.28886127831231,47.77476006715546,4.850791942436507,97.71792162521388,116.97541343368894,0.4450511708157878
2345.288917448595,103.40422947928428,95.2934058147481,41.89308450387439,4.253598269662751,94.96090364644823,111.84755531212033,0.4051389843030273
2346.699807103249,102.91884584958393,97.46184016251782,41.58624640623564,4.222443581087311,94.53736158480076,111.3003301143671,0.40406833231509426
2348.110696757903,100.36945676276463,97.66036157728938,39.86769441974358,4.047951064180563,92.33433740652092,108.40457611900834,0.39720942710665164
2349.521586412557,103.45918834116083,98.86963818481469,42.1016592193405,4.274775823411986,94.97382539637594,111.9445512859457,0.40693977880928844
2350.9324760672116,102.52418300684077,99.26691565031203,42.014883958686816,4.2659651305986666,94.05630914906405,110.9920568646175,0.40980462098277276
2352.3433657218657,102.99471265350981,102.02884387970643,39.75431275704848,4.036438900539169,94.98244476148605,111.00698054553357,0.3859840154201717
2353.7542553765197,103.4738699776763,101.9332055921963,38.82384444877803,3.941964157681092,95.64913296806175,111.29860698729085,0.3752043337816009
2355.165145031174,97.06547841450487,94.06990915623078,40.443918216030134,4.106457726362392,88.91422425171018,105.21673257729955,0.41666634602386554
2356.576034685828,101.78012035090885,100.662968223723,38.74910400289924,3.9343754151707513,93.97044687612157,109.58979382569612,0.3807138748638081
2357.986924340482,99.94149982324,95.56726466578434,36.82718502488381,3.739234108768202,92.51917878019344,107.36382086628655,0.36848741603855906
2359.3978139951364,98.1524167073419,93.42437430367191,37.46398341010915,3.8038911886083855,90.60175237518318,105.70308103950062,0.3816919100608025
2360.8087036497905,97.93528941352915,96.1895053867437,38.8096520136147,3.9405231342193927,90.11341281287862,105.75716601417967,0.39627852478938397
2362.2195933044445,98.43385134054228,91.54438436908642,38.1306951887322,3.871585513375818,90.74881483574052,106.11888784534403,0.3873738014863915
2363.6304829590986,100.14892757305492,98.40099786034844,37.89764330301047,3.8479226795313464,92.5108614222008,107.78699372390903,0.3784128719238211
2365.0413726137526,100.36891951871979,95.78558902031051,35.66586175897109,3.621319596315709,93.18065693299327,107.55718210444631,0.35534767067328105
2366.4522622684067,91.51842246237184,86.72407316069638,34.73541547166408,3.526847089347711,84.5176863208478,98.51915860389589,0.37954560991198993
2367.863151923061,94.84924498511755,91.98838177820173,36.4569731970115,3.7016447927964764,87.50153814455606,102.19695182567904,0.38436756352390394
2369.2740415777153,93.7315188240487,92.24484694407842,36.33490401535416,3.689250545248799,86.40841437042259,101.05462327767482,0.38764872767677494
2370.6849312323693,89.03195283347165,84.29364173584067,37.90985176672216,3.8491622612125305,81.39142613242751,96.67247953451579,0.4258005194790012
2372.0958208870234,84.85257226780814,79.93196313090827,36.96509331775784,3.7532365743991796,77.40245655016135,92.30268798545494,0.43563904228018163
2373.5067105416774,93.77846668750657,92.63720587240371,33.66043452606731,3.4176993112773717,86.99438717309062,100.56254620192252,0.3589356460500932
2374.9176001963315,99.04387966497004,96.56586645460271,36.30740993417951,3.6864589442603433,91.72631649551005,106.36144283443002,0.36657903604942044
2376.328489850986,94.29490762174912,90.90997908379609,36.919180262245206,3.7485748099147473,86.85404543346797,101.73576981003026,0.39152888733229746
2377.73937950564,90.68271527885119,86.42727971050529,38.422053355877054,3.9011684531449067,82.93895710271882,98.42647345498357,0.4236976499626027
2379.150269160294,93.05289577196268,90.96760882854531,35.7345972910365,3.6282986322048125,85.85077990948668,100.25501163443869,0.38402455930665963
2380.561158814948,93.41904131592138,93.0518284008641,36.69919727718448,3.726238921887142,86.02251551495914,100.81556711688361,0.3928449356815424
2381.972048469602,97.74933446988425,91.9133559311102,38.75044167364595,3.9345112350570397,89.9393913947535,105.559277545015,0.39642665480842365
2383.3829381242563,95.51966612069133,93.31303648542679,40.06468111402514,4.067952032642676,87.4448451558349,103.59448708554775,0.4194390824545228
2384.793827778911,93.44177408312731,90.96299089082898,35.12853413547864,3.566762242122367,86.36180698955322,100.52174117670141,0.37594035943953424
2386.204717433565,95.23104376250272,93.68535929582724,34.88361512558238,3.5418944843757183,88.20043877791868,102.26164874708677,0.3663050802276077
2387.615607088219,93.53068041313037,87.59031188987937,35.49622280559853,3.604095370239298,86.37660764594379,100.68475318031695,0.37951421553665254
2389.026496742873,97.94952199203057,93.13237316293583,36.989526627938055,3.7557174011784795,90.49448187214723,105.4045621119139,0.37763866403500795
2390.437386397527,94.98857249301811,92.93588894262618,37.56069348033025,3.813710608501265,87.41841676642369,102.55872821961253,0.39542328613361416
2391.848276052181,96.42217955661768,95.45170485091069,34.010136101379395,3.4532061266208025,89.56761957079259,103.27673954244277,0.35272108821611053
2393.2591657068356,94.13781996212279,91.0287930228312,38.71519337884004,3.930932312961172,86.33498099120453,101.94065893304105,0.41126078120799325
2394.6700553614896,97.35718026168315,96.4947345960953,35.706775993908686,3.6254738074700357,90.1606716319885,104.5536888913778,0.3667605809652007
2396.0809450161437,99.26566405647141,95.25382315671705,37.23061660578859,3.7801963796247486,91.76203354840993,106.76929456453288,0.3750603691585481
2397.4918346707977,98.90998380213104,98.02271482650751,36.99658579400288,3.7564341508977757,91.45352094529962,106.36644665896246,0.374042987086262
2398.902724325452,97.79426978359555,93.43624966407756,39.08768819083057,3.968753430849847,89.9163564870237,105.6721830801674,0.3996930318854665
2400.313613980106,99.99087683362127,98.66089564195515,39.627984212633145,4.023612180227267,92.00406978018503,107.97768388705751,0.39631599869427786
2401.7245036347604,95.34511678504776,95.5076426924074,36.474896243524285,3.7034646024509033,87.99379765087227,102.69643591922326,0.38255652175407856
2403.1353932894144,95.93553978884964,95.12531752626664,36.56437585348471,3.7125498803340005,88.56618652061029,103.30489305708899,0.3811348321379279
2404.5462829440685,95.87579628345931,91.9904457182191,35.87417538995677,3.642470640952346,88.64554920595657,103.10604336096205,0.374173428337365
2405.9571725987225,97.64253339590803,94.47286794467215,39.571083823564265,4.017834821043697,89.66719430981325,105.61787248200281,0.4052648210500302
2407.3680622533766,97.8574308832081,95.48135131057003,39.82695755357999,4.043814862096687,89.8305218232102,105.88433994320599,0.40698960921131355
2408.778951908031,100.97578923215559,98.53114720761955,38.305741118213206,3.889358734697897,93.25547316186413,108.69610530244705,0.37935569911856454
2410.189841562685,92.46175686747209,89.83810435626916,36.01217971678804,3.656482857354344,85.2036957602416,99.71981797470258,0.38948188891116636
2411.600731217339,97.98963217736346,96.87822523523715,36.33209152742541,3.6889649803655047,90.6670945655506,105.31216978917632,0.3707748536259785
2413.0116208719933,99.33018406825984,99.88823529106145,34.56205022771317,3.50924451578641,92.36438875909755,106.29597937742213,0.3479511344100811
2414.4225105266473,93.6264489671126,88.9943929385202,36.86366033610838,3.7429376155055945,86.19677652129467,101.05612141293052,0.39373126656824486
2415.8334001813014,94.26057363990897,91.50913647507278,37.157560068045086,3.7727786120811677,86.77166728404808,101.74947999576986,0.3942004449282595
2417.244289835956,92.81431330251742,90.76316284771238,33.975297798592806,3.4496688329073897,85.96677478921873,99.6618518158161,0.36605666291851224
2418.65517949061,92.88523275470577,90.88895699896752,36.43572494887678,3.6994873600705374,85.54180838425845,100.22865712515309,0.3922660671486649
2420.066069145264,93.71832019956314,90.99871703639752,36.61455291816246,3.7176445893538217,86.33885401384762,101.09778638527865,0.39068725133139054
2421.476958799918,92.86039551041424,89.06066078388322,34.629878152325695,3.5161313981008395,85.88092984790245,99.83986117292602,0.3729240863338987
2422.887848454572,95.78025811401693,91.45001357759817,33.96179142691141,3.4482974686382324,88.93544173727791,102.62507449075595,0.3545802871661011
2424.298738109226,91.47601721452234,89.67588201411107,37.47023744085081,3.804526189221402,83.92409241610898,99.02794201293571,0.4096181554666789
2425.7096277638807,89.90917338349712,87.03570213817525,31.220201862855113,3.169931223614741,83.61690963598953,96.20143713100471,0.347241562656671
2427.1205174185347,93.97778675511447,90.28527151432006,34.26032449858386,3.478608909587051,87.07280264363214,100.88277086659679,0.3645576862525904
2428.531407073189,92.83186369021573,93.46134794448926,34.96003802199832,3.549654053856151,85.7858560819488,99.87787129848266,0.3765952403870896
2429.942296727843,94.97007930517097,90.85906396940256,33.978621100641,3.450006263106411,88.12187099822098,101.81828761212095,0.35778238103241133
2431.353186382497,92.4804107348659,89.30251523176986,34.150460857498466,3.4674539469206835,85.59756904927204,99.36325242045976,0.36927237439943
2432.764076037151,94.45086643459821,93.67067131948616,34.36332700327054,3.4890672294003284,87.52512272236156,101.37661014683486,0.3638222527801285
2434.1749656918055,93.59501596751116,94.48915241021396,36.15741811874717,3.6712295828002772,86.30768284162404,100.88234909339828,0.38631777285339836
2435.5858553464595,91.58560750463953,86.05420977488622,31.88240856417111,3.2371681270854396,85.15987955858668,98.01133545069237,0.34811592599367774
2436.9967450011136,95.87249069826066,96.68743094846616,33.43857665378691,3.3951730572949104,89.13312544459747,102.61185595192386,0.3487817663883177
2438.4076346557677,97.35470320010907,96.46443110913687,34.022928310269194,3.454504978644787,90.49756501339337,104.21184138682477,0.3494739051315918
2439.8185243104217,95.16499364811493,93.11388797108128,32.86656226047234,3.3370937952295927,88.54091481847668,101.78907247775318,0.3453639936340539
2441.2294139650758,95.79587686432623,94.73548366212388,32.25778563733015,3.2752818942565507,89.29449368838539,102.29726004026708,0.3367345933167479
2442.6403036197303,92.70906221675295,90.78110167500111,34.3902676471357,3.4918026373438007,85.77788876266288,99.64023567084303,0.370948285149639
2444.0511932743843,96.26807904849927,92.3456700131862,34.460714623036125,3.498955444026376,89.32270738536087,103.21345071163768,0.3579661603684335
2445.4620829290384,95.49019173184102,94.73902092728466,34.09929290839158,3.4622586288303405,88.6176626711499,102.36272079253214,0.35709733418643075
2446.8729725836924,88.9351286005975,88.02669089437242,33.1862318731311,3.3695513267618744,82.24662208007665,95.62363512111834,0.37315099663450807
2448.2838622383465,90.75069973830126,85.8419213999758,34.32628922678301,3.4853066129681594,83.83242079068415,97.66897868591838,0.3782482044300494
2449.6947518930006,95.471780887862,94.79724140137223,31.77850539982263,3.226618359138792,89.06699406567354,101.87656771005045,0.3328575742935875
2451.105641547655,95.02882887248182,95.87214904094994,32.85113223231015,3.335527113237354,88.40785988201932,101.64979786294433,0.3456964862356952
2452.516531202309,87.55369268587764,88.72795860738222,33.17972916041851,3.3688910763203053,80.86649675212499,94.24088861963028,0.3789643605262852
2453.927420856963,90.15791730185566,88.99222254369201,33.1883497740456,3.369766367019041,83.46898392979799,96.84685067391334,0.3681135364177551
2455.3383105116172,90.53015401523878,89.83374378493656,32.68616466196731,3.318777194245453,83.94243335119462,97.11787467928293,0.3610527897308703
2456.7492001662713,92.79916299067396,90.89149891243868,33.65609778296319,3.4172589817293773,86.01595752350269,99.58236845784523,0.362676738650601
2458.1600898209254,90.5746857269033,85.63357883331184,33.35507302281112,3.3866945481463104,83.85215018088525,97.29722127292135,0.3682604334215614
2459.57097947558,86.40955314393919,85.69069791459428,33.2310030915502,3.3740971552548937,79.7120232251768,93.10708306270159,0.384575569279877
2460.981869130234,87.28769723445669,83.53974298111963,31.207638250607598,3.168655582063167,80.99796561541612,93.57742885349725,0.35752619486321413
2462.392758784888,87.93431793513773,85.63200542212726,31.35273375345445,3.183387798302536,81.61534309798793,94.25329277228752,0.3565471876017838
2463.803648439542,90.87337893662453,88.45092351126915,32.66465190138788,3.3165929043498763,84.28999405375494,97.45676381949413,0.35945237520185463
2465.214538094196,90.85107117484102,87.4178088716226,30.265374169529093,3.0729831599365456,84.75124781276797,96.95089453691408,0.3331317262213012
2466.6254277488506,88.85225771851066,85.32156367192613,30.718459758270388,3.1189870314371237,82.66111739323927,95.04339804378205,0.34572514584365804
2468.0363174035047,88.6826182258726,85.50821188361172,32.28918998813031,3.278470522971896,82.1749056719565,95.19033077978871,0.3640982938267619
2469.4472070581587,86.57088778235992,85.89011012211812,34.91764163059139,3.545349352513098,79.53342493872476,93.60835062599507,0.40334161431236204
2470.8580967128128,91.1485581569842,87.8751088950607,32.01020011933566,3.2501433936327175,84.69707451039707,97.60004180357132,0.35118712535424673
2472.268986367467,89.85256012394592,88.13249188214209,31.617623572763858,3.2102832845244103,83.4801981685947,96.22492207929714,0.35188339129290636
2473.679876022121,93.59303640714471,85.16586733158664,33.24678862962106,3.375699933809375,86.8923249980968,100.29374781619262,0.3552271611852852
2475.0907656767754,92.64769146906015,89.52546795049008,31.168659122668245,3.1646978512558195,86.36581588358142,98.92956705453888,0.33642132500492006
2476.5016553314294,85.72776785568193,84.86554271738359,31.30553027606591,3.178595011327793,79.4183066254855,92.03722908587837,0.3651737477729162
2477.9125449860835,87.52378152960473,86.54436346238275,33.535515264191886,3.405015681927718,80.76487882046112,94.28268423874835,0.38315889325289915
2479.3234346407376,93.84996694597264,89.78328939265721,29.913947060760854,3.037301143215363,87.82097182729491,99.87896206465037,0.31874222265823127
2480.7343242953916,89.64334226637331,86.07826646577027,31.663756268733568,3.214967350118422,83.26168251430379,96.02500201844283,0.35321927393832975
2482.1452139500457,87.71934661234013,87.75696722015009,30.585526577914546,3.1054897119477918,81.55499825450278,93.88369497017749,0.34867481073567247
2483.5561036047,85.968828906316,83.63467507856681,31.775243503477963,3.2262871637443293,79.5646995017896,92.3729583108424,0.36961354374275396
2484.9669932593542,84.0610556030785,83.45620935718398,32.19750462379433,3.2691612846641545,77.57182174115556,90.55028946500144,0.38302522366391967
2486.3778829140083,90.05676528404601,87.49102481700542,30.95574077706792,3.1430792686866313,83.81780224580466,96.29572832228736,0.34373587236262726
2487.7887725686624,90.05309447285728,87.51708311878495,33.47300528555059,3.398668755218116,83.30679031365867,96.7993986320559,0.37170299900843073
2489.1996622233164,86.20946254063489,82.19445158270204,32.497002993276055,3.2995707367558587,79.65986639338766,92.75905868788212,0.3769540145080776
2490.6105518779705,86.61939229222509,86.06366381216623,31.5592318146955,3.2043544997613984,80.2587988816149,92.97998570283528,0.3643437223413566
2492.021441532625,80.72354380692161,76.82113844917855,29.095795280869332,2.954230415994353,74.85944277852506,86.58764483531816,0.36043753666788997
2493.432331187279,84.43733852750016,80.51026288379828,31.350333783665018,3.183144118290322,78.11884739135164,90.75582966364868,0.3712851959853592
2494.843220841933,83.56651955964558,81.06815071417876,31.141428161125347,3.1619329660182713,77.29013222798658,89.8429068913046,0.37265436355642595
2496.254110496587,85.97617247984866,81.5566389961743,31.40897012073239,3.189097736288206,79.64586350537749,92.30648145431982,0.36532180038712603
2497.665000151241,82.10670478776106,75.96646930096976,27.243432119146583,2.766151432725355,76.61593759048218,87.59747198503995,0.3318052062808825
2499.0758898058953,83.55217521353198,80.24716135331353,29.928199081557782,3.0387482166815194,77.5203076767263,89.58404275033766,0.3581977250151909
2500.4867794605498,80.9297519496452,78.84215696373907,31.14674504717213,3.1624728140040768,74.65229302820374,87.20721087108664,0.38486149156309973
2501.897669115204,85.00293363278132,82.14576976000262,28.763412972803412,2.9204821058090538,79.20582247064328,90.80004479491936,0.3383814151293106
2503.308558769858,85.00390528283343,84.64720075362699,29.62707590105707,3.008173790026096,79.03272750327282,90.97508306239403,0.3485378207328113
2504.719448424512,83.2016043699037,83.31219976587582,30.228350825989793,3.0692240089482405,77.1092428635671,89.2939658762403,0.3633145184508511
2506.130338079166,82.22502016744593,81.57939929453323,29.95898218453324,3.0418737672372242,76.18694846182228,88.26309187306958,0.36435360092978647
2507.54122773382,81.85704071442937,82.15109387282382,30.260536963444274,3.0724920160717275,75.75819226522269,87.95588916363606,0.36967543291740435
2508.9521173884746,79.71348394681468,78.58794128068041,27.168603758167308,2.758553763789001,74.23779800317867,85.18916989045069,0.34082820638343153
2510.3630070431286,78.90841003339375,75.51169016882452,27.71132499738462,2.813658756686587,73.32334154336901,84.49347852341849,0.3511834161359643
2511.7738966977827,86.21940030752839,83.33651002549232,27.88180138293026,2.8309680111175477,80.59997321901389,91.83882739604289,0.32338199156432446
2513.1847863524367,82.42023792481648,78.1888559350628,27.313849128276146,2.773301196743343,76.91527855813074,87.92519729150222,0.33139735841568146
2514.595676007091,83.83198729137591,83.9851896336825,30.46637867847388,3.0933920756697115,77.69165255175716,89.97232203099466,0.3634218830168191
2516.006565661745,89.1826485858319,84.92583087299819,24.80963379605005,2.519036653318885,84.18240034882231,94.18289682284149,0.27818902207386853
2517.4174553163994,86.8265826386198,84.06996247817246,28.630513153287048,2.9069881735997645,81.05625672021806,92.59690855702154,0.32974363706619514
2518.8283449710534,84.47044768978056,81.83111597205802,29.251517556941504,2.970041617577929,78.57496167429416,90.36593370526695,0.34629291494190134
2520.2392346257075,83.22711726216744,82.12722284730694,28.73325381543405,2.9174199073311895,77.43608451596675,89.01815000836812,0.3452390850559392
2521.6501242803615,82.72753546311996,82.6786768851262,28.640174486004486,2.9079691333122377,76.95526235507872,88.49980857116121,0.34619881186684587
2523.0610139350156,84.6817502151262,82.14353939237341,27.452830968019995,2.7874126645440565,79.14877980624337,90.21472062400903,0.3241882802171495
2524.4719035896696,82.1627560092984,82.22106689269042,27.5108419574727,2.7933027881116974,76.61809379754084,87.70741822105597,0.3348334853124849
2525.882793244324,82.32435452089746,78.8503544648708,27.75869367971636,2.8184683176818837,76.7297391277517,87.91896991404322,0.33718689738004576
2527.293682898978,81.3445804217587,81.11307851797308,28.21283210064518,2.864579088094875,75.65843587275054,87.03072497076687,0.3468311220534439
2528.7045725536323,79.80527988688037,75.71834399574475,28.260799847050983,2.8694494748311987,74.10946769660953,85.50109207715121,0.3541219313698182
2530.1154622082863,80.31673977168845,75.92048191942533,28.053936480772162,2.848445682265415,74.66261978014333,85.97085976323356,0.34929127552387457
2531.5263518629404,82.19418568388883,77.42350235010234,28.09188605216589,2.852298877443724,76.53241716036551,87.85595420741215,0.341774613598639
2532.937241517595,83.17337384920755,80.12712593508448,31.288483273103527,3.176864150419305,76.86734835075991,89.47939934765519,0.3761838894479526
2534.348131172249,78.59136205713232,71.79055387683226,27.515641234187147,2.7937900808324403,73.04573257696894,84.13699153729569,0.3501102476654437
2535.759020826903,80.69413238078447,78.93874589187648,30.128578366574512,3.059093650542915,74.62187947695263,86.7663852846163,0.3733676474071487
2537.169910481557,81.79299330322088,80.62759992600682,30.168837301494396,3.0631813260612417,75.71262642761454,87.87336017882723,0.3688437857953585
2538.580800136211,78.1051504091673,74.6777387306891,27.965897098148414,2.83950663731264,72.4687742816135,83.74152653672108,0.3580544554570888
2539.991689790865,78.35515450970667,73.86547204930451,26.709856508177328,2.711975037684709,72.97192660663877,83.73838241277456,0.3408819327242664
2541.4025794455197,81.37383460802565,76.81350022883778,30.42624369766571,3.0893169857845826,75.24158885789696,87.50608035815434,0.3739069670764276
2542.8134691001737,80.52061829458974,78.50620420016811,29.00665702272987,2.9451797971374933,74.6744826026337,86.36675398654577,0.3602388759188012
2544.224358754828,79.93420240474089,73.35361405657623,27.808168457417445,2.8234917202628473,74.3296156362814,85.53878917320037,0.3478882333323707
2545.635248409482,78.96422760888238,72.59473388177841,26.23160245551893,2.6634156958520774,73.67738923753053,84.25106598023423,0.33219602407113574
2547.046138064136,78.40767837578954,74.92593829020166,27.354831050611736,2.7774622805116675,72.89445932310473,83.92089742847436,0.3488794926372704
2548.45702771879,83.61777795560337,79.19210243118974,28.88265738240742,2.9325895412095586,77.79663372414245,89.43892218706429,0.34541287855965974
2549.8679173734445,79.97631165862322,80.75778700457163,28.928745602428698,2.9372690909552026,74.14587859433216,85.80674472291427,0.3617164258075602
2551.2788070280985,81.76026953574724,79.50050925936455,28.037322705580905,2.846758808972532,76.10949796122404,87.41104111027045,0.34292111394425406
2552.6896966827526,85.50245185685397,84.56156543648943,28.622724107879236,2.9061973158612773,79.73369577865577,91.27120793505216,0.3347591032336555
2554.1005863374066,81.1573082521106,80.2474103713499,28.10160653620906,2.8532858430633716,75.49358061731625,86.82103588690494,0.34626094853852235
2555.5114759920607,81.59031417212094,80.13441213128444,27.228585220130167,2.7646439585273104,76.10253928747522,87.07808905676666,0.33372325497717054
2556.9223656467148,85.58608580964523,81.90228011209605,27.20020592835739,2.7617624780202408,80.10403061860002,91.06814100069043,0.31781107490830046
2558.3332553013693,81.8013986723409,80.6410206337519,26.942876643472424,2.7356346477617883,76.37120681445306,87.23159053022873,0.3293693883083015
2559.7441449560233,82.75677172037754,79.06855343246842,28.106916080696518,2.853824945626766,77.09197397545255,88.42156946530254,0.339632823953857
2561.1550346106774,83.64410155168255,78.21221384356465,25.689987815500373,2.6084230610797707,78.46642269760349,88.82178040576161,0.3071344821562448
2562.5659242653314,81.51747016519644,77.03836310130126,30.13312087696712,3.0595548725936363,75.4443017428298,87.59063858756309,0.36965230662705645
2563.9768139199855,82.93751710251034,81.16526267466715,25.055004944305132,2.5439503187604084,77.8878156304566,87.98721857456408,0.30209494833727996
2565.3877035746395,78.27149499620657,77.57331246110384,26.121826771226015,2.6522696638449044,73.00678132352479,83.53620866888835,0.33373358682483334
2566.798593229294,74.13087423122026,71.24870395331328,28.52074358967317,2.8958427630533903,68.38267177789865,79.87907668454187,0.38473502282887745
2568.209482883948,81.31832755978654,77.4252816952923,28.501390217340028,2.8938777258153046,75.5740256745541,87.06262944501898,0.35049159362488547
2569.620372538602,78.85015062971698,76.79201436313785,25.177458357201612,2.5563835790796046,73.77576933098845,83.9245319284455,0.319307676093554
2571.031262193256,75.79732695568825,76.26428554176405,28.105142049528038,2.853644820052392,70.1328867572025,81.461767154174,0.37079331393781917
2572.4421518479103,80.75910933782254,75.1803312496531,25.69640683911845,2.609074814181222,75.5801367640621,85.93808191158297,0.31818586224902623
2573.8530415025643,78.18793691425917,74.17779789873529,29.44961039367717,2.9901548977899286,72.25252635309853,84.1233474754198,0.37665158534585186
2575.263931157219,77.02286980844467,70.38075922015831,28.070739828108813,2.850151803693383,71.36536319263146,82.68037642425787,0.36444681817128527
2576.674820811873,81.61298479293362,77.75482320850946,29.072571704312466,2.951872419054583,75.75356435146915,87.47240523439808,0.3562248308657581
2578.085710466527,77.45980703528973,74.48381875377146,29.908764973492143,3.0367749819717957,71.43185633842582,83.48775773215364,0.3861197970692863
2579.496600121181,81.56996753106144,80.94726060622185,26.713398646444997,2.7123346873353538,76.18602572907938,86.9539093330435,0.32749061272180435
2580.907489775835,75.85293049403606,69.80752015823283,27.388293798482884,2.7808599077842477,70.33296720451874,81.37289378355338,0.36107100437782413
2582.318379430489,74.88678396290919,72.12816170580822,27.655804345508447,2.808021488589768,69.31290536161653,80.46066256420185,0.3693015360254506
2583.7292690851436,85.71909647821427,83.48144937233823,28.205217668735767,2.863805959670986,80.03448657699833,91.4037063794302,0.32904240510636035
2585.1401587397977,75.10466453349395,72.48251284121847,25.802164586345377,2.619812886489225,69.90437705466604,80.30495201232185,0.3435494286089055
2586.5510483944518,76.2054804030565,77.78865242952773,27.40974440260647,2.783037886647916,70.68119385966395,81.72976694644905,0.3596820629911954
2587.961938049106,77.54132910376752,77.99434535472479,24.55643865339204,2.493328581606058,72.59211098578761,82.49054722174743,0.31668838975574004
2589.37282770376,83.18595173387047,80.0679414201655,25.87542521763685,2.6272513765929317,77.97089896888522,88.40100449885571,0.3110552284166662
2590.783717358414,79.32692528580792,78.0250148018861,26.719325364151487,2.7129364543448653,73.94178898575278,84.71206158586305,0.3368254255145288
2592.1946070130684,80.11845743036724,77.8133287405914,25.365771908282948,2.5755039232729176,75.00612254838391,85.23079231235057,0.3166033486145051
2593.6054966677225,80.21701391413366,77.69291419833931,27.18506873359007,2.7602255287544533,74.73800954326866,85.69601828499866,0.33889405011622176
2595.0163863223765,78.85480783984946,74.46990375732001,24.047202679858646,2.4416235023185364,74.00822349308174,83.70139218661717,0.3049554407474738
2596.4272759770306,76.75001980096891,76.2544053595416,25.66098137104478,2.6054779028655557,71.57818703974004,81.92185256219778,0.3343449478917376
2597.8381656316847,75.3037622094548,69.0277873564167,25.636650096563937,2.603007436241862,70.13683328571614,80.47069113319347,0.34044315110387824
2599.249055286339,79.87848622108277,76.4889902440295,23.467661626490273,2.382780023711029,75.14870525618687,84.60826718597866,0.2937920175594956
2600.6599449409932,74.95047445908354,69.7015724966744,25.106034797608363,2.549131615346285,69.89048819459344,80.01046072357363,0.3349683238004595
2602.0708345956473,75.86772275109217,74.23282884055307,25.105610337219414,2.549088517923468,70.80782203431023,80.92762346787411,0.33091292880354706
2603.4817242503013,75.12193673653019,71.71023884876014,24.461144957364628,2.483652972723774,70.19192455038612,80.05194892267426,0.3256192001965479
2604.8926139049554,74.50885759544624,68.40051511690982,24.600998091350014,2.497852907051172,69.55065876243752,79.46705642845497,0.33017548363073485
2606.3035035596095,72.77258163346707,71.0202998788878,29.36275383917432,2.98133595083681,66.85467654365259,78.69048672328155,0.40348649422752936
2607.714393214264,68.27219254638534,64.48404752156483,27.97907840297173,2.840844996043021,62.63315979774855,73.91122529502213,0.4098166084817365
2609.125282868918,75.25841898738598,73.4365632483816,27.18644700466538,2.760365470979536,69.77913683339968,80.73770114137228,0.3612412720126646
2610.536172523572,74.3520421798234,70.13013812521142,25.82646287787114,2.6222800042012233,69.14685751104248,79.55722684860432,0.34735377967707737
2611.947062178226,68.59891195722966,65.51595445187229,26.130354747813488,2.6531355486773482,63.33247951673988,73.86534439771944,0.3809150029100367
2613.35795183288,70.92224949020928,66.80689656030803,26.084490109434245,2.648478700207988,65.66506082087237,76.1794381595462,0.36778994316917674
2614.7688414875342,74.60604546927874,72.43596778591613,25.60710985178158,2.6000080788161744,69.44507022297473,79.76702071558275,0.3432310302832774
2616.1797311421888,71.17301807160104,67.20765969247937,25.23049464372245,2.561768598092791,66.08794759461404,76.25808854858803,0.3544952192183311
2617.590620796843,71.06534055793693,68.71568467081006,25.48409498872438,2.587517811870218,65.92915829556749,76.20152282030638,0.358600898675046
2619.001510451497,74.75856792448694,73.32586147051177,25.12946909330989,2.5515110075736,69.69385860375465,79.82327724521923,0.3361416596247934
2620.412400106151,73.9359675970462,68.1415264806428,25.667624044173827,2.606152364134337,68.76279604078007,79.10913915331233,0.34716018303923935
2621.823289760805,72.82892693857073,71.577127877397,24.03947277586076,2.4408386494804257,67.98390051237352,77.67395336476794,0.33008138093449346
2623.234179415459,73.6909351089358,68.78041939383549,24.931035926562213,2.531363172084343,68.666218925561,78.71565129231061,0.33831889756463496
2624.6450690701135,79.72469017888378,75.57132457017198,24.79576598398489,2.51762859033897,74.72723692479897,84.72214343296858,0.3110174016148438
2626.0559587247676,75.57956424530539,74.79255466502407,23.092096153199428,2.3446471274047838,70.92547648133063,80.23365200928015,0.3055335973921521
2627.4668483794217,71.2776593793028,69.90823324789004,24.808992585404535,2.5189715482418884,66.27754037484965,76.27777838375596,0.3480612691472362
2628.8777380340757,73.01867705770502,69.64224735458502,24.97642138731077,2.5359713674367295,67.98481367885125,78.05254043655879,0.3420552438600396
2630.28862768873,73.78337192468886,71.5992548216473,24.46475768524832,2.484019789664012,68.85263161267322,78.71411223670451,0.33157548980303647
2631.699517343384,77.34186815683071,74.60706600898824,24.277992690646474,2.4650566775589935,72.44876932484134,82.23496698882009,0.3139049168222384
2633.1104069980383,72.99362831481537,67.1590392514256,24.77069392837371,2.515082908787287,68.0012281986728,77.98602843095793,0.339354194335152
2634.5212966526924,77.23213324037101,76.66304101349871,25.334403824559107,2.572318976921258,72.1261204269288,82.33814605381323,0.3280293157992978
2635.9321863073465,78.09261572600327,73.97593269383745,23.617383313133615,2.3979819577480943,73.33265916053887,82.85257229146768,0.30242786841713515
2637.3430759620005,73.30395612980006,69.13501718166313,26.99560197954083,2.740988094540032,67.8631377640448,78.74477449555532,0.3682693732346375
2638.7539656166546,78.66883008002148,71.70100312021762,26.33453181941305,2.673866589343031,73.36124684904861,83.97641331099435,0.3347517916896148
2640.1648552713086,74.71924747099679,72.90701065190503,23.888000201650033,2.4254589397456483,69.90474952733902,79.53374541465456,0.3197034366670042
2641.575744925963,73.70320902216062,75.23985925074747,25.578082764673486,2.597060824658154,68.54808402912238,78.85833401519886,0.3470416431526452
2642.986634580617,67.29911564177411,63.1093537386712,25.516184026507382,2.590775960015798,62.15646600645104,72.44176527709718,0.3791459038232725
2644.3975242352712,70.41694918189611,65.16256138272901,24.89120230415833,2.5273186805092265,65.40026125084603,75.4336371129462,0.3534831115710669
2645.8084138899253,69.14715361751419,64.51712983476614,27.398922401040647,2.7819390788690233,63.62504819032413,74.66925904470426,0.39624078458235784
2647.2193035445794,70.81878320503533,68.06379910580087,25.3468703350537,2.5735847592835865,65.71025783346208,75.92730857660858,0.357911689356045
2648.6301931992334,67.65873909993981,64.49299008060368,27.888431269182423,2.8316411740756884,62.03797579351429,73.27950240636532,0.4121925953717224
2650.041082853888,71.48956255899968,70.76629107211936,26.28949219476663,2.669293508326651,66.19105682209968,76.78806829589968,0.36773888738052013
2651.451972508542,73.26649265269063,72.17687119473449,25.911469979710024,2.630911167687347,68.04417525979949,78.48881004558177,0.3536605758179207
2652.862862163196,65.46320175862941,60.034742179519256,28.059242923256534,2.848984469868116,59.80801228214568,71.11839123511314,0.42862619257020595
2654.27375181785,70.15786237691863,68.96015786958445,23.88505640924168,2.425160042912371,65.34395773878568,74.97176701505158,0.3404473226524597
2655.684641472504,68.56181293259567,65.67498318867969,23.841728022709972,2.4207607118017314,63.756640897698574,73.36698496749277,0.3477406299939763
2657.0955311271587,67.51576603966348,65.592257205154,30.222629871156343,3.068643133993136,61.42455756099972,73.60697451832722,0.4476381094958096
2658.5064207818127,69.42823673257004,66.8504018533814,22.596719506753384,2.2943492495782096,64.87398946698433,73.98248399815576,0.32546872238443086
2659.917310436467,72.23863613427085,69.40173184505065,22.303555627724442,2.264582967545436,67.7434744715328,76.73379779700889,0.3087482934515617
2661.328200091121,69.44565186027738,65.82854869646063,25.188257492575612,2.5574800651484795,64.36909405390432,74.52220966665044,0.36270460162507584
2662.739089745775,71.36478457294231,69.49866585167409,20.403378246000603,2.071649185784742,67.2525934401636,75.47697570572103,0.2859026110440536
2664.149979400429,66.60293060092349,65.10618873249858,24.862465126196852,2.5244008621652316,61.59203449351013,71.61382670833684,0.3732938611240647
2665.5608690550835,66.55559251997245,61.98163190183509,23.41478006762432,2.377410714910946,61.83646954880848,71.27471549113642,0.35180785236939865
2666.9717587097375,68.7267351797495,64.50555035022781,23.03098826182968,2.338442561088616,64.08496338257218,73.36850697692681,0.33510959310949223
2668.3826483643916,71.08032315440373,69.39763770398572,23.96540919396557,2.433318632095092,66.25022384473885,75.9104224640686,0.33715954191579683
2669.7935380190456,69.67339172150805,66.95100076191639,22.405913472476882,2.2749758320595093,65.1576003857577,74.1891830572584,0.32158493965724677
2671.2044276736997,67.49424360409215,68.1036829169035,22.680745284881503,2.3028807747376847,62.92306139491145,72.06542581327285,0.3360396987026369
2672.6153173283537,65.82349389655406,62.18855215197843,23.85154110017241,2.421757078858696,61.016344088680356,70.63064370442775,0.3623560477913353
2674.0262069830083,66.96062195447568,63.33653641731652,23.12560820620912,2.348049760855698,62.29978001648296,71.6214638924684,0.34536131133804965
2675.4370966376623,65.3594313007779,60.58893070900152,23.84640904053601,2.4212359971515904,60.55331583191783,70.16554676963797,0.3648503141160623
2676.8479862923164,67.25170166485547,60.88843373379264,23.50332674030203,2.386401267364811,62.514732588118584,71.98867074159236,0.34948300427295276
2678.2588759469704,63.43197737029069,60.454282761475554,22.755859626076532,2.310507480565576,58.84565626969296,68.01829847088841,0.35874428907106054
2679.6697656016245,64.36936829521464,59.892296738065674,27.438588979479725,2.785966609699232,58.83926828251241,69.89946830791688,0.42626779951667737
2681.0806552562785,61.432737034209204,57.77841564305329,22.866313491720238,2.321722371456128,56.8241545511382,66.04131951728021,0.37221707180305164
2682.491544910933,63.602133008432254,59.956388219457466,23.073685070569425,2.3427777651903505,58.95175589912571,68.2525101177388,0.36278162349540005
2683.902434565587,63.79737639674501,61.328546718183254,20.403163910223157,2.071627423283774,59.685228462189286,67.90952433130073,0.3198119587761628
2685.313324220241,64.35138205489146,63.428930764214634,22.927942493166128,2.3279798484840377,59.73037857809029,68.97238553169264,0.35629293048607236
2686.724213874895,59.955315678933225,56.49011918062649,22.664832652638633,2.301265091725187,55.38734057518474,64.52329078268171,0.3780287435064324
2688.1351035295493,61.31451086557276,58.043120205205554,22.680122223601913,2.302817512449597,56.74345423104142,65.88556750010409,0.36989811878832884
2689.5459931842033,61.951768299722175,58.40015886177622,20.705322764534902,2.102307006682434,57.778721873435806,66.12481472600854,0.33421681628783717
2690.956882838858,60.40338297326224,56.08099698740246,21.380819913636678,2.170893350672352,56.094193730170616,64.71257221635386,0.35396725913680976
2692.367772493512,59.97581954970087,57.49305968917964,22.473143496089133,2.2818020067251634,55.446478364331426,64.50516073507032,0.37470339988378226
2693.778662148166,61.784999364512466,59.56775346654211,23.86712670701028,2.423339557472107,56.97470836141781,66.59529036760712,0.3862932257424101
2695.18955180282,59.47288998674761,53.67411724824762,23.97228969349677,2.4340172409764125,54.641403949413416,64.3043760240818,0.40307928030466544
2696.600441457474,60.88576895652416,55.31070596659075,26.222595986208596,2.6625012274445132,55.600745790614724,66.1707921224336,0.4306851409716611
2698.011331112128,59.14674677925121,59.68246210695043,19.358522057679842,1.9655601133919804,55.245140790797,63.04835276770542,0.327296480564352
2699.4222207667826,55.20501974437923,50.569451527584725,24.95336874437339,2.5336307261764635,50.17580250170601,60.23423698705245,0.4520126767442022
2700.8331104214367,59.65644761173439,55.09571384465176,24.63512823799428,2.5013182984022424,54.691370031260476,64.62152519220831,0.4129499697723966
2702.2440000760907,60.4640808961652,55.14378583967207,23.41402411296732,2.3773339593447456,55.74511028359596,65.18305150873444,0.3872385681868903
2703.654889730745,58.865644048271,54.356223715538555,20.992335745616714,2.131448759650932,54.634751699531655,63.09653639701035,0.3566143900235353
2705.065779385399,61.268440656301586,59.586191895380715,23.54504544613802,2.390637160163302,56.523063398814365,66.01381791378881,0.38429320534235534
2706.476669040053,60.4259947501249,59.47090166717419,21.56653350733341,2.189749709189668,56.0793759312038,64.772613569046,0.356908208073626
2707.8875586947074,57.583909701825114,51.74872343526702,23.87061991200601,2.423694238701751,52.77291466205402,62.39490474159621,0.4145362834099025
2709.2984483493615,61.12543408204661,55.159758205050686,22.058082856444564,2.2396589838490617,56.67974613592672,65.5711220281665,0.36086586848343266
2710.7093380040155,60.59106772087976,55.50863261113468,25.62968825387236,2.602300568213946,55.42554191908682,65.75659352267269,0.4229944976698329
2712.1202276586696,60.47109409998531,57.79726661075667,22.03175557760402,2.2369858536881466,56.03071227529752,64.9114759246731,0.3643353226117563
2713.5311173133236,59.05872984036342,54.15066839301379,25.66539502908819,2.6059260419424146,53.8860075300976,64.23145215062924,0.43457411120188527
2714.9420069679777,60.70334416784828,55.63475658117615,22.557960889722533,2.2904139082613937,56.156908493036966,65.24977984265959,0.37160985443155253
2716.352896622632,60.031904576261525,55.225079569132745,21.22278179448751,2.154847010850048,55.75456706597467,64.30924208654838,0.35352504546190355
2717.7637862772863,60.767491515336765,55.75914674008679,23.405313467932853,2.376449527341587,56.05027648641841,65.48470654425512,0.38516175152673066
2719.1746759319403,59.4481685010963,57.67951116906977,23.285107185672352,2.36424442856977,54.75518040176069,64.14115660043191,0.3916875451805205
2720.5855655865944,62.54123163890948,58.671213855459776,22.224885749965196,2.256595251675998,58.06192546685723,67.02053781096173,0.3553637363313162
2721.9964552412484,62.286130443975836,57.83785979504077,24.654581657421396,2.503293493883648,57.317132131459125,67.25512875649255,0.3958277947543606
2723.407344895903,62.796976627895766,58.63941023775897,21.553415035271385,2.188417730159609,58.45300176645262,67.14095148933892,0.34322376956117495
2724.818234550557,61.674273732961645,60.0915316452152,23.888568156942757,2.4255166068684915,56.85966132096974,66.48888614495355,0.3873344055963415
2726.229124205211,57.09079042661957,53.89231086295123,22.3105558867232,2.265293736158369,52.594217899335725,61.587362953903416,0.3907908039108269
2727.640013859865,61.84710929666164,59.12650349741457,24.301507078114078,2.467444201873063,56.949271266365436,66.74494732695784,0.39292874565159047
2729.050903514519,62.21625269725126,57.24511395706303,22.464647044059628,2.2809393227266237,57.68862392608472,66.7438814684178,0.361073611317837
2730.4617931691732,60.846015974514586,57.88373788954269,23.916420306935024,2.428344564237029,56.02579011151246,65.66624183751672,0.3930646883594226
2731.8726828238277,63.638079444873675,63.76880619506469,22.359252893916565,2.270238168109096,59.1316922977382,68.14446659200915,0.35135021498072094
2733.283572478482,62.28189946032716,60.25741403250895,23.48023701681689,2.3840568611453476,57.549583993155764,67.01421492749856,0.37699937253476873
2734.694462133136,62.647363594467755,61.08039951672566,26.011336042210775,2.64105103004606,57.404918733873494,67.88980845506202,0.41520240517364365
2736.10535178779,65.15812403769215,60.91094949499787,23.9803062469218,2.434831198654182,60.32502230713733,69.99122576824696,0.3680324840698278
2737.516241442444,61.06044663122599,57.43351627615327,22.380320893626408,2.2723772993803384,56.549813342076796,65.57107992037518,0.3665273041448935
2738.927131097098,58.92075498992926,54.67261926831108,25.768321782961575,2.6163766704259137,53.727288346078055,64.11422163378046,0.4373386218042505
2740.3380207517525,62.24246387925905,59.394159407156934,23.639913951678036,2.4002695974925032,57.47796638479156,67.00696137372654,0.3798036336983042
2741.7489104064066,61.31439429082307,55.8717131245664,25.863992291114407,2.62609053878285,56.10164577067907,66.52714281096706,0.42182578153569844
2743.1598000610607,60.58376817954989,56.64288846923933,23.720369411190756,2.4084386117205336,55.80305531999909,65.3644810391007,0.3915301098619612
2744.5706897157147,62.937146732258846,57.161020229516545,26.24421055114751,2.664695854006689,57.64776726705382,68.22652619746387,0.41699079023701385
2745.9815793703688,64.40125847239493,59.77746096935438,23.7092633847296,2.407310965582813,59.62278397273646,69.1797329720534,0.3681490695541669
2747.392469025023,67.10438785512004,63.59999999999996,22.721450972158006,2.307013811085217,62.525001633630495,71.68377407660958,0.33859858793756015
2748.8033586796773,63.44838819868894,61.31086797051513,27.21649265955937,2.76341614502709,57.96305050457864,68.93372589279923,0.4289548313556964
2750.2142483343314,62.968108458649176,56.19992731428569,23.685460442135533,2.404894142934635,58.19443131403109,67.74178560326726,0.37615010235998514
2751.6251379889854,66.24689025578844,65.52872559725212,23.35235603812746,2.371072515014763,61.54034851198175,70.95343199959514,0.35250493944637656
2753.0360276436395,59.90096617346397,54.10369434524688,21.38384136771567,2.171200132853575,55.59116797255556,64.21076437437237,0.3569865852545911
2754.4469172982936,61.665171428370364,57.47627935641192,24.244203734217034,2.4616259288255433,56.77888257879369,66.55146027794704,0.3931587827073319
2755.8578069529476,60.4199012590414,57.75667457192621,22.531499034060758,2.2877271138945434,55.8787988288966,64.96100368918621,0.37291519126223466
2757.268696607602,65.46793224638667,62.63181555248434,25.817752554919757,2.621395604900647,60.26450309634252,70.67136139643081,0.39435723214466883
2758.679586262256,62.15801108306925,60.11964805492902,21.992593700839716,2.2330095675489394,57.72552212398594,66.59050004215256,0.3538175259734157
2760.0904759169102,61.43675382652857,55.823960984697166,20.747158024256603,2.1065547337350137,57.25527572868317,65.61823192437397,0.33769945076912444
2761.5013655715643,60.922948096175226,57.60472017104362,25.567526246338566,2.595988972617302,55.769950712622354,66.07594547972809,0.41966987884395746
2762.9122552262183,64.19294583315718,56.31500426402666,24.021175632260196,2.438980856021653,59.35160709782971,69.03428456848465,0.3742027308529076
2764.3231448808724,64.939178955068,63.57341885171523,23.63797605212173,2.4000728336042125,60.175072033831846,69.70328587630416,0.3640017695400346
2765.734034535527,62.22810992479612,57.61549877483903,22.728237042177234,2.3077028321022524,57.64735600739745,66.8088638421948,0.36524067772016133
2767.144924190181,61.70540083120104,59.46435266012782,26.478866135547502,2.688521518781461,56.3687277952063,67.04207386719578,0.4291174804614281
2768.555813844835,63.14403747481384,55.63992801654239,24.84192311851761,2.522315137293105,58.137281498549825,68.15079345107786,0.39341676763108896
2769.966703499489,66.73402868550129,64.37262608263347,23.99914026967186,2.4367435039315133,61.89713105897211,71.57092631203047,0.3596237293386416
2771.377593154143,59.41138186990713,55.76195322549296,23.066612861315317,2.3420596911358325,54.76243012633332,64.06033361348094,0.38825242125867715
2772.788482808797,66.18638527685697,65.5633320411225,23.551741508659738,2.3913170423035943,61.43965846398758,70.93311208972636,0.3558396702001937
2774.1993724634517,67.61813538402717,64.91236914626718,25.85317058437887,2.6249917609394373,62.407567920664206,72.82870284739013,0.38234077940111216
2775.6102621181058,62.426496753958176,59.79268993418019,24.711572082119858,2.50907999480034,57.44601232790317,67.40698118001318,0.3958506942895688
2777.02115177276,60.79142774713002,55.51468424399433,23.77346459182635,2.4138296105250765,56.00001383952872,65.58284165473133,0.3910660675830023
2778.432041427414,64.19801111301713,61.17645634095566,22.288043686260075,2.2630079685174738,59.70597579864027,68.690046427394,0.34717654487805205
2779.842931082068,62.96682237979964,62.77825813594864,22.789342101028094,2.313907110819701,58.373753066482465,67.55989169311681,0.361926189693497
2781.2538207367224,64.15554456742888,58.49562226213,28.919299926438306,2.936310027865809,58.327015228324036,69.98407390653371,0.4507685208102862
2782.6647103913765,68.16551654152434,63.81417725454814,24.658961948069617,2.503738245014832,63.195635404989694,73.135397678059,0.3617512666107083
2784.0756000460306,62.18941591684406,58.58230625000271,23.8051062448259,2.4170423336282347,57.3916248042857,66.98720702940243,0.38278388522987017
2785.4864897006846,62.97376275556938,56.7382932911233,24.268453223479117,2.464088091418414,58.08258655187342,67.86493895926534,0.3853740377191106
2786.8973793553387,61.14452123751313,57.459687865439456,27.09261387832219,2.7508381604800305,55.68415064539943,66.60489182962684,0.4430914386111906
2788.3082690099927,66.26342834820382,60.21482819507102,25.566347116661678,2.5958692501377394,61.11066861189462,71.41618808451302,0.38582892183474987
2789.7191586646472,62.20088797105214,59.00318199955633,26.576384003076086,2.6984229580641768,56.84456073341963,67.55721520868465,0.427266955022323
2791.1300483193013,66.44605314801255,60.9661067325442,26.175141674982203,2.6576829721522355,61.17059414326724,71.72151215275787,0.39393072176424854
2792.5409379739554,62.78195196449175,58.15897806588821,27.89363491986687,2.8321695247524032,57.16013989026197,68.40376403872153,0.4442938463532157
2793.9518276286094,61.65859435365688,56.95682021682072,22.199309231729927,2.253998349705233,57.18444299127519,66.13274571603857,0.36003592790975325
2795.3627172832635,62.31054492375424,60.82054456520012,21.635764798446047,2.1967790817835144,57.949972910514454,66.67111693699404,0.34722477270774094
2796.7736069379175,60.753174471107144,60.100535651209746,25.606749762859923,2.5999715173256033,55.592271798788325,65.91407714342597,0.4214882594330593
2798.184496592572,59.920735748393426,57.00608979515073,23.399053016470248,2.3758138748031308,55.20478247979149,64.63668901699536,0.39050009523785956
2799.595386247226,60.73532410274517,57.04586881914089,26.581841099564244,2.698977042263378,55.377897016669976,66.09275118882036,0.437666901301063
2801.00627590188,61.82802915189346,57.58303247123326,26.905070284293238,2.731795993580763,56.40545696233236,67.25060134145457,0.43515975930908807
2802.417165556534,61.327012140248584,55.09858427428949,24.145539540987368,2.451608097802369,56.46060852808848,66.19341575240868,0.39371785284058836
2803.8280552111883,61.44601283790738,57.40473470305739,22.491689170497022,2.2836850346641504,56.91293387162087,65.97909180419389,0.366039847529723
2805.2389448658423,63.85292652692356,58.98030453696674,26.272955191187364,2.6676144300099502,58.55775373414005,69.14809931970707,0.41146047049400913
2806.649834520497,63.844512429153596,60.333932643910344,22.207739503743316,2.2548543141412156,59.368661990795246,68.32036286751195,0.3478410071403803
2808.060724175151,59.82274547346034,55.72580323160865,27.328009936903545,2.774739009016845,54.31493207196878,65.3305588749519,0.4568163784630596
2809.471613829805,60.885753864217534,60.56386158829168,28.982613425230582,2.9427385396858017,55.04446403000352,66.72704369843154,0.4760163352804213
2810.882503484459,57.498834362748575,54.924802242365956,27.556778821634396,2.7979669699981815,51.9449138231202,63.05275490237695,0.47925804282890716
2812.293393139113,56.27157593926617,52.06400411499575,25.80911198911941,2.6205182883656506,51.06988824878024,61.473263629752104,0.458652731122639
2813.704282793767,59.87829839745013,57.087300885890315,22.973066031307305,2.332561449624928,55.2482005142626,64.50839628063767,0.38366263982353904
2815.1151724484216,60.36616432963923,55.66047342538266,25.415019655061286,2.5805042743562034,55.24390382920343,65.48842483007503,0.42101432047725357
2816.5260621030757,61.91618663664521,58.51213247669566,25.45974102231218,2.585045041229976,56.78491278520265,67.04746048808776,0.41119685183008003
2817.9369517577297,63.69435615311696,60.96579975941493,23.38688868849567,2.374578774427089,58.98085453938464,68.40785776684929,0.36717364144909725
2819.347841412384,60.5267955061707,53.54897832868266,24.41432742826493,2.478899372860533,55.606219141178464,65.44737187116294,0.4033639518513068
2820.758731067038,60.19237271198229,56.48288775514805,27.422590105203344,2.7843421701349347,54.665497186330214,65.71924823763436,0.45558247448425343
2822.169620721692,59.71850646924078,56.814096201009974,22.693825370886184,2.304208856254132,55.144688039085494,64.29232489939606,0.38001327750175895
2823.5805103763464,59.16436010483167,54.144450236122566,25.06049652058972,2.5445079038525176,54.11355183511775,64.2151683745456,0.4235742003494287
2824.9914000310005,59.430424178436795,56.34149198906722,23.78713144789571,2.4152172695150225,54.63625578951069,64.22459256736289,0.40025175281394715
2826.4022896856545,61.20036277838399,57.430869590969664,20.59468159590529,2.091073098055036,57.049615484480185,65.3511100722878,0.33651241039994856
2827.8131793403086,58.265767575856216,54.15818367003736,23.600526652857276,2.39627042321124,53.50920837959611,63.02232677211632,0.40504961377418985
2829.2240689949626,57.31346240614447,52.020475445418235,24.44322038354431,2.4818330079947626,52.38706282143502,62.23986199085391,0.4264830522771523
2830.6349586496167,56.55370004859822,54.444832623787796,22.47177498214939,2.2816630551870984,52.0246346798519,61.08276541734455,0.3973528692700698
2832.045848304271,59.198181941278776,55.151192732347404,23.277799861635227,2.363502482225922,54.5066665937957,63.88969728876185,0.3932181546508553
2833.4567379589253,60.75128375110944,56.931693685433515,25.900993614657384,2.629847453979273,55.53107781324079,65.9714896889781,0.4263447949638493
2834.8676276135793,53.58155000905917,48.610713150141216,21.71677247437633,2.2050041650937344,49.20465133448756,57.958448683630785,0.4053031775061494
2836.2785172682334,50.96417157173091,52.559661799561304,24.07842552535785,2.4447937019627544,46.111294428405,55.81704871505681,0.47245790096809515
2837.6894069228874,22.731175318431372,21.483786926325198,12.229166057087692,1.241683685884621,20.26645268206639,25.195897954796354,0.5379909259320956
2839.1002965775415,3.5954923831557957,5.146588204831834,12.308370991209246,1.249725728496619,1.1148064183733344,6.0761783479382565,3.4232782827942136
2840.511186232196,4.106396481077447,3.110526558278238,11.239332021820864,1.14118126670193,1.8411695700610213,6.371623392093873,2.737030404543854
2841.92207588685,10.472164948453567,8.599999999999909,13.46112258713373,1.3667699197239773,7.7591481003289635,13.18518179657817,1.2854192665406348
