File Version,BWRam4.15_8
Date,2026-02-12 13:44:25
Run Name,
Product Name,
Batch No,
Lot No,
Sample Suppler,
Sample Notes,
title,BWS465-785H
model,BTC665N-785H-SYS
c code,ZSSL
operator,
pixel_start,0
pixel_end,2047
pixel_num,2048
units,3
show_mode,3
data_mode,0
pixel_mode,0
integration times(sec),25
integration times unit,2
time_multiply,1
average number,2
spectrometer_type,72
yaxis,0
yaxis_min,500
yaxis_max,2000
xaxis,1
xaxis_min,0
xaxis_max,2047
coefs_a0,782.085798608048
coefs_a1,0.12281844245306
coefs_a2,-4.27130710519257E-06
coefs_a3,-6.19750623094309E-10
coefs_b0,-8914.54823242072
coefs_b1,19.2326352542194
coefs_b2,-0.0159067122090297
coefs_b3,7.53004431538809E-06
laser_wavelength,784.92
laser_powerlevel,15
probe_index,0
probe_name,
dark_compensate,0
gain,46261
offset,2048
numcoeff_d,0
coefs_d0,0
coefs_d1,1
coefs_d2,0
coefs_d3,0
coefs_d4,0
coefs_d5,0
coefs_d6,0
coefs_d7,0
irradiance_lamp_inttime,1
irradiance_lamp_unitindex,0
Color_Data_Flag,0
Color_StartWL,783
Color_EndWL,783
Color_IncWL,10
power_unit_index,0
photometric_index,0
Illuminant_index,2
observer_index,0
lab_l,0
lab_a,0
lab_b,0
radiometric_flag,0
Data Pretreat_0,
Data Pretreat_1,
Data Pretreat_2,
Data Pretreat_3,
Data Pretreat_4,
Data Pretreat_5,
Data Pretreat_6,
Data Pretreat_7,
Data Pretreat_8,
Data Pretreat_9,
Data Pretreat_10,
Data Pretreat_11,
Data Pretreat_12,
Data Pretreat_13,
Data Pretreat_14,
Data Pretreat_15,
Data Pretreat_16,
Data Pretreat_17,
Data Pretreat_18,
Data Pretreat_19,
Data Pretreat_20,
Data Pretreat_21,
Data Pretreat_22,
Data Pretreat_23,
Data Pretreat_24,
Data Pretreat_25,
Data Pretreat_26,
Data Pretreat_27,
Data Pretreat_28,
Data Pretreat_29,
Pixel,Wavelength,Wavenumber,Raman Shift,Dark,Reference,Raw data #1,Dark Subtracted #1,%TR #1,Absorbance #1,Irradiance (W/cm^2/nm) #1,RelativeIntensityCorrection_Ratio #1,ReferenceMaterialCorrection_Ratio #1,AbsoluteIrradianceCorrection_Ratio #1,
0,782.085798608048,12786.3209098004,-46.169047190162,1424,65535,1451.5,27.5,0,0,0,1,1,1,
1,782.208612778574,12784.3133361545,-44.161473544249,1470.5,65535,1502,31.5,0,0,0,1,1,1,
2,782.331418402768,12782.306532462,-42.1546698518468,1387.5,65535,1423,35.5,0,0,0,1,1,1,
3,782.45421547691,12780.3004983556,-40.1486357454087,1448.5,65535,1499.5,51,0,0,0,1,1,1,
4,782.577003997282,12778.2952334678,-38.1433708576169,1399.5,65535,1449.5,50,0,0,0,1,1,1,
5,782.699783960167,12776.2907374316,-36.1388748214067,1921.5,65535,1983,61.5,0,0,0,1,1,1,
6,782.822555361844,12774.2870098802,-34.1351472699553,1366.5,65535,1419,52.5,0,0,0,1,1,1,
7,782.945318198597,12772.2840504469,-32.1321878366853,1290,65535,1319.5,29.5,0,0,0,1,1,1,
8,783.068072466705,12770.2818587655,-30.1299961552522,1272,65535,1314.5,42.5,0,0,0,1,1,1,
9,783.190818162452,12768.2804344698,-28.1285718595627,1344,65535,1378.5,34.5,0,0,0,1,1,1,
10,783.313555282117,12766.279777194,-26.127914583758,1446.5,65535,1479.5,33,0,0,0,1,1,1,
11,783.436283821984,12764.2798865724,-24.1280239622283,1416.5,65535,1466.5,50,0,0,0,1,1,1,
12,783.559003778332,12762.2807622398,-22.1288996296043,1465.5,65535,1523,57.5,0,0,0,1,1,1,
13,783.681715147445,12760.2824038309,-20.1305412207475,1365,65535,1411.5,46.5,0,0,0,1,1,1,
14,783.804417925602,12758.284810981,-18.1329483707741,1467,65535,1546,79,0,0,0,1,1,1,
15,783.927112109087,12756.2879833252,-16.136120715033,1452.5,65535,1567.5,115,0,0,0,1,1,1,
16,784.049797694179,12754.2919204993,-14.1400578891189,1437.5,65535,1727,289.5,0,0,0,1,1,1,
17,784.172474677162,12752.2966221391,-12.1447595288591,1439.5,65535,2374,934.5,0,0,0,1,1,1,
18,784.295143054315,12750.3020878805,-10.1502252703322,1425.5,65535,2989,1563.5,0,0,0,1,1,1,
19,784.417802821922,12748.30831736,-8.1564547498474,1400.5,65535,3446,2045.5,0,0,0,1,1,1,
20,784.540453976262,12746.3153102142,-6.16344760395987,1520,65535,4646,3126,0,0,0,1,1,1,
21,784.663096513618,12744.3230660797,-4.17120346946103,1516.5,65535,7193.5,5677,0,0,0,1,1,1,
22,784.785730430272,12742.3315845936,-2.1797219833843,1472.5,65535,9072,7599.5,0,0,0,1,1,1,
23,784.908355722504,12740.3408653932,-0.189002782999523,1379,65535,6304,4925,0,0,0,1,1,1,
24,785.030972386596,12738.350908116,1.80095449418513,1437.5,65535,3285.5,1848,0,0,0,1,1,1,
25,785.15358041883,12736.3617123998,3.7901502104105,1313.5,65535,1978.5,665,0,0,0,1,1,1,
26,785.276179815487,12734.3732778825,5.77858472769731,1317,65535,1914,597,0,0,0,1,1,1,
27,785.398770572849,12732.3856042024,7.76625840781526,1422,65535,1937.5,515.5,0,0,0,1,1,1,
28,785.521352687198,12730.3986909979,9.75317161230305,1340,65535,1422.5,82.5,0,0,0,1,1,1,
29,785.643926154813,12728.4125379078,11.7393247024465,1365,65535,1445.5,80.5,0,0,0,1,1,1,
30,785.766490971978,12726.4271445709,13.7247180393133,1311.5,65535,1383,71.5,0,0,0,1,1,1,
31,785.889047134974,12724.4425106265,15.7093519837217,1384.5,65535,1471,86.5,0,0,0,1,1,1,
32,786.011594640082,12722.4586357139,17.6932268962537,1463.5,65535,1524,60.5,0,0,0,1,1,1,
33,786.134133483583,12720.4755194729,19.6763431372528,1409,65535,1481,72,0,0,0,1,1,1,
34,786.25666366176,12718.4931615434,21.6587010668318,1404.5,65535,1473.5,69,0,0,0,1,1,1,
35,786.379185170893,12716.5115615653,23.6403010448576,1453.5,65535,1542,88.5,0,0,0,1,1,1,
36,786.501698007265,12714.5307191792,25.6211434309644,1583,65535,1690.5,107.5,0,0,0,1,1,1,
37,786.624202167156,12712.5506340257,27.60122858455,1436,65535,1551,115,0,0,0,1,1,1,
38,786.746697646848,12710.5713057454,29.5805568647775,1832.5,65535,2001,168.5,0,0,0,1,1,1,
39,786.869184442623,12708.5927339796,31.5591286305698,1827,65535,2317,490,0,0,0,1,1,1,
40,786.991662550762,12706.6149183696,33.5369442406154,1729,65535,2345.5,616.5,0,0,0,1,1,1,
41,787.114131967547,12704.6378585568,35.5140040533643,1716,65535,2559,843,0,0,0,1,1,1,
42,787.236592689259,12702.6615541832,37.4903084270354,1764,65535,3070,1306,0,0,0,1,1,1,
43,787.359044712179,12700.6860048906,39.4658577196114,1987.5,65535,3900.5,1913,0,0,0,1,1,1,
44,787.48148803259,12698.7112103214,41.4406522888366,2026.5,65535,4611.5,2585,0,0,0,1,1,1,
45,787.603922646772,12696.737170118,43.4146924922206,2315.5,65535,5553.5,3238,0,0,0,1,1,1,
46,787.726348551008,12694.7638839232,45.3879786870384,2711.5,65535,6699.5,3988,0,0,0,1,1,1,
47,787.848765741577,12692.7913513799,47.3605112303303,2951,65535,7844.5,4893.5,0,0,0,1,1,1,
48,787.971174214764,12690.8195721313,49.3322904789075,3188,65535,8921.5,5733.5,0,0,0,1,1,1,
49,788.093573966847,12688.8485458209,51.3033167893354,3581,65535,10224.5,6643.5,0,0,0,1,1,1,
50,788.21596499411,12686.8782720922,53.2735905179561,3794,65535,11097.5,7303.5,0,0,0,1,1,1,
51,788.338347292834,12684.9087505893,55.2431120208676,4106.5,65535,12153,8046.5,0,0,0,1,1,1,
52,788.460720859299,12682.9399809563,57.2118816539387,4308,65535,12790.5,8482.5,0,0,0,1,1,1,
53,788.583085689788,12680.9719628374,59.179899772811,4493.5,65535,13385,8891.5,0,0,0,1,1,1,
54,788.705441780582,12679.0046958773,61.1471667328824,4733.5,65535,14237.5,9504,0,0,0,1,1,1,
55,788.827789127963,12677.0381797209,63.1136828893214,4821.5,65535,14716,9894.5,0,0,0,1,1,1,
56,788.950127728212,12675.0724140131,65.0794485970673,4750,65535,14923.5,10173.5,0,0,0,1,1,1,
57,789.072457577611,12673.1073983994,67.0444642108196,4825.5,65535,15253.5,10428,0,0,0,1,1,1,
58,789.19477867244,12671.1431325252,69.0087300850446,4869,65535,15463,10594,0,0,0,1,1,1,
59,789.317091008982,12669.1796160362,70.9722465739851,4894,65535,15817,10923,0,0,0,1,1,1,
60,789.439394583518,12667.2168485786,72.9350140316456,5103,65535,16078.5,10975.5,0,0,0,1,1,1,
61,789.56168939233,12665.2548297984,74.8970328117921,5198,65535,16181,10983,0,0,0,1,1,1,
62,789.683975431699,12663.2935593422,76.8583032679744,5207,65535,16268.5,11061.5,0,0,0,1,1,1,
63,789.806252697906,12661.3330368567,78.8188257534912,5067.5,65535,16175,11107.5,0,0,0,1,1,1,
64,789.928521187234,12659.3732619888,80.7786006214246,5091.5,65535,16270.5,11179,0,0,0,1,1,1,
65,790.050780895963,12657.4142343856,82.7376282246223,5213,65535,16321.5,11108.5,0,0,0,1,1,1,
66,790.173031820375,12655.4559536945,84.6959089156935,5067,65535,16224,11157,0,0,0,1,1,1,
67,790.295273956751,12653.4984195632,86.6534430470238,5118,65535,16328,11210,0,0,0,1,1,1,
68,790.417507301374,12651.5416316394,88.6102309707621,5191,65535,16385,11194,0,0,0,1,1,1,
69,790.539731850524,12649.5855895714,90.566273038834,5187.5,65535,16321,11133.5,0,0,0,1,1,1,
70,790.661947600483,12647.6302930073,92.5215696029263,5216.5,65535,16316,11099.5,0,0,0,1,1,1,
71,790.784154547533,12645.6757415957,94.4761210145007,5990.5,65535,17088,11097.5,0,0,0,1,1,1,
72,790.906352687954,12643.7219349854,96.4299276247893,5178,65535,16235.5,11057.5,0,0,0,1,1,1,
73,791.02854201803,12641.7688728254,98.3829897847845,5266.5,65535,16295.5,11029,0,0,0,1,1,1,
74,791.15072253404,12639.8165547649,100.335307845264,5275.5,65535,16312,11036.5,0,0,0,1,1,1,
75,791.272894232267,12637.8649804534,102.286882156764,5086.5,65535,16088.5,11002,0,0,0,1,1,1,
76,791.395057108992,12635.9141495406,104.237713069599,5046.5,65535,16081,11034.5,0,0,0,1,1,1,
77,791.517211160496,12633.9640616764,106.187800933843,5103,65535,16053.5,10950.5,0,0,0,1,1,1,
78,791.639356383061,12632.0147165108,108.137146099358,4966,65535,15958,10992,0,0,0,1,1,1,
79,791.761492772969,12630.0661136944,110.085748915759,5062,65535,16035.5,10973.5,0,0,0,1,1,1,
80,791.8836203265,12628.1182528778,112.033609732445,5125.5,65535,16055.5,10930,0,0,0,1,1,1,
81,792.005739039938,12626.1711337116,113.980728898583,5127,65535,16060.5,10933.5,0,0,0,1,1,1,
82,792.127848909562,12624.2247558471,115.927106763107,5083.5,65535,16047,10963.5,0,0,0,1,1,1,
83,792.249949931655,12622.2791189355,117.87274367473,5226,65535,16137,10911,0,0,0,1,1,1,
84,792.372042102498,12620.3342226283,119.817639981929,5067.5,65535,16008.5,10941,0,0,0,1,1,1,
85,792.494125418372,12618.3900665772,121.761796032959,5230,65535,16144,10914,0,0,0,1,1,1,
86,792.616199875559,12616.4466504344,123.705212175848,4993.5,65535,15850,10856.5,0,0,0,1,1,1,
87,792.73826547034,12614.5039738518,125.647888758393,4925,65535,15736.5,10811.5,0,0,0,1,1,1,
88,792.860322198998,12612.562036482,127.589826128164,4892,65535,15724,10832,0,0,0,1,1,1,
89,792.982370057813,12610.6208379777,129.531024632504,4943,65535,15698,10755,0,0,0,1,1,1,
90,793.104409043067,12608.6803779917,131.471484618531,5092,65535,15894,10802,0,0,0,1,1,1,
91,793.226439151042,12606.7406561771,133.411206433135,5201,65535,15952,10751,0,0,0,1,1,1,
92,793.348460378018,12604.8016721872,135.35019042298,5214,65535,15986,10772,0,0,0,1,1,1,
93,793.470472720278,12602.8634256757,137.288436934499,5144,65535,15931,10787,0,0,0,1,1,1,
94,793.592476174103,12600.9259162963,139.225946313907,5259,65535,16135,10876,0,0,0,1,1,1,
95,793.714470735774,12598.989143703,141.162718907186,5163.5,65535,16025,10861.5,0,0,0,1,1,1,
96,793.836456401573,12597.0531075501,143.098755060095,5151,65535,16003,10852,0,0,0,1,1,1,
97,793.958433167782,12595.117807492,145.034055118169,4851.5,65535,15727,10875.5,0,0,0,1,1,1,
98,794.080401030681,12593.1832431835,146.968619426712,5011,65535,15865.5,10854.5,0,0,0,1,1,1,
99,794.202359986553,12591.2494142794,148.902448330808,5026,65535,15846.5,10820.5,0,0,0,1,1,1,
100,794.324310031679,12589.3163204349,150.835542175313,5080.5,65535,15909,10828.5,0,0,0,1,1,1,
101,794.44625116234,12587.3839613053,152.767901304856,5014,65535,15916,10902,0,0,0,1,1,1,
102,794.568183374818,12585.4523365464,154.699526063849,5167,65535,15980,10813,0,0,0,1,1,1,
103,794.690106665395,12583.5214458137,156.63041679647,5045,65535,15972,10927,0,0,0,1,1,1,
104,794.812021030352,12581.5912887635,158.560573846682,5126,65535,15924.5,10798.5,0,0,0,1,1,1,
105,794.93392646597,12579.661865052,160.489997558212,5228,65535,15992,10764,0,0,0,1,1,1,
106,795.05582296853,12577.7331743356,162.418688274569,5131.5,65535,15882,10750.5,0,0,0,1,1,1,
107,795.177710534315,12575.8052162712,164.346646339047,5157.5,65535,15964.5,10807,0,0,0,1,1,1,
108,795.299589159607,12573.8779905155,166.273872094696,4986,65535,15753,10767,0,0,0,1,1,1,
109,795.421458840685,12571.9514967258,168.200365884364,5115.5,65535,15930,10814.5,0,0,0,1,1,1,
110,795.543319573832,12570.0257345595,170.126128050659,4863,65535,15623.5,10760.5,0,0,0,1,1,1,
111,795.66517135533,12568.1007036742,172.051158935974,4940.5,65535,15774,10833.5,0,0,0,1,1,1,
112,795.78701418146,12566.1764037277,173.975458882476,4900.5,65535,15783.5,10883,0,0,0,1,1,1,
113,795.908848048503,12564.2528343781,175.899028232114,4922,65535,15805.5,10883.5,0,0,0,1,1,1,
114,796.030672952741,12562.3299952836,177.821867326607,4822,65535,15730.5,10908.5,0,0,0,1,1,1,
115,796.152488890455,12560.4078861027,179.743976507454,4700.5,65535,15597.5,10897,0,0,0,1,1,1,
116,796.274295857927,12558.4865064943,181.665356115935,5009,65535,15814.5,10805.5,0,0,0,1,1,1,
117,796.396093851438,12556.5658561171,183.5860064931,5003,65535,15860,10857,0,0,0,1,1,1,
118,796.517882867271,12554.6459346304,185.505927979792,5098,65535,15985,10887,0,0,0,1,1,1,
119,796.639662901705,12552.7267416936,187.425120916616,5087,65535,15950,10863,0,0,0,1,1,1,
120,796.761433951024,12550.8082769662,189.343585643961,4985.5,65535,15923,10937.5,0,0,0,1,1,1,
121,796.883196011508,12548.8905401082,191.261322501998,5206.5,65535,16055.5,10849,0,0,0,1,1,1,
122,797.004949079438,12546.9735307795,193.178331830672,5162,65535,15945.5,10783.5,0,0,0,1,1,1,
123,797.126693151097,12545.0572486405,195.094613969706,5013,65535,15830.5,10817.5,0,0,0,1,1,1,
124,797.248428222766,12543.1416933516,197.01016925861,5010,65535,15850,10840,0,0,0,1,1,1,
125,797.370154290726,12541.2268645735,198.924998036668,5054.5,65535,15892.5,10838,0,0,0,1,1,1,
126,797.491871351259,12539.3127619673,200.839100642937,5098,65535,15993.5,10895.5,0,0,0,1,1,1,
127,797.613579400646,12537.3993851939,202.752477416265,5209,65535,16106.5,10897.5,0,0,0,1,1,1,
128,797.735278435169,12535.4867339149,204.665128695269,5115.5,65535,15986.5,10871,0,0,0,1,1,1,
129,797.85696845111,12533.5748077918,206.577054818363,5018,65535,15870.5,10852.5,0,0,0,1,1,1,
130,797.978649444749,12531.6636064865,208.488256123717,5061.5,65535,15969,10907.5,0,0,0,1,1,1,
131,798.100321412369,12529.7531296609,210.398732949297,4974,65535,15934.5,10960.5,0,0,0,1,1,1,
132,798.22198435025,12527.8433769774,212.308485632848,4909.5,65535,15862,10952.5,0,0,0,1,1,1,
133,798.343638254675,12525.9343480983,214.217514511893,5041.5,65535,15972.5,10931,0,0,0,1,1,1,
134,798.465283121924,12524.0260426865,216.125819923733,5094,65535,16079.5,10985.5,0,0,0,1,1,1,
135,798.58691894828,12522.1184604047,218.033402205458,5020.5,65535,16012.5,10992,0,0,0,1,1,1,
136,798.708545730023,12520.2116009163,219.940261693931,5074.5,65535,16105.5,11031,0,0,0,1,1,1,
137,798.830163463436,12518.3054638844,221.8463987258,5087,65535,16089.5,11002.5,0,0,0,1,1,1,
138,798.951772144799,12516.4000489727,223.751813637493,5153,65535,16126,10973,0,0,0,1,1,1,
139,799.073371770395,12514.495355845,225.656506765223,5157.5,65535,16192,11034.5,0,0,0,1,1,1,
140,799.194962336505,12512.5913841652,227.560478444981,5016.5,65535,16038,11021.5,0,0,0,1,1,1,
141,799.31654383941,12510.6881335977,229.463729012537,4869,65535,15886.5,11017.5,0,0,0,1,1,1,
142,799.438116275391,12508.7856038067,231.366258803453,4907,65535,15824,10917,0,0,0,1,1,1,
143,799.559679640731,12506.8837944571,233.268068153067,5029,65535,15866,10837,0,0,0,1,1,1,
144,799.681233931711,12504.9827052137,235.169157396496,4932,65535,15807,10875,0,0,0,1,1,1,
145,799.802779144612,12503.0823357416,237.069526868645,4773.5,65535,15689,10915.5,0,0,0,1,1,1,
146,799.924315275715,12501.182685706,238.9691769042,4937.5,65535,15769,10831.5,0,0,0,1,1,1,
147,800.045842321303,12499.2837547726,240.868107837636,5104.5,65535,15913,10808.5,0,0,0,1,1,1,
148,800.167360277657,12497.385542607,242.766320003197,5099,65535,15949,10850,0,0,0,1,1,1,
149,800.288869141058,12495.4880488753,244.66381373492,4906,65535,15678.5,10772.5,0,0,0,1,1,1,
150,800.410368907787,12493.5912732436,246.560589366629,4840,65535,15569.5,10729.5,0,0,0,1,1,1,
151,800.531859574127,12491.6952153783,248.456647231922,4834,65535,15617.5,10783.5,0,0,0,1,1,1,
152,800.653341136359,12489.799874946,250.351987664188,4678,65535,15444.5,10766.5,0,0,0,1,1,1,
153,800.774813590763,12487.9052516136,252.246610996595,4846.5,65535,15601.5,10755,0,0,0,1,1,1,
154,800.896276933623,12486.0113450481,254.140517562102,4996,65535,15801,10805,0,0,0,1,1,1,
155,801.017731161218,12484.1181549168,256.033707693441,4889,65535,15721,10832,0,0,0,1,1,1,
156,801.139176269832,12482.2256808871,257.926181723144,4743.5,65535,15533.5,10790,0,0,0,1,1,1,
157,801.260612255744,12480.3339226267,259.817939983512,4787,65535,15632,10845,0,0,0,1,1,1,
158,801.382039115238,12478.4428798036,261.708982806638,5125,65535,15926,10801,0,0,0,1,1,1,
159,801.503456844593,12476.5525520858,263.599310524403,5142.5,65535,15935,10792.5,0,0,0,1,1,1,
160,801.624865440092,12474.6629391417,265.488923468469,4875.5,65535,15626,10750.5,0,0,0,1,1,1,
161,801.746264898017,12472.7740406399,267.377821970284,4919.5,65535,15667.5,10748,0,0,0,1,1,1,
162,801.867655214648,12470.8858562491,269.26600636108,4948,65535,15777.5,10829.5,0,0,0,1,1,1,
163,801.989036386267,12468.9983856383,271.153476971878,4995.5,65535,15768.5,10773,0,0,0,1,1,1,
164,802.110408409156,12467.1116284767,273.040234133483,4930.5,65535,15576,10645.5,0,0,0,1,1,1,
165,802.231771279596,12465.2255844337,274.926278176486,4679.5,65535,15374.5,10695,0,0,0,1,1,1,
166,802.353124993869,12463.3402531789,276.811609431265,4745,65535,15473.5,10728.5,0,0,0,1,1,1,
167,802.474469548256,12461.4556343822,278.69622822798,4861.5,65535,15588,10726.5,0,0,0,1,1,1,
168,802.595804939039,12459.5717277136,280.580134896583,4877.5,65535,15626,10748.5,0,0,0,1,1,1,
169,802.717131162499,12457.6885328434,282.463329766813,4789.5,65535,15495,10705.5,0,0,0,1,1,1,
170,802.838448214917,12455.806049442,284.345813168189,5548,65535,16220,10672,0,0,0,1,1,1,
171,802.959756092576,12453.9242771802,286.227585430024,5343,65535,16080.5,10737.5,0,0,0,1,1,1,
172,803.081054791756,12452.0432157288,288.108646881416,4955,65535,15676,10721,0,0,0,1,1,1,
173,803.202344308739,12450.162864759,289.988997851247,4988.5,65535,15547,10558.5,0,0,0,1,1,1,
174,803.323624639807,12448.283223942,291.868638668191,4875,65535,15468,10593,0,0,0,1,1,1,
175,803.444895781241,12446.4042929495,293.747569660709,4929.5,65535,15517,10587.5,0,0,0,1,1,1,
176,803.566157729323,12444.5260714532,295.625791157048,4964.5,65535,15634,10669.5,0,0,0,1,1,1,
177,803.687410480334,12442.648559125,297.503303485239,4967.5,65535,15797,10829.5,0,0,0,1,1,1,
178,803.808654030556,12440.7717556371,299.380106973114,4955.5,65535,15721.5,10766,0,0,0,1,1,1,
179,803.929888376269,12438.8956606619,301.256201948281,4919.5,65535,15544.5,10625,0,0,0,1,1,1,
180,804.051113513757,12437.0202738721,303.131588738137,4880,65535,15618.5,10738.5,0,0,0,1,1,1,
181,804.172329439299,12435.1455949403,305.006267669878,4890.5,65535,15592,10701.5,0,0,0,1,1,1,
182,804.293536149178,12433.2716235397,306.880239070475,4807.5,65535,15587,10779.5,0,0,0,1,1,1,
183,804.414733639675,12431.3983593435,308.753503266698,4879.5,65535,15646,10766.5,0,0,0,1,1,1,
184,804.535921907072,12429.5258020251,310.626060585104,4827.5,65535,15511,10683.5,0,0,0,1,1,1,
185,804.65710094765,12427.6539512582,312.49791135204,5050,65535,15763.5,10713.5,0,0,0,1,1,1,
186,804.77827075769,12425.7828067166,314.369055893634,5022.5,65535,15766,10743.5,0,0,0,1,1,1,
187,804.899431333475,12423.9123680744,316.239494535816,5070.5,65535,15835.5,10765,0,0,0,1,1,1,
188,805.020582671285,12422.0426350059,318.109227604295,4868,65535,15702,10834,0,0,0,1,1,1,
189,805.141724767402,12420.1736071856,319.978255424579,4872,65535,15603,10731,0,0,0,1,1,1,
190,805.262857618108,12418.3052842882,321.846578321964,4994,65535,15639,10645,0,0,0,1,1,1,
191,805.383981219684,12416.4376659887,323.714196621529,4930,65535,15569,10639,0,0,0,1,1,1,
192,805.505095568412,12414.5707519621,325.581110648151,4980.5,65535,15641,10660.5,0,0,0,1,1,1,
193,805.626200660572,12412.7045418837,327.447320726491,5047.5,65535,15635.5,10588,0,0,0,1,1,1,
194,805.747296492447,12410.8390354292,329.312827181013,4975.5,65535,15614,10638.5,0,0,0,1,1,1,
195,805.868383060318,12408.9742322742,331.177630335957,5076,65535,15712.5,10636.5,0,0,0,1,1,1,
196,805.989460360467,12407.1101320948,333.041730515366,5091.5,65535,15693.5,10602,0,0,0,1,1,1,
197,806.110528389175,12405.2467345671,334.905128043067,4874,65535,15369,10495,0,0,0,1,1,1,
198,806.231587142723,12403.3840393675,336.767823242679,4986.5,65535,15604.5,10618,0,0,0,1,1,1,
199,806.352636617394,12401.5220461726,338.629816437613,4779,65535,15352,10573,0,0,0,1,1,1,
200,806.473676809468,12399.6607546591,340.491107951078,4940,65535,15448,10508,0,0,0,1,1,1,
201,806.594707715226,12397.8001645041,342.351698106067,4985.5,65535,15536.5,10551,0,0,0,1,1,1,
202,806.715729330952,12395.9402753848,344.211587225367,4943,65535,15468.5,10525.5,0,0,0,1,1,1,
203,806.836741652926,12394.0810869786,346.070775631559,4889.5,65535,15368,10478.5,0,0,0,1,1,1,
204,806.957744677429,12392.2225989632,347.929263647009,4923.5,65535,15480.5,10557,0,0,0,1,1,1,
205,807.078738400743,12390.3648110163,349.787051593894,4932,65535,15484,10552,0,0,0,1,1,1,
206,807.199722819149,12388.507722816,351.644139794162,4962,65535,15513,10551,0,0,0,1,1,1,
207,807.32069792893,12386.6513340406,353.500528569564,4874.5,65535,15377.5,10503,0,0,0,1,1,1,
208,807.441663726366,12384.7956443686,355.356218241648,4907.5,65535,15326,10418.5,0,0,0,1,1,1,
209,807.56262020774,12382.9406534785,357.211209131747,4974,65535,15475.5,10501.5,0,0,0,1,1,1,
210,807.683567369331,12381.0863610492,359.065501560986,4749.5,65535,15222.5,10473,0,0,0,1,1,1,
211,807.804505207423,12379.2327667599,360.919095850299,4802.5,65535,15248,10445.5,0,0,0,1,1,1,
212,807.925433718296,12377.3798702898,362.771992320395,4870.5,65535,15306.5,10436,0,0,0,1,1,1,
213,808.046352898232,12375.5276713184,364.624191291785,4734.5,65535,15211.5,10477,0,0,0,1,1,1,
214,808.167262743513,12373.6761695254,366.475693084774,4871.5,65535,15251.5,10380,0,0,0,1,1,1,
215,808.28816325042,12371.8253645907,368.326498019464,4737.5,65535,15191.5,10454,0,0,0,1,1,1,
216,808.409054415234,12369.9752561945,370.176606415744,4818.5,65535,15234.5,10416,0,0,0,1,1,1,
217,808.529936234237,12368.1258440169,372.026018593304,4829.5,65535,15205,10375.5,0,0,0,1,1,1,
218,808.650808703711,12366.2771277386,373.874734871624,4740,65535,15094.5,10354.5,0,0,0,1,1,1,
219,808.771671819936,12364.4291070402,375.722755569981,4853.5,65535,15161.5,10308,0,0,0,1,1,1,
220,808.892525579195,12362.5817816028,377.570081007447,4669.5,65535,14942.5,10273,0,0,0,1,1,1,
221,809.013369977769,12360.7351511073,379.416711502885,4754,65535,15021.5,10267.5,0,0,0,1,1,1,
222,809.13420501194,12358.8892152352,381.262647374964,4689.5,65535,14916.5,10227,0,0,0,1,1,1,
223,809.255030677988,12357.0439736681,383.107888942135,4673.5,65535,14852,10178.5,0,0,0,1,1,1,
224,809.375846972196,12355.1994260875,384.952436522655,4729,65535,14825,10096,0,0,0,1,1,1,
225,809.496653890845,12353.3555721756,386.79629043457,4561.5,65535,14727,10165.5,0,0,0,1,1,1,
226,809.617451430216,12351.5124116145,388.639450995721,4617.5,65535,14799.5,10182,0,0,0,1,1,1,
227,809.738239586591,12349.6699440864,390.481918523754,4584.5,65535,14719.5,10135,0,0,0,1,1,1,
228,809.859018356252,12347.8281692741,392.323693336104,4543.5,65535,14782.5,10239,0,0,0,1,1,1,
229,809.97978773548,12345.9870868602,394.164775750001,4714,65535,14931,10217,0,0,0,1,1,1,
230,810.100547720556,12344.1466965277,396.005166082479,4778,65535,15018.5,10240.5,0,0,0,1,1,1,
231,810.221298307762,12342.3069979598,397.844864650357,4694.5,65535,14942,10247.5,0,0,0,1,1,1,
232,810.342039493379,12340.4679908399,399.683871770265,4908,65535,15066,10158,0,0,0,1,1,1,
233,810.46277127369,12338.6296748516,401.522187758617,4696.5,65535,14938.5,10242,0,0,0,1,1,1,
234,810.583493644974,12336.7920496786,403.359812931632,4620,65535,14828,10208,0,0,0,1,1,1,
235,810.704206603515,12334.9551150049,405.196747605327,4641,65535,14901,10260,0,0,0,1,1,1,
236,810.824910145593,12333.1188705147,407.032992095506,4520.5,65535,14849,10328.5,0,0,0,1,1,1,
237,810.94560426749,12331.2833158924,408.868546717782,4694,65535,14998,10304,0,0,0,1,1,1,
238,811.066288965488,12329.4484508226,410.703411787561,4554,65535,14923,10369,0,0,0,1,1,1,
239,811.186964235867,12327.6142749902,412.537587620049,4616.5,65535,14839.5,10223,0,0,0,1,1,1,
240,811.30763007491,12325.78078808,414.371074530249,4563.5,65535,14901,10337.5,0,0,0,1,1,1,
241,811.428286478897,12323.9479897772,416.203872832957,4764.5,65535,15152,10387.5,0,0,0,1,1,1,
242,811.548933444111,12322.1158797674,418.035982842777,4768.5,65535,15060.5,10292,0,0,0,1,1,1,
243,811.669570966833,12320.2844577361,419.867404874105,4771.5,65535,15074,10302.5,0,0,0,1,1,1,
244,811.790199043344,12318.4537233691,421.698139241136,4425.5,65535,14801,10375.5,0,0,0,1,1,1,
245,811.910817669926,12316.6236763523,423.528186257867,4534.5,65535,14810.5,10276,0,0,0,1,1,1,
246,812.031426842861,12314.7943163721,425.357546238092,4551.5,65535,14762.5,10211,0,0,0,1,1,1,
247,812.152026558429,12312.9656431148,427.186219495403,4495.5,65535,14616,10120.5,0,0,0,1,1,1,
248,812.272616812913,12311.137656267,429.014206343187,4506,65535,14632.5,10126.5,0,0,0,1,1,1,
249,812.393197602594,12309.3103555156,430.841507094647,4460.5,65535,14587,10126.5,0,0,0,1,1,1,
250,812.513768923753,12307.4837405474,432.668122062767,4506.5,65535,14653.5,10147,0,0,0,1,1,1,
251,812.634330772671,12305.6578110499,434.494051560343,4681.5,65535,14700,10018.5,0,0,0,1,1,1,
252,812.754883145632,12303.8325667102,436.319295899961,4555.5,65535,14571,10015.5,0,0,0,1,1,1,
253,812.875426038914,12302.0080072162,438.14385539401,4328.5,65535,14290,9961.5,0,0,0,1,1,1,
254,812.995959448802,12300.1841322555,439.967730354691,4315,65535,14332.5,10017.5,0,0,0,1,1,1,
255,813.116483371575,12298.3609415162,441.790921093985,4135.5,65535,14043.5,9908,0,0,0,1,1,1,
256,813.236997803516,12296.5384346865,443.613427923692,3852,65535,13787.5,9935.5,0,0,0,1,1,1,
257,813.357502740905,12294.7166114548,445.435251155401,4063.5,65535,13891.5,9828,0,0,0,1,1,1,
258,813.477998180025,12292.8954715097,447.256391100504,4289.5,65535,14140,9850.5,0,0,0,1,1,1,
259,813.598484117156,12291.07501454,449.076848070199,4287,65535,14136.5,9849.5,0,0,0,1,1,1,
260,813.718960548581,12289.2552402347,450.89662237548,4182.5,65535,14036.5,9854,0,0,0,1,1,1,
261,813.839427470581,12287.4361482831,452.715714327145,4080,65535,13910,9830,0,0,0,1,1,1,
262,813.959884879437,12285.6177383744,454.534124235792,4041,65535,13830.5,9789.5,0,0,0,1,1,1,
263,814.080332771431,12283.8000101984,456.351852411821,4222,65535,14071.5,9849.5,0,0,0,1,1,1,
264,814.200771142843,12281.9829634448,458.16889916543,4204,65535,14011,9807,0,0,0,1,1,1,
265,814.321199989957,12280.1665978036,459.985264806626,4087,65535,14020.5,9933.5,0,0,0,1,1,1,
266,814.441619309054,12278.350912965,461.800949645216,4108,65535,13974.5,9866.5,0,0,0,1,1,1,
267,814.562029096414,12276.5359086194,463.615953990806,3841.5,65535,13575,9733.5,0,0,0,1,1,1,
268,814.682429348319,12274.7215844574,465.430278152804,3765.5,65535,13554.5,9789,0,0,0,1,1,1,
269,814.802820061051,12272.9079401698,467.243922440422,3707,65535,13510,9803,0,0,0,1,1,1,
270,814.923201230891,12271.0949754475,469.056887162678,4055,65535,13809,9754,0,0,0,1,1,1,
271,815.043572854121,12269.2826899818,470.869172628391,4171,65535,13868,9697,0,0,0,1,1,1,
272,815.163934927023,12267.471083464,472.680779146182,3809.5,65535,13512,9702.5,0,0,0,1,1,1,
273,815.284287445877,12265.6601555857,474.491707024468,3773.5,65535,13453.5,9680,0,0,0,1,1,1,
274,815.404630406965,12263.8499060387,476.301956571482,4044.5,65535,13750.5,9706,0,0,0,1,1,1,
275,815.52496380657,12262.0403345149,478.111528095253,4391.5,65535,14063,9671.5,0,0,0,1,1,1,
276,815.645287640971,12260.2314407066,479.920421903618,4110.5,65535,13835,9724.5,0,0,0,1,1,1,
277,815.765601906451,12258.423224306,481.72863830421,3984,65535,13672.5,9688.5,0,0,0,1,1,1,
278,815.885906599292,12256.6156850057,483.536177604474,3906,65535,13539.5,9633.5,0,0,0,1,1,1,
279,816.006201715774,12254.8088224986,485.343040111651,3574.5,65535,13153,9578.5,0,0,0,1,1,1,
280,816.12648725218,12253.0026364774,487.149226132797,3264,65535,12764,9500,0,0,0,1,1,1,
281,816.24676320479,12251.1971266354,488.954735974761,3642,65535,13193,9551,0,0,0,1,1,1,
282,816.367029569886,12249.392292666,490.759569944203,3889,65535,13383.5,9494.5,0,0,0,1,1,1,
283,816.48728634375,12247.5881342626,492.563728347586,4000.5,65535,13490,9489.5,0,0,0,1,1,1,
284,816.607533522664,12245.784651119,494.367211491179,4146.5,65535,13633,9486.5,0,0,0,1,1,1,
285,816.727771102908,12243.9818429291,496.170019681054,3684.5,65535,13110.5,9426,0,0,0,1,1,1,
286,816.847999080764,12242.1797093871,497.972153223085,3733,65535,13120,9387,0,0,0,1,1,1,
287,816.968217452514,12240.3782501872,499.77361242296,3958.5,65535,13455,9496.5,0,0,0,1,1,1,
288,817.08842621444,12238.577465024,501.574397586164,4432.5,65535,13915,9482.5,0,0,0,1,1,1,
289,817.208625362822,12236.7773535922,503.374509017991,4322.5,65535,13789.5,9467,0,0,0,1,1,1,
290,817.328814893942,12234.9779155867,505.173947023542,4169,65535,13666,9497,0,0,0,1,1,1,
291,817.448994804082,12233.1791507025,506.972711907716,3803.5,65535,13254.5,9451,0,0,0,1,1,1,
292,817.569165089523,12231.381058635,508.770803975232,3493.5,65535,12876,9382.5,0,0,0,1,1,1,
293,817.689325746547,12229.5836390796,510.568223530603,3320,65535,12751.5,9431.5,0,0,0,1,1,1,
294,817.809476771435,12227.7868917321,512.364970878152,3876.5,65535,13250,9373.5,0,0,0,1,1,1,
295,817.929618160469,12225.9908162882,514.161046322009,4149,65535,13544,9395,0,0,0,1,1,1,
296,818.04974990993,12224.1954124441,515.956450166112,3885,65535,13392,9507,0,0,0,1,1,1,
297,818.169872016099,12222.400679896,517.751182714195,4080,65535,13584.5,9504.5,0,0,0,1,1,1,
298,818.289984475259,12220.6066183404,519.545244269821,4203.5,65535,13737.5,9534,0,0,0,1,1,1,
299,818.41008728369,12218.8132274739,521.338635136335,4115,65535,13506.5,9391.5,0,0,0,1,1,1,
300,818.530180437675,12217.0205069933,523.131355616908,3942.5,65535,13342,9399.5,0,0,0,1,1,1,
301,818.650263933494,12215.2284565957,524.923406014505,3842,65535,13333,9491,0,0,0,1,1,1,
302,818.77033776743,12213.4370759783,526.714786631906,3893,65535,13381,9488,0,0,0,1,1,1,
303,818.890401935763,12211.6463648385,528.505497771697,4053.5,65535,13515.5,9462,0,0,0,1,1,1,
304,819.010456434775,12209.8563228739,530.295539736278,4272,65535,13681,9409,0,0,0,1,1,1,
305,819.130501260748,12208.0669497824,532.084912827839,3802,65535,13139,9337,0,0,0,1,1,1,
306,819.250536409963,12206.2782452618,533.873617348396,3779,65535,13326,9547,0,0,0,1,1,1,
307,819.370561878702,12204.4902090104,535.661653599765,3971.5,65535,13399,9427.5,0,0,0,1,1,1,
308,819.490577663246,12202.7028407266,537.449021883567,4014.5,65535,13430.5,9416,0,0,0,1,1,1,
309,819.610583759876,12200.916140109,539.235722501244,3687.5,65535,13083,9395.5,0,0,0,1,1,1,
310,819.730580164875,12199.1301068562,541.021755754035,3727.5,65535,13110.5,9383,0,0,0,1,1,1,
311,819.850566874523,12197.3447406672,542.807121942988,3809.5,65535,13150,9340.5,0,0,0,1,1,1,
312,819.970543885103,12195.5600412412,544.591821368967,4335,65535,13706,9371,0,0,0,1,1,1,
313,820.090511192895,12193.7760082776,546.37585433264,4521.5,65535,13797.5,9276,0,0,0,1,1,1,
314,820.210468794181,12191.9926414757,548.159221134483,4819,65535,14084.5,9265.5,0,0,0,1,1,1,
315,820.330416685243,12190.2099405354,549.941922074791,4713,65535,14038,9325,0,0,0,1,1,1,
316,820.450354862361,12188.4279051565,551.723957453652,4521,65535,13722,9201,0,0,0,1,1,1,
317,820.570283321819,12186.6465350392,553.505327570978,4484.5,65535,13686.5,9202,0,0,0,1,1,1,
318,820.690202059896,12184.8658298837,555.286032726481,4407.5,65535,13613,9205.5,0,0,0,1,1,1,
319,820.810111072876,12183.0857893905,557.066073219688,4285.5,65535,13466,9180.5,0,0,0,1,1,1,
320,820.930010357038,12181.3064132603,558.845449349939,4361,65535,13474.5,9113.5,0,0,0,1,1,1,
321,821.049899908665,12179.5277011938,560.624161416377,4196.5,65535,13229.5,9033,0,0,0,1,1,1,
322,821.169779724038,12177.7496528922,562.40220971796,4109.5,65535,13147.5,9038,0,0,0,1,1,1,
323,821.289649799438,12175.9722680567,564.179594553454,4334,65535,13455.5,9121.5,0,0,0,1,1,1,
324,821.409510131148,12174.1955463888,565.956316221434,4208,65535,13252,9044,0,0,0,1,1,1,
325,821.529360715448,12172.4194875899,567.732375020294,4153.5,65535,13178.5,9025,0,0,0,1,1,1,
326,821.64920154862,12170.644091362,569.507771248231,4070.5,65535,13120.5,9050,0,0,0,1,1,1,
327,821.769032626946,12168.869357407,571.282505203249,3867,65535,12873.5,9006.5,0,0,0,1,1,1,
328,821.888853946707,12167.095285427,573.056577183179,4059.5,65535,13078,9018.5,0,0,0,1,1,1,
329,822.008665504185,12165.3218751246,574.829987485648,3922,65535,12867,8945,0,0,0,1,1,1,
330,822.12846729566,12163.5491262021,576.6027364081,3934,65535,12944,9010,0,0,0,1,1,1,
331,822.248259317415,12161.7770383624,578.374824247796,3966.5,65535,12921,8954.5,0,0,0,1,1,1,
332,822.368041565731,12160.0056113084,580.146251301796,3736,65535,12650.5,8914.5,0,0,0,1,1,1,
333,822.48781403689,12158.2348447432,581.917017866981,3321.5,65535,12215.5,8894,0,0,0,1,1,1,
334,822.607576727173,12156.4647383702,583.687124240043,2835,65535,11650.5,8815.5,0,0,0,1,1,1,
335,822.727329632861,12154.6952918927,585.45657071749,2932,65535,11822,8890,0,0,0,1,1,1,
336,822.847072750237,12152.9265050146,587.225357595635,3039,65535,11873,8834,0,0,0,1,1,1,
337,822.96680607558,12151.1583774396,588.9934851706,3050,65535,11910,8860,0,0,0,1,1,1,
338,823.086529605174,12149.3909088719,590.760953738332,3446,65535,12313,8867,0,0,0,1,1,1,
339,823.2062433353,12147.6240990156,592.527763594586,3692.5,65535,12559.5,8867,0,0,0,1,1,1,
340,823.325947262238,12145.8579475753,594.293915034921,3871.5,65535,12730,8858.5,0,0,0,1,1,1,
341,823.445641382271,12144.0924542555,596.059408354722,4239,65535,13077.5,8838.5,0,0,0,1,1,1,
342,823.56532569168,12142.327618761,597.824243849183,4195,65535,13013,8818,0,0,0,1,1,1,
343,823.685000186746,12140.5634407969,599.588421813303,4564.5,65535,13426,8861.5,0,0,0,1,1,1,
344,823.804664863752,12138.7999200683,601.351942541907,4483.5,65535,13334.5,8851,0,0,0,1,1,1,
345,823.924319718978,12137.0370562806,603.114806329624,4136.5,65535,12994,8857.5,0,0,0,1,1,1,
346,824.043964748706,12135.2748491393,604.877013470903,4205,65535,13029.5,8824.5,0,0,0,1,1,1,
347,824.163599949217,12133.5132983502,606.638564260005,3935.5,65535,12732.5,8797,0,0,0,1,1,1,
348,824.283225316794,12131.7524036192,608.399458991002,3983.5,65535,12739,8755.5,0,0,0,1,1,1,
349,824.402840847717,12129.9921646524,610.159697957783,4296.5,65535,13056.5,8760,0,0,0,1,1,1,
350,824.522446538268,12128.2325811562,611.919281454051,4459,65535,13189,8730,0,0,0,1,1,1,
351,824.642042384728,12126.4736528369,613.678209773321,4486,65535,13211.5,8725.5,0,0,0,1,1,1,
352,824.76162838338,12124.7153794013,615.436483208929,4401,65535,13142,8741,0,0,0,1,1,1,
353,824.881204530503,12122.9577605562,617.194102054018,4454.5,65535,13172.5,8718,0,0,0,1,1,1,
354,825.000770822381,12121.2007960087,618.951066601549,4263,65535,12958,8695,0,0,0,1,1,1,
355,825.120327255295,12119.4444854659,620.707377144301,4174.5,65535,12812,8637.5,0,0,0,1,1,1,
356,825.239873825525,12117.6888286353,622.463033974862,4396,65535,13047.5,8651.5,0,0,0,1,1,1,
357,825.359410529354,12115.9338252246,624.218037385641,4264,65535,12989,8725,0,0,0,1,1,1,
358,825.478937363062,12114.1794749413,625.972387668859,3832.5,65535,12495,8662.5,0,0,0,1,1,1,
359,825.598454322932,12112.4257774937,627.726085116552,4081,65535,12767,8686,0,0,0,1,1,1,
360,825.717961405246,12110.6727325896,629.479130020578,4125,65535,12821,8696,0,0,0,1,1,1,
361,825.837458606283,12108.9203399376,631.231522672599,4186,65535,12867.5,8681.5,0,0,0,1,1,1,
362,825.956945922327,12107.1685992461,632.983263364104,4235,65535,12863.5,8628.5,0,0,0,1,1,1,
363,826.076423349657,12105.4175102238,634.734352386393,4140,65535,12778.5,8638.5,0,0,0,1,1,1,
364,826.195890884557,12103.6670725796,636.484790030583,4134.5,65535,12695,8560.5,0,0,0,1,1,1,
365,826.315348523308,12101.9172860226,638.234576587611,4265.5,65535,12832.5,8567,0,0,0,1,1,1,
366,826.43479626219,12100.168150262,639.983712348219,4449,65535,13033.5,8584.5,0,0,0,1,1,1,
367,826.554234097485,12098.4196650072,641.73219760298,4426.5,65535,12964,8537.5,0,0,0,1,1,1,
368,826.673662025476,12096.6718299679,643.480032642277,4475,65535,12967.5,8492.5,0,0,0,1,1,1,
369,826.793080042443,12094.9246448539,645.227217756308,4377.5,65535,12898.5,8521,0,0,0,1,1,1,
370,826.912488144668,12093.1781093751,646.973753235096,4194,65535,12755.5,8561.5,0,0,0,1,1,1,
371,827.031886328432,12091.4322232417,648.719639368464,3898.5,65535,12455.5,8557,0,0,0,1,1,1,
372,827.151274590017,12089.6869861641,650.464876446078,3961.5,65535,12394.5,8433,0,0,0,1,1,1,
373,827.270652925705,12087.9423978528,652.209464757396,3590,65535,12031,8441,0,0,0,1,1,1,
374,827.390021331776,12086.1984580185,653.95340459171,3751,65535,12233.5,8482.5,0,0,0,1,1,1,
375,827.509379804513,12084.4551663721,655.696696238127,3784,65535,12231.5,8447.5,0,0,0,1,1,1,
376,827.628728340197,12082.7125226246,657.439339985565,4063,65535,12453,8390,0,0,0,1,1,1,
377,827.748066935109,12080.9705264874,659.181336122767,3984.5,65535,12318.5,8334,0,0,0,1,1,1,
378,827.867395585531,12079.2291776719,660.92268493829,3964,65535,12297,8333,0,0,0,1,1,1,
379,827.986714287744,12077.4884758897,662.663386720513,3763,65535,12143.5,8380.5,0,0,0,1,1,1,
380,828.106023038031,12075.7484208526,664.403441757631,3897,65535,12246.5,8349.5,0,0,0,1,1,1,
381,828.225321832671,12074.0090122725,666.142850337659,4237,65535,12542,8305,0,0,0,1,1,1,
382,828.344610667948,12072.2702498618,667.881612748426,4341.5,65535,12604,8262.5,0,0,0,1,1,1,
383,828.463889540142,12070.5321333326,669.619729277587,4106.5,65535,12398,8291.5,0,0,0,1,1,1,
384,828.583158445534,12068.7946623976,671.357200212613,3776.5,65535,12009,8232.5,0,0,0,1,1,1,
385,828.702417380407,12067.0578367694,673.09402584079,3664.5,65535,11892,8227.5,0,0,0,1,1,1,
386,828.821666341042,12065.321656161,674.830206449229,3922,65535,12014.5,8092.5,0,0,0,1,1,1,
387,828.94090532372,12063.5861202853,676.565742324861,4143.5,65535,12176,8032.5,0,0,0,1,1,1,
388,829.060134324724,12061.8512288558,678.300633754428,4124,65535,12245,8121,0,0,0,1,1,1,
389,829.179353340333,12060.1169815857,680.0348810245,3748.5,65535,11818.5,8070,0,0,0,1,1,1,
390,829.29856236683,12058.3833781887,681.768484421467,3719.5,65535,11770,8050.5,0,0,0,1,1,1,
391,829.417761400497,12056.6504183787,683.501444231533,3868.5,65535,11945,8076.5,0,0,0,1,1,1,
392,829.536950437614,12054.9181018695,685.233760740726,4185.5,65535,12158.5,7973,0,0,0,1,1,1,
393,829.656129474464,12053.1864283753,686.965434234891,4217.5,65535,12232,8014.5,0,0,0,1,1,1,
394,829.775298507328,12051.4553976105,688.696464999701,4020,65535,12008.5,7988.5,0,0,0,1,1,1,
395,829.894457532486,12049.7250092896,690.426853320636,3729.5,65535,11790.5,8061,0,0,0,1,1,1,
396,830.013606546222,12047.9952631272,692.156599483014,4038.5,65535,11950.5,7912,0,0,0,1,1,1,
397,830.132745544816,12046.2661588382,693.885703771959,4065,65535,11985.5,7920.5,0,0,0,1,1,1,
398,830.25187452455,12044.5376961378,695.614166472422,3859.5,65535,11736.5,7877,0,0,0,1,1,1,
399,830.370993481705,12042.809874741,697.341987869173,3535.5,65535,11493.5,7958,0,0,0,1,1,1,
400,830.490102412563,12041.0826943634,699.069168246802,3941.5,65535,11869.5,7928,0,0,0,1,1,1,
401,830.609201313405,12039.3561547205,700.795707889734,4057.5,65535,12089,8031.5,0,0,0,1,1,1,
402,830.728290180513,12037.630255528,702.521607082192,4173,65535,12100,7927,0,0,0,1,1,1,
403,830.847369010169,12035.904996502,704.246866108238,3987.5,65535,11986,7998.5,0,0,0,1,1,1,
404,830.966437798653,12034.1803773585,705.97148525175,4042.5,65535,12049.5,8007,0,0,0,1,1,1,
405,831.085496542247,12032.4563978138,707.695464796425,3920.5,65535,11829.5,7909,0,0,0,1,1,1,
406,831.204545237233,12030.7330575844,709.418805025789,4074.5,65535,12058,7983.5,0,0,0,1,1,1,
407,831.323583879893,12029.010356387,711.141506223184,4155.5,65535,12144,7988.5,0,0,0,1,1,1,
408,831.442612466507,12027.2882939384,712.863568671777,3987,65535,11987.5,8000.5,0,0,0,1,1,1,
409,831.561630993357,12025.5668699556,714.584992654554,4105.5,65535,12078.5,7973,0,0,0,1,1,1,
410,831.680639456725,12023.8460841559,716.305778454329,3794,65535,11805,8011,0,0,0,1,1,1,
411,831.799637852893,12022.1259362565,718.025926353735,4135,65535,12182.5,8047.5,0,0,0,1,1,1,
412,831.918626178141,12020.406425975,719.745436635227,3718,65535,11660.5,7942.5,0,0,0,1,1,1,
413,832.037604428752,12018.6875530291,721.464309581086,3536,65535,11475,7939,0,0,0,1,1,1,
414,832.156572601006,12016.9693171368,723.182545473413,4087,65535,12038.5,7951.5,0,0,0,1,1,1,
415,832.275530691185,12015.2517180161,724.900144594132,4239.5,65535,12236.5,7997,0,0,0,1,1,1,
416,832.394478695571,12013.5347553852,726.617107224991,4332,65535,12265,7933,0,0,0,1,1,1,
417,832.513416610446,12011.8184289626,728.333433647569,4107,65535,11991.5,7884.5,0,0,0,1,1,1,
418,832.63234443209,12010.102738467,730.049124143252,3925.5,65535,11765.5,7840,0,0,0,1,1,1,
419,832.751262156785,12008.3876836169,731.764178993264,3913,65535,11718,7805,0,0,0,1,1,1,
420,832.870169780814,12006.6732641316,733.47859847865,4083,65535,11897.5,7814.5,0,0,0,1,1,1,
421,832.989067300456,12004.9594797299,735.19238288027,3923.5,65535,11703.5,7780,0,0,0,1,1,1,
422,833.107954711994,12003.2463301314,736.905532478821,3833.5,65535,11712,7878.5,0,0,0,1,1,1,
423,833.226832011709,12001.5338150554,738.618047554814,3884,65535,11676,7792,0,0,0,1,1,1,
424,833.345699195883,11999.8219342216,740.329928388594,3840.5,65535,11496.5,7656,0,0,0,1,1,1,
425,833.464556260797,11998.1106873499,742.041175260318,4010,65535,11751.5,7741.5,0,0,0,1,1,1,
426,833.583403202733,11996.4000741602,743.751788449978,4029,65535,11742,7713,0,0,0,1,1,1,
427,833.702240017972,11994.6900943728,745.461768237383,3711.5,65535,11514.5,7803,0,0,0,1,1,1,
428,833.821066702796,11992.980747708,747.171114902176,3664,65535,11342.5,7678.5,0,0,0,1,1,1,
429,833.939883253486,11991.2720338864,748.879828723819,4151.5,65535,11792.5,7641,0,0,0,1,1,1,
430,834.058689666323,11989.5639526286,750.587909981596,4119,65535,11858,7739,0,0,0,1,1,1,
431,834.17748593759,11987.8565036556,752.295358954623,4605,65535,12208,7603,0,0,0,1,1,1,
432,834.296272063568,11986.1496866884,754.00217592184,4205,65535,11811.5,7606.5,0,0,0,1,1,1,
433,834.415048040537,11984.4435014482,755.708361162007,4109,65535,11719,7610,0,0,0,1,1,1,
434,834.533813864781,11982.7379476565,757.413914953717,4139,65535,11747,7608,0,0,0,1,1,1,
435,834.652569532579,11981.0330250348,759.118837575385,4642,65535,12226.5,7584.5,0,0,0,1,1,1,
436,834.771315040214,11979.328733305,760.82312930525,4048,65535,11532,7484,0,0,0,1,1,1,
437,834.890050383968,11977.6250721888,762.52679042138,3987,65535,11460.5,7473.5,0,0,0,1,1,1,
438,835.00877556012,11975.9220414085,764.229821201665,4288,65535,11828,7540,0,0,0,1,1,1,
439,835.127490564955,11974.2196406864,765.932221923833,4131,65535,11634,7503,0,0,0,1,1,1,
440,835.246195394751,11972.5178697448,767.633992865425,4130,65535,11541,7411,0,0,0,1,1,1,
441,835.364890045792,11970.8167283064,769.335134303812,4020,65535,11493,7473,0,0,0,1,1,1,
442,835.483574514359,11969.116216094,771.035646516195,4057,65535,11530.5,7473.5,0,0,0,1,1,1,
443,835.602248796733,11967.4163328306,772.735529779597,4026,65535,11568.5,7542.5,0,0,0,1,1,1,
444,835.720912889195,11965.7170782393,774.434784370877,3956,65535,11532.5,7576.5,0,0,0,1,1,1,
445,835.839566788027,11964.0184520435,776.133410566708,4198,65535,11768,7570,0,0,0,1,1,1,
446,835.958210489512,11962.3204539666,777.831408643602,3949,65535,11531.5,7582.5,0,0,0,1,1,1,
447,836.076843989929,11960.6230837323,779.528778877891,3977.5,65535,11435.5,7458,0,0,0,1,1,1,
448,836.195467285561,11958.9263410645,781.225521545737,4027.5,65535,11550.5,7523,0,0,0,1,1,1,
449,836.314080372688,11957.2302256871,782.921636923127,4208,65535,11725,7517,0,0,0,1,1,1,
450,836.432683247594,11955.5347373243,784.61712528588,4150.5,65535,11686,7535.5,0,0,0,1,1,1,
451,836.551275906559,11953.8398757006,786.311986909644,3905,65535,11408,7503,0,0,0,1,1,1,
452,836.669858345864,11952.1456405403,788.006222069889,4169,65535,11668.5,7499.5,0,0,0,1,1,1,
453,836.788430561791,11950.4520315683,789.699831041913,4678.5,65535,12128,7449.5,0,0,0,1,1,1,
454,836.906992550622,11948.7590485094,791.392814100845,4252.5,65535,11868,7615.5,0,0,0,1,1,1,
455,837.025544308638,11947.0666910886,793.085171521647,4265.5,65535,11857.5,7592,0,0,0,1,1,1,
456,837.144085832121,11945.3749590311,794.776903579101,4071.5,65535,11704.5,7633,0,0,0,1,1,1,
457,837.262617117352,11943.6838520624,796.468010547824,4089,65535,11657,7568,0,0,0,1,1,1,
458,837.381138160612,11941.9933699079,798.158492702256,4068.5,65535,11554.5,7486,0,0,0,1,1,1,
459,837.499648958183,11940.3035122935,799.848350316668,4090.5,65535,11614.5,7524,0,0,0,1,1,1,
460,837.618149506347,11938.614278945,801.537583665162,4236,65535,11719.5,7483.5,0,0,0,1,1,1,
461,837.736639801385,11936.9256695885,803.226193021668,4229,65535,11654,7425,0,0,0,1,1,1,
462,837.855119839579,11935.2376839503,804.914178659947,4275.5,65535,11769.5,7494,0,0,0,1,1,1,
463,837.97358961721,11933.5503217566,806.601540853584,4233.5,65535,11723.5,7490,0,0,0,1,1,1,
464,838.092049130559,11931.8635827342,808.288279875998,4236,65535,11733.5,7497.5,0,0,0,1,1,1,
465,838.210498375908,11930.1774666098,809.974396000436,4064.5,65535,11558.5,7494,0,0,0,1,1,1,
466,838.328937349539,11928.4919731102,811.659889499977,4179.5,65535,11629,7449.5,0,0,0,1,1,1,
467,838.447366047733,11926.8071019627,813.344760647526,4192,65535,11674,7482,0,0,0,1,1,1,
468,838.565784466771,11925.1228528944,815.029009715818,3971,65535,11405,7434,0,0,0,1,1,1,
469,838.684192602936,11923.4392256328,816.712636977423,4074,65535,11519,7445,0,0,0,1,1,1,
470,838.802590452508,11921.7562199055,818.395642704736,4292.5,65535,11625,7332.5,0,0,0,1,1,1,
471,838.920978011769,11920.0738354402,820.078027169986,4259,65535,11595,7336,0,0,0,1,1,1,
472,839.039355277,11918.392071965,821.75979064523,4419.5,65535,11677,7257.5,0,0,0,1,1,1,
473,839.157722244484,11916.7109292078,823.440933402358,4142.5,65535,11403.5,7261,0,0,0,1,1,1,
474,839.276078910501,11915.0304068971,825.121455713088,4208,65535,11430.5,7222.5,0,0,0,1,1,1,
475,839.394425271333,11913.3505047612,826.80135784897,4296.5,65535,11522,7225.5,0,0,0,1,1,1,
476,839.512761323262,11911.6712225288,828.480640081383,4114.5,65535,11295,7180.5,0,0,0,1,1,1,
477,839.631087062568,11909.9925599287,830.159302681543,4250,65535,11399.5,7149.5,0,0,0,1,1,1,
478,839.749402485534,11908.3145166897,831.83734592049,4158.5,65535,11287,7128.5,0,0,0,1,1,1,
479,839.867707588442,11906.6370925411,833.514770069103,4266,65535,11434,7168,0,0,0,1,1,1,
480,839.986002367571,11904.9602872121,835.191575398083,4116,65535,11310,7194,0,0,0,1,1,1,
481,840.104286819205,11903.2841004322,836.86776217797,4027,65535,11184.5,7157.5,0,0,0,1,1,1,
482,840.222560939624,11901.6085319311,838.543330679133,4132,65535,11240,7108,0,0,0,1,1,1,
483,840.34082472511,11899.9335814384,840.218281171776,4146,65535,11218,7072,0,0,0,1,1,1,
484,840.459078171945,11898.2592486843,841.892613925927,4141.5,65535,11243.5,7102,0,0,0,1,1,1,
485,840.577321276409,11896.5855333987,843.566329211457,4115.5,65535,11171,7055.5,0,0,0,1,1,1,
486,840.695554034785,11894.9124353121,845.23942729806,4237.5,65535,11225.5,6988,0,0,0,1,1,1,
487,840.813776443354,11893.2399541549,846.911908455264,4111.5,65535,11141,7029.5,0,0,0,1,1,1,
488,840.931988498398,11891.5680896578,848.583772952437,4196.5,65535,11245.5,7049,0,0,0,1,1,1,
489,841.050190196197,11889.8968415514,850.255021058767,4113,65535,11128,7015,0,0,0,1,1,1,
490,841.168381533034,11888.2262095669,851.925653043289,4158.5,65535,11220,7061.5,0,0,0,1,1,1,
491,841.28656250519,11886.5561934353,853.595669174858,4123,65535,11143,7020,0,0,0,1,1,1,
492,841.404733108946,11884.886792888,855.265069722167,4122.5,65535,11192,7069.5,0,0,0,1,1,1,
493,841.522893340585,11883.2180076565,856.933854953746,4226,65535,11285.5,7059.5,0,0,0,1,1,1,
494,841.641043196386,11881.5498374722,858.602025137954,4030.5,65535,11055,7024.5,0,0,0,1,1,1,
495,841.759182672633,11879.8822820672,860.269580542981,4084,65535,11138.5,7054.5,0,0,0,1,1,1,
496,841.877311765606,11878.2153411733,861.936521436857,5295,65535,12332.5,7037.5,0,0,0,1,1,1,
497,841.995430471587,11876.5490145228,863.602848087439,4188.5,65535,11222.5,7034,0,0,0,1,1,1,
498,842.113538786858,11874.8833018478,865.268560762423,4334.5,65535,11376,7041.5,0,0,0,1,1,1,
499,842.231636707699,11873.2182028809,866.933659729335,4170,65535,11224,7054,0,0,0,1,1,1,
500,842.349724230393,11871.5537173547,868.598145255537,4121,65535,11130,7009,0,0,0,1,1,1,
501,842.467801351221,11869.889845002,870.262017608224,4080,65535,11101.5,7021.5,0,0,0,1,1,1,
502,842.585868066464,11868.2265855558,871.925277054426,4195,65535,11264.5,7069.5,0,0,0,1,1,1,
503,842.703924372404,11866.5639387492,873.587923861005,4333.5,65535,11329.5,6996,0,0,0,1,1,1,
504,842.821970265323,11864.9019043155,875.249958294664,4315,65535,11227,6912,0,0,0,1,1,1,
505,842.940005741501,11863.2404819883,876.91138062193,4208.5,65535,11171,6962.5,0,0,0,1,1,1,
506,843.058030797221,11861.579671501,878.572191109175,4360,65535,11248.5,6888.5,0,0,0,1,1,1,
507,843.176045428764,11859.9194725876,880.232390022602,4324.5,65535,11237,6912.5,0,0,0,1,1,1,
508,843.294049632411,11858.259884982,881.891977628242,3954,65535,10899,6945,0,0,0,1,1,1,
509,843.412043404443,11856.6009084182,883.550954191973,4123.5,65535,10982.5,6859,0,0,0,1,1,1,
510,843.530026741144,11854.9425426307,885.209319979502,3974.5,65535,10835,6860.5,0,0,0,1,1,1,
511,843.647999638793,11853.2847873538,886.867075256368,4052,65535,10884,6832,0,0,0,1,1,1,
512,843.765962093673,11851.6276423222,888.524220287953,4124,65535,10915,6791,0,0,0,1,1,1,
513,843.883914102064,11849.9711072707,890.18075533947,4073,65535,10858.5,6785.5,0,0,0,1,1,1,
514,844.001855660249,11848.3151819342,891.836680675964,4288.5,65535,11016.5,6728,0,0,0,1,1,1,
515,844.119786764509,11846.6598660479,893.491996562323,4111.5,65535,10902.5,6791,0,0,0,1,1,1,
516,844.237707411125,11845.0051593469,895.146703263272,3977,65535,10743.5,6766.5,0,0,0,1,1,1,
517,844.355617596379,11843.3510615668,896.800801043362,3935.5,65535,10662,6726.5,0,0,0,1,1,1,
518,844.473517316552,11841.6975724432,898.45429016699,3957,65535,10712,6755,0,0,0,1,1,1,
519,844.591406567926,11840.0446917118,900.10717089838,4158,65535,10817.5,6659.5,0,0,0,1,1,1,
520,844.709285346783,11838.3924191086,901.759443501602,4135.5,65535,10780,6644.5,0,0,0,1,1,1,
521,844.827153649403,11836.7407543696,903.411108240556,4172,65535,10783,6611,0,0,0,1,1,1,
522,844.945011472069,11835.0896972312,905.062165378984,4128,65535,10822,6694,0,0,0,1,1,1,
523,845.062858811062,11833.4392474297,906.712615180455,4084,65535,10712.5,6628.5,0,0,0,1,1,1,
524,845.180695662663,11831.7894047018,908.362457908388,4133,65535,10899,6766,0,0,0,1,1,1,
525,845.298522023153,11830.1401687842,910.011693826027,4148.5,65535,10804,6655.5,0,0,0,1,1,1,
526,845.416337888815,11828.4915394137,911.660323196462,4198.5,65535,10928,6729.5,0,0,0,1,1,1,
527,845.53414325593,11826.8435163276,913.308346282616,4113,65535,10798.5,6685.5,0,0,0,1,1,1,
528,845.65193812078,11825.196099263,914.955763347247,4171.5,65535,10900,6728.5,0,0,0,1,1,1,
529,845.769722479644,11823.5492879572,916.602574652954,4162.5,65535,10737.5,6575,0,0,0,1,1,1,
530,845.887496328807,11821.903082148,918.248780462172,4104,65535,10695,6591,0,0,0,1,1,1,
531,846.005259664548,11820.257481573,919.89438103718,4012,65535,10685,6673,0,0,0,1,1,1,
532,846.123012483149,11818.6124859701,921.539376640083,4243.5,65535,10876.5,6633,0,0,0,1,1,1,
533,846.240754780893,11816.9680950774,923.183767532832,4222,65535,10812,6590,0,0,0,1,1,1,
534,846.358486554059,11815.324308633,924.827553977215,4056.5,65535,10641,6584.5,0,0,0,1,1,1,
535,846.476207798931,11813.6811263753,926.470736234858,4262,65535,10891,6629,0,0,0,1,1,1,
536,846.593918511788,11812.038548043,928.113314567219,4028.5,65535,10638.5,6610,0,0,0,1,1,1,
537,846.711618688914,11810.3965733746,929.755289235609,3964,65535,10537,6573,0,0,0,1,1,1,
538,846.829308326588,11808.755202109,931.396660501159,4130,65535,10704.5,6574.5,0,0,0,1,1,1,
539,846.946987421094,11807.1144339853,933.037428624855,4091,65535,10659.5,6568.5,0,0,0,1,1,1,
540,847.064655968711,11805.4742687427,934.677593867513,4036.5,65535,10607,6570.5,0,0,0,1,1,1,
541,847.182313965723,11803.8347061204,936.317156489788,4053,65535,10577.5,6524.5,0,0,0,1,1,1,
542,847.29996140841,11802.195745858,937.956116752177,4048,65535,10489,6441,0,0,0,1,1,1,
543,847.417598293053,11800.5573876952,939.594474915015,4180.5,65535,10559,6378.5,0,0,0,1,1,1,
544,847.535224615935,11798.9196313717,941.232231238477,4068,65535,10507.5,6439.5,0,0,0,1,1,1,
545,847.652840373337,11797.2824766276,942.869385982573,4707,65535,11099,6392,0,0,0,1,1,1,
546,847.770445561539,11795.645923203,944.505939407158,4115,65535,10422.5,6307.5,0,0,0,1,1,1,
547,847.888040176825,11794.0099708383,946.141891771922,4021,65535,10443.5,6422.5,0,0,0,1,1,1,
548,848.005624215475,11792.3746192738,947.777243336401,3961,65535,10315,6354,0,0,0,1,1,1,
549,848.12319767377,11790.7398682502,949.411994359964,3946.5,65535,10305.5,6359,0,0,0,1,1,1,
550,848.240760547993,11789.1057175084,951.046145101822,4096.5,65535,10346.5,6250,0,0,0,1,1,1,
551,848.358312834425,11787.4721667892,952.679695821031,3939,65535,10166.5,6227.5,0,0,0,1,1,1,
552,848.475854529346,11785.8392158337,954.312646776476,4049,65535,10301.5,6252.5,0,0,0,1,1,1,
553,848.59338562904,11784.2068643833,955.944998226892,4107.5,65535,10354,6246.5,0,0,0,1,1,1,
554,848.710906129786,11782.5751121793,957.576750430857,4037.5,65535,10364.5,6327,0,0,0,1,1,1,
555,848.828416027868,11780.9439589634,959.207903646779,4030.5,65535,10366.5,6336,0,0,0,1,1,1,
556,848.945915319565,11779.3134044773,960.83845813291,4154,65535,10451.5,6297.5,0,0,0,1,1,1,
557,849.063404001161,11777.6834484629,962.468414147348,4199.5,65535,10488,6288.5,0,0,0,1,1,1,
558,849.180882068935,11776.0540906622,964.097771948025,4084.5,65535,10355,6270.5,0,0,0,1,1,1,
559,849.29834951917,11774.4253308175,965.726531792719,3902,65535,10122.5,6220.5,0,0,0,1,1,1,
560,849.415806348148,11772.7971686712,967.354693939049,3709,65535,9942,6233,0,0,0,1,1,1,
561,849.533252552149,11771.1696039657,968.982258644472,3599.5,65535,9771,6171.5,0,0,0,1,1,1,
562,849.650688127455,11769.5426364439,970.609226166283,3320.5,65535,9508,6187.5,0,0,0,1,1,1,
563,849.768113070348,11767.9162658486,972.235596761629,3399.5,65535,9579.5,6180,0,0,0,1,1,1,
564,849.885527377109,11766.2904919227,973.861370687495,3857.5,65535,10070.5,6213,0,0,0,1,1,1,
565,850.00293104402,11764.6653144095,975.486548200699,3826.5,65535,10000.5,6174,0,0,0,1,1,1,
566,850.120324067363,11763.0407330523,977.11112955791,3875,65535,10071,6196,0,0,0,1,1,1,
567,850.237706443417,11761.4167475946,978.735115015636,4042,65535,10194,6152,0,0,0,1,1,1,
568,850.355078168466,11759.79335778,980.358504830228,4128,65535,10265,6137,0,0,0,1,1,1,
569,850.472439238791,11758.1705633523,981.981299257874,4164.5,65535,10325,6160.5,0,0,0,1,1,1,
570,850.589789650673,11756.5483640556,983.603498554616,3956.5,65535,10177.5,6221,0,0,0,1,1,1,
571,850.707129400393,11754.9267596339,985.225102976321,4147.5,65535,10222,6074.5,0,0,0,1,1,1,
572,850.824458484233,11753.3057498315,986.846112778716,4094,65535,10244,6150,0,0,0,1,1,1,
573,850.941776898475,11751.6853343928,988.466528217361,4002,65535,10132,6130,0,0,0,1,1,1,
574,851.059084639401,11750.0655130625,990.086349547661,3958,65535,10043.5,6085.5,0,0,0,1,1,1,
575,851.176381703291,11748.4462855853,991.705577024859,3976.5,65535,10037.5,6061,0,0,0,1,1,1,
576,851.293668086427,11746.8276517062,993.324210904051,3949.5,65535,10032,6082.5,0,0,0,1,1,1,
577,851.410943785091,11745.20961117,994.942251440167,3995,65535,10136.5,6141.5,0,0,0,1,1,1,
578,851.528208795564,11743.5921637222,996.559698887982,4068,65535,10218.5,6150.5,0,0,0,1,1,1,
579,851.645463114127,11741.9753091081,998.176553502119,4041,65535,10185.5,6144.5,0,0,0,1,1,1,
580,851.762706737063,11740.3590470732,999.792815537039,4077.5,65535,10244.5,6167,0,0,0,1,1,1,
581,851.879939660652,11738.7433773632,1001.40848524705,3977,65535,10207.5,6230.5,0,0,0,1,1,1,
582,851.997161881177,11737.1282997239,1003.0235628863,4022,65535,10110.5,6088.5,0,0,0,1,1,1,
583,852.114373394917,11735.5138139014,1004.63804870879,3965.5,65535,10090.5,6125,0,0,0,1,1,1,
584,852.231574198157,11733.8999196419,1006.25194296835,4112.5,65535,10215.5,6103,0,0,0,1,1,1,
585,852.348764287175,11732.2866166915,1007.86524591866,4007.5,65535,10093,6085.5,0,0,0,1,1,1,
586,852.465943658255,11730.6739047969,1009.47795781325,3892.5,65535,9982,6089.5,0,0,0,1,1,1,
587,852.583112307678,11729.0617837047,1011.09007890549,3861,65535,9914.5,6053.5,0,0,0,1,1,1,
588,852.700270231724,11727.4502531616,1012.7016094486,4038.5,65535,10095.5,6057,0,0,0,1,1,1,
589,852.817417426676,11725.8393129146,1014.31254969563,4098,65535,10034,5936,0,0,0,1,1,1,
590,852.934553888815,11724.2289627107,1015.92289989948,4004,65535,10011.5,6007.5,0,0,0,1,1,1,
591,853.051679614423,11722.6192022973,1017.5326603129,4095.5,65535,10125.5,6030,0,0,0,1,1,1,
592,853.168794599781,11721.0100314217,1019.14183118849,3861,65535,9861,6000,0,0,0,1,1,1,
593,853.28589884117,11719.4014498315,1020.75041277869,3999.5,65535,9916,5916.5,0,0,0,1,1,1,
594,853.402992334873,11717.7934572744,1022.35840533577,3921.5,65535,9841,5919.5,0,0,0,1,1,1,
595,853.52007507717,11716.1860534983,1023.96580911186,3690.5,65535,9596.5,5906,0,0,0,1,1,1,
596,853.637147064343,11714.5792382513,1025.57262435893,3555.5,65535,9416,5860.5,0,0,0,1,1,1,
597,853.754208292674,11712.9730112814,1027.17885132881,3380,65535,9261,5881,0,0,0,1,1,1,
598,853.871258758444,11711.367372337,1028.78449027316,2970.5,65535,8854,5883.5,0,0,0,1,1,1,
599,853.988298457934,11709.7623211667,1030.38954144348,2995,65535,8854,5859,0,0,0,1,1,1,
600,854.105327387426,11708.1578575191,1031.99400509112,2689.5,65535,8501.5,5812,0,0,0,1,1,1,
601,854.222345543202,11706.5539811429,1033.5978814673,3120.5,65535,8905.5,5785,0,0,0,1,1,1,
602,854.339352921543,11704.9506917871,1035.20117082306,3393,65535,9129,5736,0,0,0,1,1,1,
603,854.456349518731,11703.3479892009,1036.80387340928,3564,65535,9295.5,5731.5,0,0,0,1,1,1,
604,854.573335331046,11701.7458731335,1038.4059894767,3805.5,65535,9580,5774.5,0,0,0,1,1,1,
605,854.690310354771,11700.1443433343,1040.00751927592,3810.5,65535,9550,5739.5,0,0,0,1,1,1,
606,854.807274586187,11698.5433995528,1041.60846305736,3783,65535,9514.5,5731.5,0,0,0,1,1,1,
607,854.924228021576,11696.9430415389,1043.20882107129,3783,65535,9525,5742,0,0,0,1,1,1,
608,855.041170657219,11695.3432690424,1044.80859356784,4188,65535,9880.5,5692.5,0,0,0,1,1,1,
609,855.158102489397,11693.7440818132,1046.40778079699,3826.5,65535,9529,5702.5,0,0,0,1,1,1,
610,855.275023514392,11692.1454796017,1048.00638300854,3819,65535,9527,5708,0,0,0,1,1,1,
611,855.391933728486,11690.547462158,1049.60440045217,3830,65535,9537.5,5707.5,0,0,0,1,1,1,
612,855.508833127959,11688.9500292328,1051.20183337738,3826,65535,9567,5741,0,0,0,1,1,1,
613,855.625721709094,11687.3531805767,1052.79868203352,3802,65535,9598.5,5796.5,0,0,0,1,1,1,
614,855.742599468173,11685.7569159404,1054.39494666982,3807,65535,9635.5,5828.5,0,0,0,1,1,1,
615,855.859466401475,11684.1612350749,1055.99062753531,3866,65535,9658,5792,0,0,0,1,1,1,
616,855.976322505284,11682.5661377313,1057.5857248789,3840.5,65535,9617.5,5777,0,0,0,1,1,1,
617,856.09316777588,11680.9716236609,1059.18023894933,3957,65535,9752,5795,0,0,0,1,1,1,
618,856.210002209545,11679.377692615,1060.7741699952,3900,65535,9737,5837,0,0,0,1,1,1,
619,856.326825802561,11677.7843443452,1062.36751826496,3905,65535,9767,5862,0,0,0,1,1,1,
620,856.443638551208,11676.1915786033,1063.96028400689,3893,65535,9701,5808,0,0,0,1,1,1,
621,856.560440451769,11674.5993951411,1065.55246746913,3902,65535,9662.5,5760.5,0,0,0,1,1,1,
622,856.677231500526,11673.0077937105,1067.14406889967,3893,65535,9681,5788,0,0,0,1,1,1,
623,856.794011693758,11671.4167740639,1068.73508854633,3991.5,65535,9758.5,5767,0,0,0,1,1,1,
624,856.910781027748,11669.8263359534,1070.32552665682,3891,65535,9584,5693,0,0,0,1,1,1,
625,857.027539498778,11668.2364791316,1071.91538347865,3966.5,65535,9699,5732.5,0,0,0,1,1,1,
626,857.144287103129,11666.647203351,1073.50465925921,3909,65535,9641,5732,0,0,0,1,1,1,
627,857.261023837082,11665.0585083645,1075.09335424573,3955.5,65535,9708,5752.5,0,0,0,1,1,1,
628,857.37774969692,11663.4703939249,1076.68146868527,3911.5,65535,9654,5742.5,0,0,0,1,1,1,
629,857.494464678922,11661.8828597854,1078.26900282478,3903.5,65535,9642.5,5739,0,0,0,1,1,1,
630,857.611168779372,11660.2959056992,1079.85595691102,4069,65535,9823,5754,0,0,0,1,1,1,
631,857.72786199455,11658.7095314196,1081.44233119062,3962.5,65535,9721,5758.5,0,0,0,1,1,1,
632,857.844544320738,11657.1237367002,1083.02812591005,4093,65535,9852,5759,0,0,0,1,1,1,
633,857.961215754218,11655.5385212946,1084.61334131564,3927.5,65535,9743,5815.5,0,0,0,1,1,1,
634,858.07787629127,11653.9538849567,1086.19797765355,3917,65535,9704.5,5787.5,0,0,0,1,1,1,
635,858.194525928177,11652.3698274404,1087.78203516981,3947.5,65535,9683,5735.5,0,0,0,1,1,1,
636,858.311164661219,11650.7863484999,1089.36551411028,4054.5,65535,9807.5,5753,0,0,0,1,1,1,
637,858.427792486679,11649.2034478895,1090.9484147207,4113,65535,9926,5813,0,0,0,1,1,1,
638,858.544409400838,11647.6211253636,1092.53073724662,3926.5,65535,9744.5,5818,0,0,0,1,1,1,
639,858.661015399978,11646.0393806767,1094.11248193348,4063.5,65535,9819,5755.5,0,0,0,1,1,1,
640,858.777610480379,11644.4582135837,1095.69364902654,5606.5,65535,11448.5,5842,0,0,0,1,1,1,
641,858.894194638324,11642.8776238393,1097.27423877092,3931,65535,9658,5727,0,0,0,1,1,1,
642,859.010767870093,11641.2976111986,1098.8542514116,3916.5,65535,9577.5,5661,0,0,0,1,1,1,
643,859.127330171969,11639.7181754168,1100.43368719338,3811.5,65535,9477,5665.5,0,0,0,1,1,1,
644,859.243881540233,11638.1393162492,1102.01254636096,3830.5,65535,9431,5600.5,0,0,0,1,1,1,
645,859.360421971166,11636.5610334514,1103.59082915883,3886.5,65535,9420.5,5534,0,0,0,1,1,1,
646,859.476951461051,11634.9833267788,1105.1685358314,3913,65535,9459,5546,0,0,0,1,1,1,
647,859.593470006167,11633.4061959873,1106.74566662286,3718,65535,9213,5495,0,0,0,1,1,1,
648,859.709977602797,11631.8296408329,1108.32222177731,3892.5,65535,9431,5538.5,0,0,0,1,1,1,
649,859.826474247223,11630.2536610715,1109.89820153866,3898,65535,9399,5501,0,0,0,1,1,1,
650,859.942959935726,11628.6782564595,1111.4736061507,4043,65535,9463,5420,0,0,0,1,1,1,
651,860.059434664587,11627.1034267532,1113.04843585704,3841.5,65535,9308.5,5467,0,0,0,1,1,1,
652,860.175898430088,11625.529171709,1114.62269090118,3973.5,65535,9354.5,5381,0,0,0,1,1,1,
653,860.29235122851,11623.9554910838,1116.19637152644,3966.5,65535,9387.5,5421,0,0,0,1,1,1,
654,860.408793056135,11622.3823846342,1117.769477976,3780.5,65535,9180,5399.5,0,0,0,1,1,1,
655,860.525223909244,11620.8098521173,1119.34201049289,3820,65535,9137,5317,0,0,0,1,1,1,
656,860.641643784119,11619.2378932902,1120.91396932001,3789,65535,9145,5356,0,0,0,1,1,1,
657,860.758052677042,11617.6665079101,1122.48535470009,3899.5,65535,9294.5,5395,0,0,0,1,1,1,
658,860.874450584293,11616.0956957345,1124.05616687572,3941,65535,9219,5278,0,0,0,1,1,1,
659,860.990837502155,11614.5254565209,1125.62640608934,3752.5,65535,9063.5,5311,0,0,0,1,1,1,
660,861.107213426909,11612.955790027,1127.19607258324,3851.5,65535,9151.5,5300,0,0,0,1,1,1,
661,861.223578354835,11611.3866960106,1128.76516659958,3870.5,65535,9213.5,5343,0,0,0,1,1,1,
662,861.339932282217,11609.8181742299,1130.33368838034,4002,65535,9330,5328,0,0,0,1,1,1,
663,861.456275205335,11608.2502244428,1131.90163816739,3913,65535,9190.5,5277.5,0,0,0,1,1,1,
664,861.572607120471,11606.6828464078,1133.46901620242,3900,65535,9111.5,5211.5,0,0,0,1,1,1,
665,861.688928023906,11605.1160398832,1135.03582272699,3839,65535,9008.5,5169.5,0,0,0,1,1,1,
666,861.805237911922,11603.5498046277,1136.60205798251,3752.5,65535,9011,5258.5,0,0,0,1,1,1,
667,861.9215367808,11601.9841404,1138.16772221025,3860.5,65535,9101,5240.5,0,0,0,1,1,1,
668,862.037824626822,11600.4190469589,1139.73281565131,3712.5,65535,8858,5145.5,0,0,0,1,1,1,
669,862.154101446269,11598.8545240635,1141.29733854666,3768,65535,8894,5126,0,0,0,1,1,1,
670,862.270367235424,11597.2905714731,1142.86129113713,3816.5,65535,8919,5102.5,0,0,0,1,1,1,
671,862.386621990566,11595.7271889468,1144.42467366339,3802.5,65535,9017,5214.5,0,0,0,1,1,1,
672,862.502865707978,11594.1643762442,1145.98748636597,3971,65535,9121,5150,0,0,0,1,1,1,
673,862.619098383941,11592.6021331249,1147.54972948525,4071.5,65535,9208,5136.5,0,0,0,1,1,1,
674,862.735320014738,11591.0404593487,1149.11140326147,3784,65535,8978.5,5194.5,0,0,0,1,1,1,
675,862.851530596648,11589.4793546755,1150.67250793471,3764,65535,8952.5,5188.5,0,0,0,1,1,1,
676,862.967730125955,11587.9188188653,1152.23304374493,3831.5,65535,8931,5099.5,0,0,0,1,1,1,
677,863.083918598938,11586.3588516783,1153.7930109319,3778,65535,8963.5,5185.5,0,0,0,1,1,1,
678,863.20009601188,11584.7994528749,1155.35240973529,4106.5,65535,9232,5125.5,0,0,0,1,1,1,
679,863.316262361063,11583.2406222156,1156.91124039461,3919.5,65535,9122.5,5203,0,0,0,1,1,1,
680,863.432417642767,11581.682359461,1158.4695031492,3897.5,65535,8998.5,5101,0,0,0,1,1,1,
681,863.548561853274,11580.1246643719,1160.02719823829,3908,65535,9015,5107,0,0,0,1,1,1,
682,863.664694988867,11578.5675367093,1161.58432590094,3929,65535,9036,5107,0,0,0,1,1,1,
683,863.780817045825,11577.0109762341,1163.14088637608,3869,65535,8995.5,5126.5,0,0,0,1,1,1,
684,863.896928020431,11575.4549827077,1164.69687990248,3865.5,65535,9032.5,5167,0,0,0,1,1,1,
685,864.013027908967,11573.8995558914,1166.25230671877,3838,65535,9010.5,5172.5,0,0,0,1,1,1,
686,864.129116707713,11572.3446955467,1167.80716706346,3856,65535,8961,5105,0,0,0,1,1,1,
687,864.245194412952,11570.7904014353,1169.36146117486,3877.5,65535,8973.5,5096,0,0,0,1,1,1,
688,864.361261020964,11569.236673319,1170.91518929119,3900.5,65535,9021.5,5121,0,0,0,1,1,1,
689,864.477316528031,11567.6835109597,1172.4683516505,3772.5,65535,8908.5,5136,0,0,0,1,1,1,
690,864.593360930435,11566.1309141195,1174.02094849068,3787,65535,8903,5116,0,0,0,1,1,1,
691,864.709394224457,11564.5788825607,1175.57298004952,3586.5,65535,8667,5080.5,0,0,0,1,1,1,
692,864.825416406379,11563.0274160456,1177.12444656462,3722,65535,8770,5048,0,0,0,1,1,1,
693,864.941427472483,11561.4765143367,1178.67534827347,3858,65535,8948.5,5090.5,0,0,0,1,1,1,
694,865.057427419049,11559.9261771968,1180.22568541338,3837.5,65535,8868,5030.5,0,0,0,1,1,1,
695,865.173416242358,11558.3764043887,1181.77545822155,3796,65535,8859,5063,0,0,0,1,1,1,
696,865.289393938694,11556.8271956752,1183.32466693502,3740.5,65535,8763,5022.5,0,0,0,1,1,1,
697,865.405360504337,11555.2785508195,1184.87331179068,5105,65535,10144.5,5039.5,0,0,0,1,1,1,
698,865.521315935569,11553.7304695849,1186.4213930253,3709.5,65535,8678,4968.5,0,0,0,1,1,1,
699,865.637260228671,11552.1829517347,1187.96891087548,3680.5,65535,8702.5,5022,0,0,0,1,1,1,
700,865.753193379924,11550.6359970325,1189.51586557769,3728.5,65535,8667.5,4939,0,0,0,1,1,1,
701,865.869115385611,11549.0896052419,1191.06225736825,3186,65535,8122,4936,0,0,0,1,1,1,
702,865.985026242012,11547.5437761269,1192.60808648335,3028,65535,7978,4950,0,0,0,1,1,1,
703,866.10092594541,11545.9985094512,1194.15335315901,2750,65535,7689.5,4939.5,0,0,0,1,1,1,
704,866.216814492085,11544.4538049791,1195.69805763113,3079.5,65535,7951,4871.5,0,0,0,1,1,1,
705,866.332691878319,11542.9096624747,1197.24220013547,3507.5,65535,8403.5,4896,0,0,0,1,1,1,
706,866.448558100394,11541.3660817026,1198.78578090762,3632.5,65535,8538,4905.5,0,0,0,1,1,1,
707,866.564413154591,11539.8230624271,1200.32880018306,3594,65535,8568,4974,0,0,0,1,1,1,
708,866.680257037192,11538.2806044131,1201.8712581971,3616,65535,8538.5,4922.5,0,0,0,1,1,1,
709,866.796089744478,11536.7387074253,1203.41315518492,3665,65535,8572.5,4907.5,0,0,0,1,1,1,
710,866.911911272731,11535.1973712286,1204.95449138156,3602,65535,8475.5,4873.5,0,0,0,1,1,1,
711,867.027721618231,11533.6565955883,1206.49526702192,3856.5,65535,8724,4867.5,0,0,0,1,1,1,
712,867.143520777262,11532.1163802695,1208.03548234073,3625.5,65535,8450.5,4825,0,0,0,1,1,1,
713,867.259308746103,11530.5767250376,1209.57513757262,3806,65535,8654.5,4848.5,0,0,0,1,1,1,
714,867.375085521037,11529.0376296582,1211.11423295205,3863.5,65535,8726.5,4863,0,0,0,1,1,1,
715,867.490851098345,11527.4990938969,1212.65276871333,3833.5,65535,8621.5,4788,0,0,0,1,1,1,
716,867.606605474309,11525.9611175195,1214.19074509067,3750.5,65535,8550,4799.5,0,0,0,1,1,1,
717,867.72234864521,11524.4237002921,1215.72816231809,3783,65535,8570,4787,0,0,0,1,1,1,
718,867.83808060733,11522.8868419807,1217.26502062949,3825.5,65535,8626,4800.5,0,0,0,1,1,1,
719,867.953801356949,11521.3505423516,1218.80132025863,3751.5,65535,8573,4821.5,0,0,0,1,1,1,
720,868.069510890351,11519.8148011711,1220.33706143912,3787,65535,8671,4884,0,0,0,1,1,1,
721,868.185209203815,11518.2796182058,1221.87224440445,3788.5,65535,8609.5,4821,0,0,0,1,1,1,
722,868.300896293624,11516.7449932223,1223.40686938793,3743.5,65535,8523.5,4780,0,0,0,1,1,1,
723,868.416572156059,11515.2109259874,1224.94093662277,3762,65535,8546.5,4784.5,0,0,0,1,1,1,
724,868.532236787402,11513.6774162682,1226.47444634202,3746.5,65535,8599.5,4853,0,0,0,1,1,1,
725,868.647890183933,11512.1444638316,1228.00739877856,3705.5,65535,8471.5,4766,0,0,0,1,1,1,
726,868.763532341936,11510.612068445,1229.53979416519,3585.5,65535,8369,4783.5,0,0,0,1,1,1,
727,868.87916325769,11509.0802298757,1231.07163273453,3618,65535,8359,4741,0,0,0,1,1,1,
728,868.994782927478,11507.5489478912,1232.60291471905,3782.5,65535,8573.5,4791,0,0,0,1,1,1,
729,869.110391347581,11506.0182222591,1234.1336403511,3699.5,65535,8429,4729.5,0,0,0,1,1,1,
730,869.225988514281,11504.4880527473,1235.6638098629,3604,65535,8340.5,4736.5,0,0,0,1,1,1,
731,869.341574423858,11502.9584391237,1237.1934234865,3789.5,65535,8519,4729.5,0,0,0,1,1,1,
732,869.457149072595,11501.4293811564,1238.72248145383,3821.5,65535,8592.5,4771,0,0,0,1,1,1,
733,869.572712456773,11499.9008786135,1240.25098399667,3823,65535,8565,4742,0,0,0,1,1,1,
734,869.688264572674,11498.3729312635,1241.77893134666,3704,65535,8434,4730,0,0,0,1,1,1,
735,869.803805416579,11496.8455388749,1243.30632373531,3728,65535,8490,4762,0,0,0,1,1,1,
736,869.919334984769,11495.3187012162,1244.83316139398,3643,65535,8416.5,4773.5,0,0,0,1,1,1,
737,870.034853273527,11493.7924180563,1246.35944455389,3733.5,65535,8436,4702.5,0,0,0,1,1,1,
738,870.150360279133,11492.2666891641,1247.88517344612,3745,65535,8475,4730,0,0,0,1,1,1,
739,870.265855997869,11490.7415143086,1249.41034830163,3805.5,65535,8539.5,4734,0,0,0,1,1,1,
740,870.381340426016,11489.216893259,1250.9349693512,3830,65535,8546.5,4716.5,0,0,0,1,1,1,
741,870.496813559857,11487.6928257847,1252.45903682551,3801,65535,8502,4701,0,0,0,1,1,1,
742,870.612275395672,11486.1693116551,1253.98255095508,3752,65535,8400.5,4648.5,0,0,0,1,1,1,
743,870.727725929743,11484.6463506399,1255.5055119703,3602.5,65535,8245,4642.5,0,0,0,1,1,1,
744,870.843165158351,11483.1239425088,1257.02792010141,3760.5,65535,8521.5,4761,0,0,0,1,1,1,
745,870.958593077779,11481.6020870317,1258.54977557853,3573,65535,8256,4683,0,0,0,1,1,1,
746,871.074009684307,11480.0807839786,1260.0710786316,3680,65535,8302.5,4622.5,0,0,0,1,1,1,
747,871.189414974217,11478.5600331197,1261.59182949048,3595.5,65535,8242.5,4647,0,0,0,1,1,1,
748,871.304808943791,11477.0398342254,1263.11202838484,3765.5,65535,8479,4713.5,0,0,0,1,1,1,
749,871.420191589309,11475.520187066,1264.63167554425,3743.5,65535,8293,4549.5,0,0,0,1,1,1,
750,871.535562907054,11474.0010914121,1266.1507711981,3552,65535,8102,4550,0,0,0,1,1,1,
751,871.650922893307,11472.4825470345,1267.66931557568,3507,65535,8074,4567,0,0,0,1,1,1,
752,871.76627154435,11470.9645537041,1269.18730890613,3558.5,65535,8152,4593.5,0,0,0,1,1,1,
753,871.881608856463,11469.4471111918,1270.70475141843,3673,65535,8226,4553,0,0,0,1,1,1,
754,871.996934825929,11467.9302192688,1272.22164334145,3804,65535,8418.5,4614.5,0,0,0,1,1,1,
755,872.112249449029,11466.4138777063,1273.73798490391,3673,65535,8172.5,4499.5,0,0,0,1,1,1,
756,872.227552722045,11464.8980862758,1275.2537763344,3675,65535,8197,4522,0,0,0,1,1,1,
757,872.342844641257,11463.3828447489,1276.76901786135,3860.5,65535,8296,4435.5,0,0,0,1,1,1,
758,872.458125202948,11461.8681528971,1278.28370971308,3700,65535,8240,4540,0,0,0,1,1,1,
759,872.573394403399,11460.3540104925,1279.79785211775,3534,65535,8013,4479,0,0,0,1,1,1,
760,872.688652238891,11458.8404173068,1281.3114453034,3459,65535,7927,4468,0,0,0,1,1,1,
761,872.803898705706,11457.3273731123,1282.82448949793,3537,65535,8021,4484,0,0,0,1,1,1,
762,872.919133800126,11455.8148776811,1284.33698492908,3533,65535,8011.5,4478.5,0,0,0,1,1,1,
763,873.034357518431,11454.3029307857,1285.84893182448,3635,65535,8068.5,4433.5,0,0,0,1,1,1,
764,873.149569856904,11452.7915321986,1287.36033041161,3648,65535,8097.5,4449.5,0,0,0,1,1,1,
765,873.264770811826,11451.2806816924,1288.87118091781,3706,65535,8087,4381,0,0,0,1,1,1,
766,873.379960379479,11449.7703790399,1290.3814835703,3419,65535,7854,4435,0,0,0,1,1,1,
767,873.495138556143,11448.2606240141,1291.89123859614,3423,65535,7800.5,4377.5,0,0,0,1,1,1,
768,873.610305338101,11446.7514163879,1293.40044622227,3488,65535,7943.5,4455.5,0,0,0,1,1,1,
769,873.725460721633,11445.2427559347,1294.90910667548,3539,65535,7938.5,4399.5,0,0,0,1,1,1,
770,873.840604703022,11443.7346424278,1296.41722018244,3656.5,65535,8053.5,4397,0,0,0,1,1,1,
771,873.955737278549,11442.2270756405,1297.92478696967,3574.5,65535,7957.5,4383,0,0,0,1,1,1,
772,874.070858444496,11440.7200553466,1299.43180726356,3525,65535,7962,4437,0,0,0,1,1,1,
773,874.185968197143,11439.2135813198,1300.93828129036,3602,65535,8003,4401,0,0,0,1,1,1,
774,874.301066532773,11437.707653334,1302.44420927617,3519.5,65535,7971.5,4452,0,0,0,1,1,1,
775,874.416153447666,11436.2022711632,1303.94959144699,3544.5,65535,7922,4377.5,0,0,0,1,1,1,
776,874.531228938105,11434.6974345815,1305.45442802866,3615.5,65535,8021.5,4406,0,0,0,1,1,1,
777,874.646293000371,11433.1931433633,1306.95871924687,3577.5,65535,7961.5,4384,0,0,0,1,1,1,
778,874.761345630745,11431.689397283,1308.4624653272,3567.5,65535,7998.5,4431,0,0,0,1,1,1,
779,874.876386825509,11430.1861961151,1309.96566649509,3523.5,65535,7862,4338.5,0,0,0,1,1,1,
780,874.991416580945,11428.6835396344,1311.46832297584,3507.5,65535,7922.5,4415,0,0,0,1,1,1,
781,875.106434893333,11427.1814276156,1312.9704349946,3572,65535,7994,4422,0,0,0,1,1,1,
782,875.221441758956,11425.6798598338,1314.47200277641,3560,65535,7944.5,4384.5,0,0,0,1,1,1,
783,875.336437174095,11424.178836064,1315.97302654615,3839,65535,8246.5,4407.5,0,0,0,1,1,1,
784,875.451421135031,11422.6783560816,1317.47350652859,3765,65535,8122.5,4357.5,0,0,0,1,1,1,
785,875.566393638046,11421.1784196619,1318.97344294835,3483.5,65535,7868,4384.5,0,0,0,1,1,1,
786,875.681354679421,11419.6790265803,1320.47283602991,3525.5,65535,7874.5,4349,0,0,0,1,1,1,
787,875.796304255438,11418.1801766126,1321.97168599762,3586,65535,7986,4400,0,0,0,1,1,1,
788,875.911242362378,11416.6818695345,1323.4699930757,3600.5,65535,8067.5,4467,0,0,0,1,1,1,
789,876.026168996523,11415.184105122,1324.96775748824,3623.5,65535,8060.5,4437,0,0,0,1,1,1,
790,876.141084154155,11413.686883151,1326.46497945918,3640,65535,8008.5,4368.5,0,0,0,1,1,1,
791,876.255987831554,11412.1902033979,1327.96165921232,3549,65535,7925.5,4376.5,0,0,0,1,1,1,
792,876.370880025003,11410.6940656389,1329.45779697135,3580,65535,7879,4299,0,0,0,1,1,1,
793,876.485760730783,11409.1984696504,1330.95339295982,3528,65535,7897.5,4369.5,0,0,0,1,1,1,
794,876.600629945175,11407.7034152091,1332.44844740112,3571.5,65535,7933,4361.5,0,0,0,1,1,1,
795,876.71548766446,11406.2089020917,1333.94296051854,3589,65535,7908.5,4319.5,0,0,0,1,1,1,
796,876.830333884921,11404.714930075,1335.43693253521,3767,65535,8065.5,4298.5,0,0,0,1,1,1,
797,876.945168602839,11403.2214989361,1336.93036367414,3389,65535,7730,4341,0,0,0,1,1,1,
798,877.059991814495,11401.728608452,1338.42325415821,3406,65535,7699,4293,0,0,0,1,1,1,
799,877.174803516171,11400.2362584001,1339.91560421015,3505.5,65535,7773,4267.5,0,0,0,1,1,1,
800,877.289603704148,11398.7444485576,1341.40741405256,3526,65535,7764,4238,0,0,0,1,1,1,
801,877.404392374708,11397.2531787023,1342.89868390791,3525,65535,7705,4180,0,0,0,1,1,1,
802,877.519169524133,11395.7624486117,1344.38941399855,3678,65535,7875.5,4197.5,0,0,0,1,1,1,
803,877.633935148703,11394.2722580635,1345.87960454667,3532.5,65535,7766,4233.5,0,0,0,1,1,1,
804,877.7486892447,11392.7826068359,1347.36925577434,3418.5,65535,7687.5,4269,0,0,0,1,1,1,
805,877.863431808407,11391.2934947067,1348.8583679035,3640.5,65535,7827.5,4187,0,0,0,1,1,1,
806,877.978162836103,11389.8049214542,1350.34694115596,3554.5,65535,7701.5,4147,0,0,0,1,1,1,
807,878.092882324071,11388.3168868568,1351.83497575338,3774,65535,7893,4119,0,0,0,1,1,1,
808,878.207590268593,11386.8293906929,1353.3224719173,3495,65535,7622.5,4127.5,0,0,0,1,1,1,
809,878.322286665949,11385.3424327411,1354.80942986913,3456.5,65535,7634.5,4178,0,0,0,1,1,1,
810,878.436971512422,11383.8560127801,1356.29584983013,3561.5,65535,7718.5,4157,0,0,0,1,1,1,
811,878.551644804292,11382.3701305888,1357.78173202145,3584.5,65535,7646.5,4062,0,0,0,1,1,1,
812,878.666306537842,11380.8847859461,1359.26707666407,3548.5,65535,7640,4091.5,0,0,0,1,1,1,
813,878.780956709352,11379.3999786313,1360.7518839789,3452,65535,7562.5,4110.5,0,0,0,1,1,1,
814,878.895595315105,11377.9157084236,1362.23615418665,3345.5,65535,7492.5,4147,0,0,0,1,1,1,
815,879.010222351381,11376.4319751023,1363.71988750794,3518.5,65535,7617.5,4099,0,0,0,1,1,1,
816,879.124837814463,11374.948778447,1365.20308416325,3461.5,65535,7495,4033.5,0,0,0,1,1,1,
817,879.239441700631,11373.4661182373,1366.68574437291,3303,65535,7392.5,4089.5,0,0,0,1,1,1,
818,879.354034006168,11371.9839942531,1368.16786835714,3522,65535,7546,4024,0,0,0,1,1,1,
819,879.468614727354,11370.5024062742,1369.64945633602,3553,65535,7613.5,4060.5,0,0,0,1,1,1,
820,879.583183860471,11369.0213540807,1371.13050852949,3471.5,65535,7492,4020.5,0,0,0,1,1,1,
821,879.697741401802,11367.5408374528,1372.61102515737,3536.5,65535,7522,3985.5,0,0,0,1,1,1,
822,879.812287347626,11366.0608561709,1374.09100643934,3269,65535,7340.5,4071.5,0,0,0,1,1,1,
823,879.926821694226,11364.5814100152,1375.57045259496,3570,65535,7573.5,4003.5,0,0,0,1,1,1,
824,880.041344437884,11363.1024987666,1377.04936384364,3414.5,65535,7357,3942.5,0,0,0,1,1,1,
825,880.15585557488,11361.6241222055,1378.52774040467,3503.5,65535,7513.5,4010,0,0,0,1,1,1,
826,880.270355101496,11360.146280113,1380.00558249722,3452,65535,7394,3942,0,0,0,1,1,1,
827,880.384843014014,11358.6689722699,1381.48289034029,3304.5,65535,7273,3968.5,0,0,0,1,1,1,
828,880.499319308715,11357.1921984574,1382.9596641528,3055,65535,7045.5,3990.5,0,0,0,1,1,1,
829,880.613783981881,11355.7159584567,1384.43590415349,3121.5,65535,7091,3969.5,0,0,0,1,1,1,
830,880.728237029793,11354.2402520492,1385.91161056101,3383,65535,7354,3971,0,0,0,1,1,1,
831,880.842678448733,11352.7650790163,1387.38678359386,3457,65535,7369,3912,0,0,0,1,1,1,
832,880.957108234982,11351.2904391398,1388.8614234704,3337.5,65535,7363,4025.5,0,0,0,1,1,1,
833,881.071526384822,11349.8163322013,1390.33553040888,3418.5,65535,7397.5,3979,0,0,0,1,1,1,
834,881.185932894533,11348.3427579828,1391.8091046274,3448,65535,7390,3942,0,0,0,1,1,1,
835,881.300327760399,11346.8697162663,1393.28214634394,3521.5,65535,7446.5,3925,0,0,0,1,1,1,
836,881.4147109787,11345.3972068338,1394.75465577636,3419,65535,7367,3948,0,0,0,1,1,1,
837,881.529082545717,11343.9252294678,1396.22663314236,3550,65535,7506.5,3956.5,0,0,0,1,1,1,
838,881.643442457733,11342.4537839507,1397.69807865954,3575.5,65535,7453,3877.5,0,0,0,1,1,1,
839,881.757790711028,11340.9828700649,1399.16899254534,3478.5,65535,7384,3905.5,0,0,0,1,1,1,
840,881.872127301884,11339.5124875931,1400.63937501711,3434.5,65535,7335.5,3901,0,0,0,1,1,1,
841,881.986452226583,11338.0426363182,1402.10922629203,3417,65535,7335.5,3918.5,0,0,0,1,1,1,
842,882.100765481406,11336.573316023,1403.57854658717,3447,65535,7391.5,3944.5,0,0,0,1,1,1,
843,882.215067062635,11335.1045264907,1405.04733611947,3327,65535,7222,3895,0,0,0,1,1,1,
844,882.329356966551,11333.6362675045,1406.51559510573,3455,65535,7353,3898,0,0,0,1,1,1,
845,882.443635189435,11332.1685388476,1407.98332376263,3441.5,65535,7347,3905.5,0,0,0,1,1,1,
846,882.55790172757,11330.7013403035,1409.45052230672,3507.5,65535,7388.5,3881,0,0,0,1,1,1,
847,882.672156577236,11329.2346716558,1410.91719095442,3568.5,65535,7430.5,3862,0,0,0,1,1,1,
848,882.786399734715,11327.7685326882,1412.38332992202,3502,65535,7409,3907,0,0,0,1,1,1,
849,882.900631196289,11326.3029231845,1413.84893942567,3497.5,65535,7389,3891.5,0,0,0,1,1,1,
850,883.01485095824,11324.8378429288,1415.31401968141,3408,65535,7248,3840,0,0,0,1,1,1,
851,883.129059016847,11323.3732917051,1416.77857090513,3473,65535,7336,3863,0,0,0,1,1,1,
852,883.243255368394,11321.9092692976,1418.24259331261,3482.5,65535,7286.5,3804,0,0,0,1,1,1,
853,883.357440009162,11320.4457754907,1419.70608711949,3582,65535,7407,3825,0,0,0,1,1,1,
854,883.471612935431,11318.9828100689,1421.16905254129,3479,65535,7348.5,3869.5,0,0,0,1,1,1,
855,883.585774143484,11317.5203728168,1422.63148979339,3616,65535,7479.5,3863.5,0,0,0,1,1,1,
856,883.699923629602,11316.0584635192,1424.09339909104,3304.5,65535,7162.5,3858,0,0,0,1,1,1,
857,883.814061390067,11314.5970819608,1425.55478064938,3372,65535,7211,3839,0,0,0,1,1,1,
858,883.92818742116,11313.1362279268,1427.0156346834,3560.5,65535,7429,3868.5,0,0,0,1,1,1,
859,884.042301719163,11311.6759012022,1428.47596140798,3544.5,65535,7335.5,3791,0,0,0,1,1,1,
860,884.156404280356,11310.2161015724,1429.93576103785,3417.5,65535,7266.5,3849,0,0,0,1,1,1,
861,884.270495101022,11308.7568288226,1431.39503378764,3417.5,65535,7222.5,3805,0,0,0,1,1,1,
862,884.384574177443,11307.2980827384,1432.85377987182,3333,65535,7105.5,3772.5,0,0,0,1,1,1,
863,884.498641505898,11305.8398631054,1434.31199950476,3291,65535,7050.5,3759.5,0,0,0,1,1,1,
864,884.612697082671,11304.3821697095,1435.76969290068,3308.5,65535,7104,3795.5,0,0,0,1,1,1,
865,884.726740904043,11302.9250023365,1437.22686027369,3426.5,65535,7197,3770.5,0,0,0,1,1,1,
866,884.840772966294,11301.4683607724,1438.68350183777,3656,65535,7460.5,3804.5,0,0,0,1,1,1,
867,884.954793265707,11300.0122448035,1440.13961780675,3350,65535,7110,3760,0,0,0,1,1,1,
868,885.068801798563,11298.5566542158,1441.59520839436,3301.5,65535,7038.5,3737,0,0,0,1,1,1,
869,885.182798561144,11297.101588796,1443.05027381419,3386,65535,7143.5,3757.5,0,0,0,1,1,1,
870,885.296783549731,11295.6470483305,1444.5048142797,3393.5,65535,7118,3724.5,0,0,0,1,1,1,
871,885.410756760605,11294.193032606,1445.95883000423,3238,65535,7031.5,3793.5,0,0,0,1,1,1,
872,885.524718190048,11292.7395414092,1447.41232120099,3331,65535,7076,3745,0,0,0,1,1,1,
873,885.638667834342,11291.2865745271,1448.86528808306,3254.5,65535,7006.5,3752,0,0,0,1,1,1,
874,885.752605689767,11289.8341317468,1450.3177308634,3323,65535,7067,3744,0,0,0,1,1,1,
875,885.866531752607,11288.3822128554,1451.76964975483,3266,65535,6997,3731,0,0,0,1,1,1,
876,885.980446019141,11286.9308176401,1453.22104497006,3296.5,65535,7032.5,3736,0,0,0,1,1,1,
877,886.094348485652,11285.4799458885,1454.67191672166,3302,65535,7045.5,3743.5,0,0,0,1,1,1,
878,886.208239148421,11284.0295973881,1456.12226522207,3161.5,65535,6892.5,3731,0,0,0,1,1,1,
879,886.322118003729,11282.5797719266,1457.57209068362,3434,65535,7209,3775,0,0,0,1,1,1,
880,886.435985047858,11281.1304692917,1459.0213933185,3249,65535,6977,3728,0,0,0,1,1,1,
881,886.54984027709,11279.6816892714,1460.47017333878,3128.5,65535,6852,3723.5,0,0,0,1,1,1,
882,886.663683687706,11278.2334316538,1461.9184309564,3215,65535,6925.5,3710.5,0,0,0,1,1,1,
883,886.777515275987,11276.785696227,1463.36616638317,3279,65535,6997,3718,0,0,0,1,1,1,
884,886.891335038216,11275.3384827794,1464.81337983079,3263,65535,6965,3702,0,0,0,1,1,1,
885,887.005142970673,11273.8917910994,1466.26007151082,3374.5,65535,7069.5,3695,0,0,0,1,1,1,
886,887.118939069639,11272.4456209755,1467.70624163469,3489.5,65535,7174,3684.5,0,0,0,1,1,1,
887,887.232723331398,11270.9999721965,1469.15189041371,3359,65535,7013.5,3654.5,0,0,0,1,1,1,
888,887.346495752229,11269.5548445511,1470.59701805907,3510.5,65535,7207.5,3697,0,0,0,1,1,1,
889,887.460256328414,11268.1102378284,1472.04162478183,3364,65535,6991.5,3627.5,0,0,0,1,1,1,
890,887.574005056236,11266.6661518173,1473.48571079292,3241,65535,6899.5,3658.5,0,0,0,1,1,1,
891,887.687741931975,11265.2225863071,1474.92927630314,3203.5,65535,6859,3655.5,0,0,0,1,1,1,
892,887.801466951913,11263.779541087,1476.37232152319,3342,65535,6963.5,3621.5,0,0,0,1,1,1,
893,887.915180112332,11262.3370159466,1477.81484666361,3290,65535,6880,3590,0,0,0,1,1,1,
894,888.028881409512,11260.8950106754,1479.25685193484,3319,65535,6878,3559,0,0,0,1,1,1,
895,888.142570839736,11259.453525063,1480.69833754718,3358,65535,6959.5,3601.5,0,0,0,1,1,1,
896,888.256248399285,11258.0125588994,1482.13930371082,3299.5,65535,6867,3567.5,0,0,0,1,1,1,
897,888.369914084441,11256.5721119744,1483.57975063581,3282,65535,6773,3491,0,0,0,1,1,1,
898,888.483567891484,11255.1321840781,1485.01967853208,3430,65535,7004.5,3574.5,0,0,0,1,1,1,
899,888.597209816697,11253.6927750008,1486.45908760943,3354.5,65535,6861.5,3507,0,0,0,1,1,1,
900,888.71083985636,11252.2538845326,1487.89797807756,3396,65535,6910,3514,0,0,0,1,1,1,
901,888.824458006756,11250.8155124642,1489.336350146,3246.5,65535,6774.5,3528,0,0,0,1,1,1,
902,888.938064264166,11249.377658586,1490.7742040242,3328.5,65535,6837,3508.5,0,0,0,1,1,1,
903,889.051658624872,11247.9403226887,1492.21153992146,3247.5,65535,6653.5,3406,0,0,0,1,1,1,
904,889.165241085154,11246.5035045632,1493.64835804696,3161,65535,6668.5,3507.5,0,0,0,1,1,1,
905,889.278811641295,11245.0672040004,1495.08465860977,3293.5,65535,6682.5,3389,0,0,0,1,1,1,
906,889.392370289575,11243.6314207914,1496.52044181881,3328.5,65535,6810,3481.5,0,0,0,1,1,1,
907,889.505917026277,11242.1961547273,1497.9557078829,3244,65535,6695.5,3451.5,0,0,0,1,1,1,
908,889.619451847682,11240.7614055995,1499.39045701072,3210,65535,6586,3376,0,0,0,1,1,1,
909,889.732974750072,11239.3271731994,1500.82468941082,3313,65535,6698.5,3385.5,0,0,0,1,1,1,
910,889.846485729727,11237.8934573185,1502.25840529165,3391,65535,6814.5,3423.5,0,0,0,1,1,1,
911,889.959984782929,11236.4602577487,1503.69160486153,3255.5,65535,6620,3364.5,0,0,0,1,1,1,
912,890.073471905961,11235.0275742816,1505.12428832864,3288.5,65535,6608.5,3320,0,0,0,1,1,1,
913,890.186947095103,11233.5954067092,1506.55645590104,3222.5,65535,6461,3238.5,0,0,0,1,1,1,
914,890.300410346636,11232.1637548235,1507.98810778668,3202.5,65535,6540.5,3338,0,0,0,1,1,1,
915,890.413861656844,11230.7326184168,1509.41924419338,3477,65535,6775,3298,0,0,0,1,1,1,
916,890.527301022006,11229.3019972814,1510.84986532883,3319,65535,6599,3280,0,0,0,1,1,1,
917,890.640728438404,11227.8718912096,1512.2799714006,3269.5,65535,6557,3287.5,0,0,0,1,1,1,
918,890.75414390232,11226.4422999941,1513.70956261615,3212,65535,6490,3278,0,0,0,1,1,1,
919,890.867547410036,11225.0132234274,1515.13863918279,3263.5,65535,6591,3327.5,0,0,0,1,1,1,
920,890.980938957832,11223.5846613025,1516.56720130773,3318,65535,6546,3228,0,0,0,1,1,1,
921,891.094318541991,11222.1566134122,1517.99524919805,3224.5,65535,6465.5,3241,0,0,0,1,1,1,
922,891.207686158794,11220.7290795495,1519.4227830607,3234.5,65535,6494,3259.5,0,0,0,1,1,1,
923,891.321041804521,11219.3020595077,1520.84980310252,3279,65535,6551.5,3272.5,0,0,0,1,1,1,
924,891.434385475456,11217.87555308,1522.27630953022,3281,65535,6548.5,3267.5,0,0,0,1,1,1,
925,891.547717167879,11216.4495600598,1523.70230255038,3158,65535,6377,3219,0,0,0,1,1,1,
926,891.661036878072,11215.0240802407,1525.12778236947,3024.5,65535,6293.5,3269,0,0,0,1,1,1,
927,891.774344602317,11213.5991134164,1526.55274919384,3173,65535,6410.5,3237.5,0,0,0,1,1,1,
928,891.887640336894,11212.1746593805,1527.97720322969,3214,65535,6432,3218,0,0,0,1,1,1,
929,892.000924078085,11210.7507179271,1529.40114468314,3165.5,65535,6360.5,3195,0,0,0,1,1,1,
930,892.114195822173,11209.3272888501,1530.82457376015,3241,65535,6376.5,3135.5,0,0,0,1,1,1,
931,892.227455565437,11207.9043719436,1532.24749066658,3200,65535,6324,3124,0,0,0,1,1,1,
932,892.34070330416,11206.481967002,1533.66989560815,3149.5,65535,6222.5,3073,0,0,0,1,1,1,
933,892.453939034624,11205.0600738197,1535.09178879049,3093.5,65535,6165,3071.5,0,0,0,1,1,1,
934,892.56716275311,11203.6386921911,1536.51317041907,3125.5,65535,6231.5,3106,0,0,0,1,1,1,
935,892.680374455898,11202.2178219109,1537.93404069926,3247.5,65535,6338.5,3091,0,0,0,1,1,1,
936,892.793574139272,11200.7974627739,1539.3543998363,2840,65535,5950,3110,0,0,0,1,1,1,
937,892.906761799512,11199.3776145749,1540.77424803532,2944.5,65535,6018.5,3074,0,0,0,1,1,1,
938,893.019937432899,11197.9582771089,1542.19358550131,3056,65535,6121,3065,0,0,0,1,1,1,
939,893.133101035716,11196.539450171,1543.61241243916,3048,65535,6155.5,3107.5,0,0,0,1,1,1,
940,893.246252604244,11195.1211335566,1545.03072905361,3120,65535,6212.5,3092.5,0,0,0,1,1,1,
941,893.359392134764,11193.7033270609,1546.44853554932,3083,65535,6195,3112,0,0,0,1,1,1,
942,893.472519623558,11192.2860304794,1547.86583213078,2999,65535,6102,3103,0,0,0,1,1,1,
943,893.585635066907,11190.8692436078,1549.28261900239,3201.5,65535,6219.5,3018,0,0,0,1,1,1,
944,893.698738461093,11189.4529662418,1550.69889636843,3199.5,65535,6272,3072.5,0,0,0,1,1,1,
945,893.811829802397,11188.0371981772,1552.11466443305,3080,65535,6120,3040,0,0,0,1,1,1,
946,893.9249090871,11186.6219392099,1553.52992340027,2916.5,65535,6024,3107.5,0,0,0,1,1,1,
947,894.037976311486,11185.2071891362,1554.94467347401,3246,65535,6305,3059,0,0,0,1,1,1,
948,894.151031471833,11183.7929477521,1556.35891485805,3036,65535,6081.5,3045.5,0,0,0,1,1,1,
949,894.264074564425,11182.3792148541,1557.77264775607,3118.5,65535,6220,3101.5,0,0,0,1,1,1,
950,894.377105585543,11180.9659902386,1559.1858723716,3012,65535,6081.5,3069.5,0,0,0,1,1,1,
951,894.490124531468,11179.5532737021,1560.59858890807,2831,65535,5931,3100,0,0,0,1,1,1,
952,894.603131398482,11178.1410650414,1562.0107975688,2830,65535,5912,3082,0,0,0,1,1,1,
953,894.716126182866,11176.7293640532,1563.42249855697,2836.5,65535,5875,3038.5,0,0,0,1,1,1,
954,894.829108880902,11175.3181705346,1564.83369207563,3016,65535,6070,3054,0,0,0,1,1,1,
955,894.942079488871,11173.9074842825,1566.24437832774,2978.5,65535,6049.5,3071,0,0,0,1,1,1,
956,895.055038003054,11172.4973050941,1567.65455751613,2804,65535,5880,3076,0,0,0,1,1,1,
957,895.167984419734,11171.0876327667,1569.06422984349,2728.5,65535,5770.5,3042,0,0,0,1,1,1,
958,895.280918735192,11169.6784670978,1570.47339551241,2699.5,65535,5746.5,3047,0,0,0,1,1,1,
959,895.393840945709,11168.2698078848,1571.88205472536,2605.5,65535,5683,3077.5,0,0,0,1,1,1,
960,895.506751047566,11166.8616549255,1573.29020768468,2995.5,65535,6059,3063.5,0,0,0,1,1,1,
961,895.619649037046,11165.4540080176,1574.6978545926,2861.5,65535,5902.5,3041,0,0,0,1,1,1,
962,895.732534910429,11164.046866959,1576.10499565123,2948.5,65535,5976.5,3028,0,0,0,1,1,1,
963,895.845408663998,11162.6402315477,1577.51163106254,3090,65535,6148,3058,0,0,0,1,1,1,
964,895.958270294033,11161.2341015818,1578.91776102841,2892,65535,5920,3028,0,0,0,1,1,1,
965,896.071119796817,11159.8284768596,1580.32338575059,2646,65535,5674,3028,0,0,0,1,1,1,
966,896.18395716863,11158.4233571795,1581.72850543069,2394.5,65535,5443,3048.5,0,0,0,1,1,1,
967,896.296782405754,11157.01874234,1583.13312027024,2625.5,65535,5646.5,3021,0,0,0,1,1,1,
968,896.409595504471,11155.6146321396,1584.53723047062,2564.5,65535,5590,3025.5,0,0,0,1,1,1,
969,896.522396461062,11154.2110263771,1585.94083623311,2753.5,65535,5743,2989.5,0,0,0,1,1,1,
970,896.635185271809,11152.8079248514,1587.34393775884,3056,65535,6036,2980,0,0,0,1,1,1,
971,896.747961932993,11151.4053273613,1588.74653524887,2895,65535,5867,2972,0,0,0,1,1,1,
972,896.860726440896,11150.0032337061,1590.14862890409,2776.5,65535,5811,3034.5,0,0,0,1,1,1,
973,896.973478791799,11148.6016436849,1591.55021892531,2378.5,65535,5364,2985.5,0,0,0,1,1,1,
974,897.086218981983,11147.200557097,1592.95130551321,2458,65535,5449.5,2991.5,0,0,0,1,1,1,
975,897.198947007731,11145.7999737419,1594.35188886833,2632,65535,5645.5,3013.5,0,0,0,1,1,1,
976,897.311662865323,11144.3998934191,1595.75196919113,2405.5,65535,5346.5,2941,0,0,0,1,1,1,
977,897.424366551041,11143.0003159283,1597.15154668191,3545.5,65535,6497,2951.5,0,0,0,1,1,1,
978,897.537058061167,11141.6012410693,1598.55062154089,2805,65535,5786,2981,0,0,0,1,1,1,
979,897.649737391983,11140.2026686421,1599.94919396815,2991,65535,5948.5,2957.5,0,0,0,1,1,1,
980,897.762404539768,11138.8045984465,1601.34726416366,2828,65535,5762.5,2934.5,0,0,0,1,1,1,
981,897.875059500806,11137.4070302829,1602.74483232725,2540,65535,5456.5,2916.5,0,0,0,1,1,1,
982,897.987702271378,11136.0099639515,1604.14189865868,2359,65535,5280,2921,0,0,0,1,1,1,
983,898.100332847765,11134.6133992527,1605.53846335753,3005,65535,5939,2934,0,0,0,1,1,1,
984,898.212951226248,11133.2173359869,1606.93452662332,3101.5,65535,6032,2930.5,0,0,0,1,1,1,
985,898.325557403109,11131.8217739548,1608.33008865542,2974.5,65535,5888.5,2914,0,0,0,1,1,1,
986,898.43815137463,11130.4267129571,1609.72514965308,3605,65535,6516.5,2911.5,0,0,0,1,1,1,
987,898.550733137092,11129.0321527948,1611.11970981545,2161,65535,4989.5,2828.5,0,0,0,1,1,1,
988,898.663302686777,11127.6380932687,1612.51376934155,1947.5,65535,4758.5,2811,0,0,0,1,1,1,
989,898.775860019966,11126.2445341799,1613.90732843029,2050,65535,4908.5,2858.5,0,0,0,1,1,1,
990,898.88840513294,11124.8514753298,1615.30038728045,2057.5,65535,4893.5,2836,0,0,0,1,1,1,
991,899.000938021982,11123.4589165195,1616.69294609071,1916,65535,4713.5,2797.5,0,0,0,1,1,1,
992,899.113458683372,11122.0668575506,1618.08500505963,2154.5,65535,4948,2793.5,0,0,0,1,1,1,
993,899.225967113392,11120.6752982246,1619.47656438563,2752.5,65535,5543.5,2791,0,0,0,1,1,1,
994,899.338463308324,11119.2842383432,1620.86762426705,3076.5,65535,5790,2713.5,0,0,0,1,1,1,
995,899.450947264449,11117.8936777081,1622.25818490208,3072,65535,5910.5,2838.5,0,0,0,1,1,1,
996,899.563418978048,11116.5036161214,1623.6482464888,3059,65535,5838,2779,0,0,0,1,1,1,
997,899.675878445403,11115.114053385,1625.0378092252,3030.5,65535,5834,2803.5,0,0,0,1,1,1,
998,899.788325662796,11113.7249893011,1626.42687330912,2499.5,65535,5293,2793.5,0,0,0,1,1,1,
999,899.900760626508,11112.3364236719,1627.8154389383,2123.5,65535,4857,2733.5,0,0,0,1,1,1,
1000,900.013183332821,11110.9483562998,1629.20350631036,2644,65535,5388.5,2744.5,0,0,0,1,1,1,
1001,900.125593778016,11109.5607869874,1630.59107562279,2578,65535,5335.5,2757.5,0,0,0,1,1,1,
1002,900.237991958374,11108.1737155372,1631.978147073,2382.5,65535,5102.5,2720,0,0,0,1,1,1,
1003,900.350377870177,11106.787141752,1633.36472085824,2482,65535,5198,2716,0,0,0,1,1,1,
1004,900.462751509707,11105.4010654345,1634.75079717568,2598.5,65535,5289,2690.5,0,0,0,1,1,1,
1005,900.575112873245,11104.0154863879,1636.13637622235,2318,65535,5018,2700,0,0,0,1,1,1,
1006,900.687461957072,11102.630404415,1637.52145819517,2609.5,65535,5316.5,2707,0,0,0,1,1,1,
1007,900.799798757471,11101.2458193193,1638.90604329095,2640,65535,5313.5,2673.5,0,0,0,1,1,1,
1008,900.912123270722,11099.8617309038,1640.29013170637,2654,65535,5432,2778,0,0,0,1,1,1,
1009,901.024435493106,11098.4781389722,1641.67372363801,2347.5,65535,5115.5,2768,0,0,0,1,1,1,
1010,901.136735420907,11097.0950433279,1643.05681928234,2346.5,65535,5049,2702.5,0,0,0,1,1,1,
1011,901.249023050404,11095.7124437745,1644.43941883568,2655,65535,5360.5,2705.5,0,0,0,1,1,1,
1012,901.36129837788,11094.3303401159,1645.82152249428,2628.5,65535,5292.5,2664,0,0,0,1,1,1,
1013,901.473561399617,11092.948732156,1647.20313045424,2295,65535,4969,2674,0,0,0,1,1,1,
1014,901.585812111894,11091.5676196987,1648.58424291155,2045.5,65535,4741,2695.5,0,0,0,1,1,1,
1015,901.698050510994,11090.1870025481,1649.96486006209,2491.5,65535,5165.5,2674,0,0,0,1,1,1,
1016,901.810276593199,11088.8068805086,1651.34498210164,2845,65535,5464,2619,0,0,0,1,1,1,
1017,901.92249035479,11087.4272533844,1652.72460922584,2758.5,65535,5408,2649.5,0,0,0,1,1,1,
1018,902.034691792049,11086.04812098,1654.10374163022,2534,65535,5215,2681,0,0,0,1,1,1,
1019,902.146880901256,11084.6694831,1655.48237951021,2355,65535,5009.5,2654.5,0,0,0,1,1,1,
1020,902.259057678694,11083.2913395491,1656.8605230611,2502,65535,5195.5,2693.5,0,0,0,1,1,1,
1021,902.371222120644,11081.9136901321,1658.2381724781,2311.5,65535,4963,2651.5,0,0,0,1,1,1,
1022,902.483374223388,11080.5365346539,1659.61532795627,2204.5,65535,4844.5,2640,0,0,0,1,1,1,
1023,902.595513983206,11079.1598729196,1660.99198969058,2681,65535,5309,2628,0,0,0,1,1,1,
1024,902.707641396381,11077.7837047343,1662.36815787586,2843,65535,5490,2647,0,0,0,1,1,1,
1025,902.819756459193,11076.4080299034,1663.74383270685,2704,65535,5325,2621,0,0,0,1,1,1,
1026,902.931859167926,11075.032848232,1665.11901437817,2561,65535,5096,2535,0,0,0,1,1,1,
1027,903.043949518859,11073.6581595259,1666.49370308431,2763.5,65535,5312,2548.5,0,0,0,1,1,1,
1028,903.156027508274,11072.2839635905,1667.86789901967,2815.5,65535,5375,2559.5,0,0,0,1,1,1,
1029,903.268093132454,11070.9102602317,1669.24160237851,2967.5,65535,5575.5,2608,0,0,0,1,1,1,
1030,903.380146387679,11069.5370492552,1670.614813355,2948.5,65535,5551,2602.5,0,0,0,1,1,1,
1031,903.492187270231,11068.164330467,1671.98753214318,3032,65535,5575.5,2543.5,0,0,0,1,1,1,
1032,903.604215776391,11066.7921036732,1673.35975893698,2922.5,65535,5451.5,2529,0,0,0,1,1,1,
1033,903.716231902442,11065.42036868,1674.73149393022,2924.5,65535,5497.5,2573,0,0,0,1,1,1,
1034,903.828235644663,11064.0491252936,1676.1027373166,2789,65535,5392,2603,0,0,0,1,1,1,
1035,903.940226999338,11062.6783733205,1677.4734892897,2732,65535,5274.5,2542.5,0,0,0,1,1,1,
1036,904.052205962747,11061.3081125672,1678.84375004301,2556.5,65535,5117.5,2561,0,0,0,1,1,1,
1037,904.164172531172,11059.9383428403,1680.21351976988,2533,65535,5055.5,2522.5,0,0,0,1,1,1,
1038,904.276126700895,11058.5690639466,1681.58279866357,2910,65535,5464.5,2554.5,0,0,0,1,1,1,
1039,904.388068468196,11057.200275693,1682.9515869172,2933,65535,5529,2596,0,0,0,1,1,1,
1040,904.499997829358,11055.8319778864,1684.31988472379,3002.5,65535,5517,2514.5,0,0,0,1,1,1,
1041,904.611914780661,11054.4641703339,1685.68769227626,2828.5,65535,5330.5,2502,0,0,0,1,1,1,
1042,904.723819318388,11053.0968528428,1687.0550097674,2792.5,65535,5340.5,2548,0,0,0,1,1,1,
1043,904.83571143882,11051.7300252203,1688.42183738988,2879.5,65535,5376,2496.5,0,0,0,1,1,1,
1044,904.947591138239,11050.3636872739,1689.78817533628,2745.5,65535,5330.5,2585,0,0,0,1,1,1,
1045,905.059458412925,11048.9978388112,1691.15402379905,2685,65535,5137,2452,0,0,0,1,1,1,
1046,905.171313259161,11047.6324796397,1692.51938297053,2476.5,65535,4996,2519.5,0,0,0,1,1,1,
1047,905.283155673227,11046.2676095673,1693.88425304294,2761.5,65535,5197,2435.5,0,0,0,1,1,1,
1048,905.394985651406,11044.9032284018,1695.24863420842,2866.5,65535,5379.5,2513,0,0,0,1,1,1,
1049,905.506803189979,11043.5393359513,1696.61252665895,2993.5,65535,5474,2480.5,0,0,0,1,1,1,
1050,905.618608285227,11042.1759320238,1697.97593058642,2887,65535,5338.5,2451.5,0,0,0,1,1,1,
1051,905.730400933431,11040.8130164276,1699.33884618262,2898,65535,5321.5,2423.5,0,0,0,1,1,1,
1052,905.842181130875,11039.450588971,1700.70127363922,2633.5,65535,5081.5,2448,0,0,0,1,1,1,
1053,905.953948873838,11038.0886494625,1702.06321314775,2781.5,65535,5205,2423.5,0,0,0,1,1,1,
1054,906.065704158603,11036.7271977105,1703.42466489967,2275.5,65535,4673.5,2398,0,0,0,1,1,1,
1055,906.17744698145,11035.3662335239,1704.78562908629,2364,65535,4796,2432,0,0,0,1,1,1,
1056,906.289177338662,11034.0057567114,1706.14610589884,2547.5,65535,5011.5,2464,0,0,0,1,1,1,
1057,906.400895226519,11032.6457670818,1707.50609552842,2682.5,65535,5078.5,2396,0,0,0,1,1,1,
1058,906.512600641304,11031.2862644442,1708.86559816601,2778,65535,5194.5,2416.5,0,0,0,1,1,1,
1059,906.624293579298,11029.9272486077,1710.22461400251,2601,65535,4999.5,2398.5,0,0,0,1,1,1,
1060,906.735974036782,11028.5687193815,1711.58314322867,2320.5,65535,4666.5,2346,0,0,0,1,1,1,
1061,906.847642010038,11027.2106765751,1712.94118603515,2295.5,65535,4703,2407.5,0,0,0,1,1,1,
1062,906.959297495347,11025.8531199977,1714.29874261249,2464.5,65535,4832.5,2368,0,0,0,1,1,1,
1063,907.070940488991,11024.4960494591,1715.65581315114,2200.5,65535,4597.5,2397,0,0,0,1,1,1,
1064,907.182570987251,11023.1394647688,1717.0123978414,2262.5,65535,4596,2333.5,0,0,0,1,1,1,
1065,907.294188986409,11021.7833657367,1718.36849687348,2387,65535,4760.5,2373.5,0,0,0,1,1,1,
1066,907.405794482747,11020.4277521727,1719.72411043748,2630.5,65535,4996,2365.5,0,0,0,1,1,1,
1067,907.517387472545,11019.0726238868,1721.0792387234,2688.5,65535,5053.5,2365,0,0,0,1,1,1,
1068,907.628967952086,11017.7179806891,1722.43388192109,2586,65535,5035,2449,0,0,0,1,1,1,
1069,907.74053591765,11016.3638223899,1723.78804022032,2237,65535,4565.5,2328.5,0,0,0,1,1,1,
1070,907.85209136552,11015.0101487994,1725.14171381076,1946,65535,4252,2306,0,0,0,1,1,1,
1071,907.963634291976,11013.6569597283,1726.49490288193,2117,65535,4455.5,2338.5,0,0,0,1,1,1,
1072,908.075164693301,11012.3042549869,1727.84760762327,2374.5,65535,4722.5,2348,0,0,0,1,1,1,
1073,908.186682565776,11010.9520343861,1729.19982822409,2775,65535,5143,2368,0,0,0,1,1,1,
1074,908.298187905681,11009.6002977366,1730.55156487361,2742,65535,5028.5,2286.5,0,0,0,1,1,1,
1075,908.4096807093,11008.2490448493,1731.90281776091,2583.5,65535,4920,2336.5,0,0,0,1,1,1,
1076,908.521160972913,11006.8982755352,1733.25358707499,2171.5,65535,4479,2307.5,0,0,0,1,1,1,
1077,908.632628692802,11005.5479896055,1734.60387300473,2170,65535,4492,2322,0,0,0,1,1,1,
1078,908.744083865247,11004.1981868713,1735.95367573888,2403.5,65535,4736,2332.5,0,0,0,1,1,1,
1079,908.855526486532,11002.8488671441,1737.30299546609,2346,65535,4678.5,2332.5,0,0,0,1,1,1,
1080,908.966956552937,11001.5000302353,1738.65183237493,2529.5,65535,4845,2315.5,0,0,0,1,1,1,
1081,909.078374060743,11000.1516759564,1740.00018665381,2488.5,65535,4804,2315.5,0,0,0,1,1,1,
1082,909.189779006233,10998.8038041191,1741.34805849106,2390,65535,4668,2278,0,0,0,1,1,1,
1083,909.301171385688,10997.4564145353,1742.6954480749,2279.5,65535,4524.5,2245,0,0,0,1,1,1,
1084,909.412551195389,10996.1095070168,1744.04235559342,2303,65535,4593.5,2290.5,0,0,0,1,1,1,
1085,909.523918431617,10994.7630813756,1745.38878123462,2589,65535,4868.5,2279.5,0,0,0,1,1,1,
1086,909.635273090655,10993.4171374238,1746.73472518639,2584.5,65535,4911,2326.5,0,0,0,1,1,1,
1087,909.746615168784,10992.0716749737,1748.08018763649,2275,65535,4528,2253,0,0,0,1,1,1,
1088,909.857944662285,10990.7266938376,1749.42516877259,2099,65535,4389,2290,0,0,0,1,1,1,
1089,909.969261567439,10989.382193828,1750.76966878224,2259.5,65535,4555.5,2296,0,0,0,1,1,1,
1090,910.080565880529,10988.0381747573,1752.11368785288,2704.5,65535,4982.5,2278,0,0,0,1,1,1,
1091,910.191857597835,10986.6946364384,1753.45722617185,2630.5,65535,4872,2241.5,0,0,0,1,1,1,
1092,910.30313671564,10985.3515786838,1754.80028392637,2813.5,65535,5052.5,2239,0,0,0,1,1,1,
1093,910.414403230224,10984.0090013066,1756.14286130356,2431.5,65535,4638,2206.5,0,0,0,1,1,1,
1094,910.52565713787,10982.6669041198,1757.48495849042,2022.5,65535,4231.5,2209,0,0,0,1,1,1,
1095,910.636898434858,10981.3252869364,1758.82657567385,2075,65535,4305,2230,0,0,0,1,1,1,
1096,910.748127117471,10979.9841495696,1760.16771304063,2458.5,65535,4677,2218.5,0,0,0,1,1,1,
1097,910.859343181989,10978.6434918328,1761.50837077745,2877,65535,5103,2226,0,0,0,1,1,1,
1098,910.970546624694,10977.3033135393,1762.84854907086,2707,65535,4874,2167,0,0,0,1,1,1,
1099,911.081737441868,10975.9636145029,1764.18824810734,2688,65535,4919,2231,0,0,0,1,1,1,
1100,911.192915629793,10974.624394537,1765.52746807322,2744.5,65535,4956.5,2212,0,0,0,1,1,1,
1101,911.304081184748,10973.2856534555,1766.86620915475,2680.5,65535,4891,2210.5,0,0,0,1,1,1,
1102,911.415234103017,10971.9473910721,1768.20447153807,2735,65535,4956,2221,0,0,0,1,1,1,
1103,911.526374380881,10970.609607201,1769.54225540919,2313,65535,4527.5,2214.5,0,0,0,1,1,1,
1104,911.637502014621,10969.2723016562,1770.87956095404,2244,65535,4432.5,2188.5,0,0,0,1,1,1,
1105,911.748617000519,10967.9354742518,1772.21638835841,2072,65535,4222,2150,0,0,0,1,1,1,
1106,911.859719334855,10966.5991248022,1773.55273780801,2285,65535,4451.5,2166.5,0,0,0,1,1,1,
1107,911.970809013913,10965.2632531218,1774.88860948842,2642.5,65535,4798,2155.5,0,0,0,1,1,1,
1108,912.081886033972,10963.9278590251,1776.22400358513,2728.5,65535,4903.5,2175,0,0,0,1,1,1,
1109,912.192950391315,10962.5929423267,1777.55892028351,2729,65535,4886,2157,0,0,0,1,1,1,
1110,912.304002082224,10961.2585028414,1778.89335976882,2429.5,65535,4586.5,2157,0,0,0,1,1,1,
1111,912.415041102979,10959.924540384,1780.22732222622,2586.5,65535,4744.5,2158,0,0,0,1,1,1,
1112,912.526067449862,10958.5910547695,1781.56080784075,2585.5,65535,4799.5,2214,0,0,0,1,1,1,
1113,912.637081119154,10957.2580458128,1782.89381679736,2428,65535,4552,2124,0,0,0,1,1,1,
1114,912.748082107138,10955.9255133293,1784.22634928089,2052.5,65535,4168,2115.5,0,0,0,1,1,1,
1115,912.859070410095,10954.5934571342,1785.55840547604,2066.5,65535,4161,2094.5,0,0,0,1,1,1,
1116,912.970046024305,10953.2618770428,1786.88998556744,2001,65535,4087.5,2086.5,0,0,0,1,1,1,
1117,913.081008946052,10951.9307728706,1788.2210897396,2207,65535,4254.5,2047.5,0,0,0,1,1,1,
1118,913.191959171615,10950.6001444333,1789.55171817692,2519,65535,4577,2058,0,0,0,1,1,1,
1119,913.302896697277,10949.2699915465,1790.88187106369,2211,65535,4333,2122,0,0,0,1,1,1,
1120,913.413821519319,10947.9403140261,1792.21154858409,2108,65535,4184,2076,0,0,0,1,1,1,
1121,913.524733634023,10946.611111688,1793.54075092222,2040,65535,4077,2037,0,0,0,1,1,1,
1122,913.635633037669,10945.2823843482,1794.86947826202,2133.5,65535,4194.5,2061,0,0,0,1,1,1,
1123,913.746519726541,10943.9541318228,1796.19773078738,2559.5,65535,4639.5,2080,0,0,0,1,1,1,
1124,913.857393696918,10942.6263539282,1797.52550868204,2580.5,65535,4611,2030.5,0,0,0,1,1,1,
1125,913.968254945083,10941.2990504805,1798.85281212966,2503.5,65535,4550,2046.5,0,0,0,1,1,1,
1126,914.079103467317,10939.9722212964,1800.17964131377,2524.5,65535,4588.5,2064,0,0,0,1,1,1,
1127,914.189939259902,10938.6458661924,1801.50599641781,2372.5,65535,4339,1966.5,0,0,0,1,1,1,
1128,914.300762319119,10937.3199849851,1802.83187762511,2452.5,65535,4474.5,2022,0,0,0,1,1,1,
1129,914.411572641249,10935.9945774913,1804.15728511889,2538.5,65535,4582,2043.5,0,0,0,1,1,1,
1130,914.522370222575,10934.6696435279,1805.48221908227,2593.5,65535,4582,1988.5,0,0,0,1,1,1,
1131,914.633155059376,10933.345182912,1806.80667969824,2554.5,65535,4575,2020.5,0,0,0,1,1,1,
1132,914.743927147936,10932.0211954605,1808.13066714972,2550,65535,4490,1940,0,0,0,1,1,1,
1133,914.854686484536,10930.6976809907,1809.4541816195,2405,65535,4396.5,1991.5,0,0,0,1,1,1,
1134,914.965433065457,10929.37463932,1810.77722329025,2140.5,65535,4127,1986.5,0,0,0,1,1,1,
1135,915.07616688698,10928.0520702656,1812.09979234457,1990.5,65535,3939,1948.5,0,0,0,1,1,1,
1136,915.186887945387,10926.7299736453,1813.42188896493,1940,65535,3921,1981,0,0,0,1,1,1,
1137,915.29759623696,10925.4083492765,1814.74351333369,2229.5,65535,4184.5,1955,0,0,0,1,1,1,
1138,915.40829175798,10924.0871969771,1816.06466563313,1972,65535,3907.5,1935.5,0,0,0,1,1,1,
1139,915.518974504728,10922.7665165648,1817.38534604539,2055.5,65535,3987,1931.5,0,0,0,1,1,1,
1140,915.629644473486,10921.4463078577,1818.70555475252,2451,65535,4450,1999,0,0,0,1,1,1,
1141,915.740301660536,10920.1265706737,1820.02529193647,2478,65535,4480,2002,0,0,0,1,1,1,
1142,915.850946062159,10918.8073048311,1821.34455777908,2256.5,65535,4251.5,1995,0,0,0,1,1,1,
1143,915.961577674637,10917.4885101481,1822.66335246207,2287,65535,4291,2004,0,0,0,1,1,1,
1144,916.07219649425,10916.1701864431,1823.98167616708,2509.5,65535,4462.5,1953,0,0,0,1,1,1,
1145,916.182802517281,10914.8523335346,1825.29952907562,2333.5,65535,4319,1985.5,0,0,0,1,1,1,
1146,916.293395740011,10913.5349512411,1826.61691136911,2423.5,65535,4317.5,1894,0,0,0,1,1,1,
1147,916.403976158722,10912.2180393814,1827.93382322885,2654,65535,4561,1907,0,0,0,1,1,1,
1148,916.514543769694,10910.9015977741,1829.25026483606,2593.5,65535,4494.5,1901,0,0,0,1,1,1,
1149,916.62509856921,10909.5856262384,1830.56623637182,2368.5,65535,4238,1869.5,0,0,0,1,1,1,
1150,916.735640553551,10908.2701245931,1831.88173801713,2214.5,65535,4090.5,1876,0,0,0,1,1,1,
1151,916.846169718999,10906.9550926573,1833.19676995287,2469.5,65535,4359,1889.5,0,0,0,1,1,1,
1152,916.956686061834,10905.6405302504,1834.51133235984,2505.5,65535,4388.5,1883,0,0,0,1,1,1,
1153,917.067189578339,10904.3264371915,1835.82542541869,2410,65535,4311,1901,0,0,0,1,1,1,
1154,917.177680264795,10903.0128133002,1837.13904931002,2036,65535,3953.5,1917.5,0,0,0,1,1,1,
1155,917.288158117484,10901.6996583959,1838.45220421428,1925,65535,3803,1878,0,0,0,1,1,1,
1156,917.398623132686,10900.3869722984,1839.76489031182,1947.5,65535,3815,1867.5,0,0,0,1,1,1,
1157,917.509075306684,10899.0747548273,1841.07710778292,2073,65535,3952,1879,0,0,0,1,1,1,
1158,917.619514635759,10897.7630058025,1842.38885680772,2113,65535,3948.5,1835.5,0,0,0,1,1,1,
1159,917.729941116192,10896.4517250439,1843.70013756627,2285,65535,4167.5,1882.5,0,0,0,1,1,1,
1160,917.840354744265,10895.1409123717,1845.0109502385,2501,65535,4399,1898,0,0,0,1,1,1,
1161,917.95075551626,10893.8305676059,1846.32129500426,2447.5,65535,4304,1856.5,0,0,0,1,1,1,
1162,918.061143428457,10892.5206905669,1847.63117204328,2446,65535,4238,1792,0,0,0,1,1,1,
1163,918.171518477139,10891.211281075,1848.94058153519,2421.5,65535,4276,1854.5,0,0,0,1,1,1,
1164,918.281880658587,10889.9023389507,1850.2495236595,2203,65535,3999.5,1796.5,0,0,0,1,1,1,
1165,918.392229969083,10888.5938640146,1851.55799859565,2114.5,65535,3926,1811.5,0,0,0,1,1,1,
1166,918.502566404907,10887.2858560873,1852.86600652294,2414.5,65535,4222.5,1808,0,0,0,1,1,1,
1167,918.612889962342,10885.9783149896,1854.17354762058,2406,65535,4230,1824,0,0,0,1,1,1,
1168,918.723200637669,10884.6712405425,1855.48062206769,2641,65535,4429,1788,0,0,0,1,1,1,
1169,918.833498427169,10883.3646325669,1856.78723004326,2667.5,65535,4522.5,1855,0,0,0,1,1,1,
1170,918.943783327124,10882.058490884,1858.0933717262,2424,65535,4238.5,1814.5,0,0,0,1,1,1,
1171,919.054055333816,10880.7528153149,1859.39904729529,2506,65535,4263,1757,0,0,0,1,1,1,
1172,919.164314443525,10879.447605681,1860.70425692923,2256,65535,4041,1785,0,0,0,1,1,1,
1173,919.274560652534,10878.1428618036,1862.0090008066,2585.5,65535,4375.5,1790,0,0,0,1,1,1,
1174,919.384793957124,10876.8385835043,1863.3132791059,2326,65535,4096.5,1770.5,0,0,0,1,1,1,
1175,919.495014353576,10875.5347706047,1864.61709200548,2183.5,65535,3914,1730.5,0,0,0,1,1,1,
1176,919.605221838172,10874.2314229266,1865.92043968364,2432.5,65535,4182,1749.5,0,0,0,1,1,1,
1177,919.715416407193,10872.9285402917,1867.22332231854,2531,65535,4281,1750,0,0,0,1,1,1,
1178,919.825598056922,10871.6261225219,1868.52574008826,2540,65535,4295.5,1755.5,0,0,0,1,1,1,
1179,919.935766783638,10870.3241694395,1869.82769317075,2623.5,65535,4354.5,1731,0,0,0,1,1,1,
1180,920.045922583625,10869.0226808663,1871.12918174388,2589.5,65535,4323,1733.5,0,0,0,1,1,1,
1181,920.156065453163,10867.7216566248,1872.43020598541,2563.5,65535,4297,1733.5,0,0,0,1,1,1,
1182,920.266195388533,10866.4210965372,1873.73076607299,2504,65535,4232.5,1728.5,0,0,0,1,1,1,
1183,920.376312386019,10865.121000426,1875.03086218417,2523.5,65535,4222.5,1699,0,0,0,1,1,1,
1184,920.4864164419,10863.8213681138,1876.33049449641,2385,65535,4122.5,1737.5,0,0,0,1,1,1,
1185,920.596507552458,10862.5221994232,1877.62966318705,2413,65535,4077.5,1664.5,0,0,0,1,1,1,
1186,920.706585713976,10861.2234941769,1878.92836843333,2340,65535,4020.5,1680.5,0,0,0,1,1,1,
1187,920.816650922733,10859.9252521978,1880.2266104124,2474,65535,4143.5,1669.5,0,0,0,1,1,1,
1188,920.926703175013,10858.6274733089,1881.52438930128,2532.5,65535,4231,1698.5,0,0,0,1,1,1,
1189,921.036742467096,10857.3301573333,1882.82170527693,2449.5,65535,4136,1686.5,0,0,0,1,1,1,
1190,921.146768795263,10856.033304094,1884.11855851615,2483,65535,4203,1720,0,0,0,1,1,1,
1191,921.256782155797,10854.7369134145,1885.4149491957,2375.5,65535,4026.5,1651,0,0,0,1,1,1,
1192,921.366782544979,10853.440985118,1886.71087749218,2232,65535,3891,1659,0,0,0,1,1,1,
1193,921.47676995909,10852.1455190281,1888.00634358213,2285.5,65535,3922,1636.5,0,0,0,1,1,1,
1194,921.586744394412,10850.8505149682,1889.30134764197,2207,65535,3860.5,1653.5,0,0,0,1,1,1,
1195,921.696705847227,10849.5559727622,1890.59588984803,2381.5,65535,4068.5,1687,0,0,0,1,1,1,
1196,921.806654313815,10848.2618922337,1891.8899703765,2466,65535,4179,1713,0,0,0,1,1,1,
1197,921.916589790458,10846.9682732067,1893.18358940352,2512,65535,4188.5,1676.5,0,0,0,1,1,1,
1198,922.026512273439,10845.6751155051,1894.47674710509,2474.5,65535,4174.5,1700,0,0,0,1,1,1,
1199,922.136421759037,10844.3824189531,1895.76944365713,2425,65535,4075,1650,0,0,0,1,1,1,
1200,922.246318243536,10843.0901833748,1897.06167923544,2631,65535,4280.5,1649.5,0,0,0,1,1,1,
1201,922.356201723215,10841.7984085945,1898.35345401573,3467,65535,5158,1691,0,0,0,1,1,1,
1202,922.466072194358,10840.5070944366,1899.64476817361,2431,65535,4039,1608,0,0,0,1,1,1,
1203,922.575929653245,10839.2162407256,1900.93562188457,2488.5,65535,4135,1646.5,0,0,0,1,1,1,
1204,922.685774096157,10837.9258472862,1902.22601532402,2415.5,65535,4122,1706.5,0,0,0,1,1,1,
1205,922.795605519377,10836.6359139429,1903.51594866727,2213,65535,3871.5,1658.5,0,0,0,1,1,1,
1206,922.905423919186,10835.3464405207,1904.8054220895,2368.5,65535,3986.5,1618,0,0,0,1,1,1,
1207,923.015229291865,10834.0574268444,1906.09443576582,2418.5,65535,4078,1659.5,0,0,0,1,1,1,
1208,923.125021633696,10832.768872739,1907.38298987122,2363.5,65535,3975.5,1612,0,0,0,1,1,1,
1209,923.23480094096,10831.4807780296,1908.67108458059,2369,65535,4039,1670,0,0,0,1,1,1,
1210,923.344567209939,10830.1931425415,1909.95872006873,2277.5,65535,3971.5,1694,0,0,0,1,1,1,
1211,923.454320436914,10828.9059660999,1911.24589651033,2422.5,65535,4039,1616.5,0,0,0,1,1,1,
1212,923.564060618167,10827.6192485302,1912.53261407997,2270.5,65535,3896.5,1626,0,0,0,1,1,1,
1213,923.673787749978,10826.3329896581,1913.81887295215,2176,65535,3842,1666,0,0,0,1,1,1,
1214,923.783501828631,10825.0471893089,1915.10467330126,2238,65535,3818,1580,0,0,0,1,1,1,
1215,923.893202850407,10823.7618473086,1916.39001530157,2357,65535,3942.5,1585.5,0,0,0,1,1,1,
1216,924.002890811585,10822.4769634829,1917.67489912729,2429,65535,4034.5,1605.5,0,0,0,1,1,1,
1217,924.112565708449,10821.1925376577,1918.95932495248,2337,65535,3926,1589,0,0,0,1,1,1,
1218,924.22222753728,10819.9085696591,1920.24329295115,2366.5,65535,3902,1535.5,0,0,0,1,1,1,
1219,924.331876294359,10818.625059313,1921.52680329716,2166.5,65535,3735,1568.5,0,0,0,1,1,1,
1220,924.441511975968,10817.3420064459,1922.8098561643,2089.5,65535,3689.5,1600,0,0,0,1,1,1,
1221,924.551134578388,10816.0594108839,1924.09245172626,2277,65535,3921,1644,0,0,0,1,1,1,
1222,924.660744097901,10814.7772724536,1925.37459015661,2567.5,65535,4122.5,1555,0,0,0,1,1,1,
1223,924.770340530788,10813.4955909814,1926.65627162885,2467.5,65535,4042.5,1575,0,0,0,1,1,1,
1224,924.87992387333,10812.2143662939,1927.93749631634,2344,65535,3870.5,1526.5,0,0,0,1,1,1,
1225,924.98949412181,10810.9335982178,1929.21826439236,2217.5,65535,3747,1529.5,0,0,0,1,1,1,
1226,925.099051272509,10809.6532865801,1930.49857603011,2403,65535,3979,1576,0,0,0,1,1,1,
1227,925.208595321708,10808.3734312075,1931.77843140266,2315.5,65535,3814.5,1499,0,0,0,1,1,1,
1228,925.318126265688,10807.0940319272,1933.05783068298,2353,65535,3874.5,1521.5,0,0,0,1,1,1,
1229,925.427644100732,10805.8150885662,1934.33677404396,2207,65535,3751.5,1544.5,0,0,0,1,1,1,
1230,925.53714882312,10804.5366009518,1935.61526165838,2312.5,65535,3842.5,1530,0,0,0,1,1,1,
1231,925.646640429135,10803.2585689113,1936.89329369891,2508.5,65535,4032.5,1524,0,0,0,1,1,1,
1232,925.756118915057,10801.9809922721,1938.17087033814,2614,65535,4098.5,1484.5,0,0,0,1,1,1,
1233,925.865584277169,10800.7038708617,1939.44799174855,2259.5,65535,3792,1532.5,0,0,0,1,1,1,
1234,925.975036511751,10799.4272045077,1940.72465810252,2118,65535,3649,1531,0,0,0,1,1,1,
1235,926.084475615085,10798.1509930379,1942.00086957232,2259.5,65535,3787.5,1528,0,0,0,1,1,1,
1236,926.193901583453,10796.8752362801,1943.27662633014,2192.5,65535,3739,1546.5,0,0,0,1,1,1,
1237,926.303314413136,10795.5999340621,1944.55192854806,2382.5,65535,3922.5,1540,0,0,0,1,1,1,
1238,926.412714100416,10794.3250862121,1945.82677639806,2471,65535,4047,1576,0,0,0,1,1,1,
1239,926.522100641574,10793.0506925582,1947.10117005202,2386.5,65535,3925,1538.5,0,0,0,1,1,1,
1240,926.631474032892,10791.7767529285,1948.37510968173,2392.5,65535,3883.5,1491,0,0,0,1,1,1,
1241,926.740834270651,10790.5032671513,1949.64859545888,2387,65535,3865,1478,0,0,0,1,1,1,
1242,926.850181351132,10789.2302350552,1950.92162755503,2315.5,65535,3805,1489.5,0,0,0,1,1,1,
1243,926.959515270618,10787.9576564685,1952.19420614169,2307.5,65535,3793,1485.5,0,0,0,1,1,1,
1244,927.068836025389,10786.68553122,1953.46633139023,2316,65535,3796.5,1480.5,0,0,0,1,1,1,
1245,927.178143611727,10785.4138591383,1954.73800347195,2164.5,65535,3612.5,1448,0,0,0,1,1,1,
1246,927.287438025914,10784.1426400522,1956.00922255803,2206,65535,3664.5,1458.5,0,0,0,1,1,1,
1247,927.396719264231,10782.8718737906,1957.27998881956,2438,65535,3921.5,1483.5,0,0,0,1,1,1,
1248,927.50598732296,10781.6015601827,1958.55030242753,2198,65535,3685,1487,0,0,0,1,1,1,
1249,927.615242198382,10780.3316990574,1959.82016355283,2214.5,65535,3657,1442.5,0,0,0,1,1,1,
1250,927.724483886779,10779.0622902439,1961.08957236626,1898,65535,3338.5,1440.5,0,0,0,1,1,1,
1251,927.833712384431,10777.7933335717,1962.35852903851,1801,65535,3251.5,1450.5,0,0,0,1,1,1,
1252,927.942927687621,10776.52482887,1963.62703374017,2142,65535,3549.5,1407.5,0,0,0,1,1,1,
1253,928.052129792631,10775.2567759685,1964.89508664175,2222.5,65535,3651,1428.5,0,0,0,1,1,1,
1254,928.161318695741,10773.9891746966,1966.16268791364,2133,65535,3553.5,1420.5,0,0,0,1,1,1,
1255,928.270494393233,10772.7220248841,1967.42983772614,1995,65535,3403.5,1408.5,0,0,0,1,1,1,
1256,928.379656881389,10771.4553263608,1968.69653624945,1964.5,65535,3384,1419.5,0,0,0,1,1,1,
1257,928.488806156489,10770.1890789565,1969.96278365368,1934.5,65535,3349.5,1415,0,0,0,1,1,1,
1258,928.597942214816,10768.9232825014,1971.22858010883,1973,65535,3369,1396,0,0,0,1,1,1,
1259,928.707065052652,10767.6579368254,1972.49392578481,2043,65535,3497,1454,0,0,0,1,1,1,
1260,928.816174666277,10766.3930417588,1973.75882085144,2048,65535,3468.5,1420.5,0,0,0,1,1,1,
1261,928.925271051973,10765.1285971318,1975.02326547841,1982,65535,3383.5,1401.5,0,0,0,1,1,1,
1262,929.034354206022,10763.8646027749,1976.28725983534,1999,65535,3365,1366,0,0,0,1,1,1,
1263,929.143424124704,10762.6010585184,1977.55080409175,2120,65535,3517,1397,0,0,0,1,1,1,
1264,929.252480804303,10761.3379641931,1978.81389841706,1947.5,65535,3372,1424.5,0,0,0,1,1,1,
1265,929.361524241098,10760.0753196296,1980.07654298059,1688.5,65535,3069.5,1381,0,0,0,1,1,1,
1266,929.470554431372,10758.8131246587,1981.33873795155,1942.5,65535,3305.5,1363,0,0,0,1,1,1,
1267,929.579571371406,10757.5513791111,1982.60048349907,1882,65535,3289,1407,0,0,0,1,1,1,
1268,929.688575057481,10756.290082818,1983.86177979219,1651,65535,3007.5,1356.5,0,0,0,1,1,1,
1269,929.79756548588,10755.0292356104,1985.12262699982,2119.5,65535,3453.5,1334,0,0,0,1,1,1,
1270,929.906542652883,10753.7688373194,1986.3830252908,1925.5,65535,3304.5,1379,0,0,0,1,1,1,
1271,930.015506554773,10752.5088877763,1987.64297483387,1677,65535,3046,1369,0,0,0,1,1,1,
1272,930.124457187829,10751.2493868125,1988.90247579766,1876.5,65535,3260.5,1384,0,0,0,1,1,1,
1273,930.233394548335,10749.9903342595,1990.16152835071,1901.5,65535,3288.5,1387,0,0,0,1,1,1,
1274,930.342318632571,10748.7317299487,1991.42013266146,1783.5,65535,3182.5,1399,0,0,0,1,1,1,
1275,930.45122943682,10747.4735737119,1992.67828889827,2065.5,65535,3431,1365.5,0,0,0,1,1,1,
1276,930.560126957361,10746.2158653808,1993.93599722937,2050,65535,3420,1370,0,0,0,1,1,1,
1277,930.669011190478,10744.9586047873,1995.19325782292,1678.5,65535,3103,1424.5,0,0,0,1,1,1,
1278,930.777882132452,10743.7017917632,1996.45007084698,1510,65535,2874,1364,0,0,0,1,1,1,
1279,930.886739779563,10742.4454261407,1997.70643646949,1577,65535,2957.5,1380.5,0,0,0,1,1,1,
1280,930.995584128094,10741.1895077519,1998.96235485834,1725,65535,3068.5,1343.5,0,0,0,1,1,1,
1281,931.104415174326,10739.9340364289,2000.21782618127,1963.5,65535,3329,1365.5,0,0,0,1,1,1,
1282,931.21323291454,10738.6790120043,2001.47285060595,1975,65535,3352.5,1377.5,0,0,0,1,1,1,
1283,931.322037345019,10737.4244343102,2002.72742829996,1812.5,65535,3175,1362.5,0,0,0,1,1,1,
1284,931.430828462042,10736.1703031794,2003.98155943077,1498,65535,2882,1384,0,0,0,1,1,1,
1285,931.539606261893,10734.9166184445,2005.23524416575,1442,65535,2781.5,1339.5,0,0,0,1,1,1,
1286,931.648370740853,10733.663379938,2006.48848267219,1459,65535,2814,1355,0,0,0,1,1,1,
1287,931.757121895202,10732.4105874929,2007.74127511728,1517,65535,2851,1334,0,0,0,1,1,1,
1288,931.865859721223,10731.1582409421,2008.9936216681,1665.5,65535,3000,1334.5,0,0,0,1,1,1,
1289,931.974584215197,10729.9063401186,2010.24552249164,1783,65535,3145,1362,0,0,0,1,1,1,
1290,932.083295373405,10728.6548848554,2011.4969777548,1693.5,65535,2987.5,1294,0,0,0,1,1,1,
1291,932.191993192129,10727.4038749858,2012.74798762438,1600.5,65535,2917.5,1317,0,0,0,1,1,1,
1292,932.300677667651,10726.1533103431,2013.99855226709,1336,65535,2634,1298,0,0,0,1,1,1,
1293,932.409348796251,10724.9031907607,2015.24867184953,1424,65535,2756,1332,0,0,0,1,1,1,
1294,932.518006574212,10723.653516072,2016.49834653821,1480,65535,2804.5,1324.5,0,0,0,1,1,1,
1295,932.626650997815,10722.4042861107,2017.74757649955,1667,65535,2940.5,1273.5,0,0,0,1,1,1,
1296,932.735282063342,10721.1555007103,2018.99636189987,1784.5,65535,3060,1275.5,0,0,0,1,1,1,
1297,932.843899767073,10719.9071597048,2020.2447029054,1783,65535,3055,1272,0,0,0,1,1,1,
1298,932.952504105291,10718.6592629279,2021.49259968226,1835,65535,3126.5,1291.5,0,0,0,1,1,1,
1299,933.061095074277,10717.4118102137,2022.74005239649,1728,65535,2990,1262,0,0,0,1,1,1,
1300,933.169672670312,10716.1648013962,2023.98706121402,1509.5,65535,2788,1278.5,0,0,0,1,1,1,
1301,933.278236889679,10714.9182363095,2025.2336263007,1268,65535,2560,1292,0,0,0,1,1,1,
1302,933.386787728657,10713.6721147879,2026.47974782227,1399.5,65535,2695,1295.5,0,0,0,1,1,1,
1303,933.49532518353,10712.4264366658,2027.72542594438,1420.5,65535,2699.5,1279,0,0,0,1,1,1,
1304,933.603849250578,10711.1812017776,2028.9706608326,1582.5,65535,2862.5,1280,0,0,0,1,1,1,
1305,933.712359926083,10709.9364099578,2030.21545265237,1398,65535,2666,1268,0,0,0,1,1,1,
1306,933.820857206326,10708.6920610411,2031.45980156908,1465.5,65535,2755.5,1290,0,0,0,1,1,1,
1307,933.929341087589,10707.4481548622,2032.70370774798,1516,65535,2757,1241,0,0,0,1,1,1,
1308,934.037811566154,10706.204691256,2033.94717135425,1584.5,65535,2837,1252.5,0,0,0,1,1,1,
1309,934.146268638301,10704.9616700572,2035.19019255297,1315,65535,2579.5,1264.5,0,0,0,1,1,1,
1310,934.254712300313,10703.7190911011,2036.43277150913,1221,65535,2472.5,1251.5,0,0,0,1,1,1,
1311,934.363142548471,10702.4769542226,2037.67490838762,1465,65535,2708,1243,0,0,0,1,1,1,
1312,934.471559379056,10701.235259257,2038.91660335323,1356,65535,2571.5,1215.5,0,0,0,1,1,1,
1313,934.57996278835,10699.9940060395,2040.15785657066,1563,65535,2796.5,1233.5,0,0,0,1,1,1,
1314,934.688352772634,10698.7531944057,2041.39866820453,1804,65535,3023,1219,0,0,0,1,1,1,
1315,934.796729328191,10697.5128241909,2042.63903841933,1791.5,65535,3007,1215.5,0,0,0,1,1,1,
1316,934.9050924513,10696.2728952307,2043.8789673795,1893.5,65535,3080.5,1187,0,0,0,1,1,1,
1317,935.013442138245,10695.0334073609,2045.11845524934,1867,65535,3081.5,1214.5,0,0,0,1,1,1,
1318,935.121778385306,10693.7943604171,2046.35750219309,1547,65535,2773.5,1226.5,0,0,0,1,1,1,
1319,935.230101188764,10692.5557542353,2047.59610837489,1369.5,65535,2575.5,1206,0,0,0,1,1,1,
1320,935.338410544903,10691.3175886514,2048.83427395876,1305.5,65535,2499,1193.5,0,0,0,1,1,1,
1321,935.446706450002,10690.0798635015,2050.07199910866,1527.5,65535,2731.5,1204,0,0,0,1,1,1,
1322,935.554988900343,10688.8425786218,2051.30928398844,1441.5,65535,2653.5,1212,0,0,0,1,1,1,
1323,935.663257892208,10687.6057338484,2052.54612876184,1343,65535,2531,1188,0,0,0,1,1,1,
1324,935.771513421879,10686.3693290177,2053.78253359254,1363.5,65535,2524,1160.5,0,0,0,1,1,1,
1325,935.879755485636,10685.1333639661,2055.01849864411,1546.5,65535,2710.5,1164,0,0,0,1,1,1,
1326,935.987984079762,10683.8978385302,2056.25402408001,1630.5,65535,2789.5,1159,0,0,0,1,1,1,
1327,936.096199200537,10682.6627525466,2057.48911006363,1812,65535,3020,1208,0,0,0,1,1,1,
1328,936.204400844244,10681.428105852,2058.72375675825,1790.5,65535,2937,1146.5,0,0,0,1,1,1,
1329,936.312589007164,10680.1938982831,2059.95796432706,1685,65535,2870,1185,0,0,0,1,1,1,
1330,936.420763685578,10678.960129677,2061.19173293318,1415.5,65535,2558,1142.5,0,0,0,1,1,1,
1331,936.528924875768,10677.7267998706,2062.42506273959,1381,65535,2514.5,1133.5,0,0,0,1,1,1,
1332,936.637072574015,10676.493908701,2063.65795390921,1459.5,65535,2625.5,1166,0,0,0,1,1,1,
1333,936.745206776601,10675.2614560053,2064.89040660486,1468,65535,2649.5,1181.5,0,0,0,1,1,1,
1334,936.853327479807,10674.0294416209,2066.12242098927,1299.5,65535,2433,1133.5,0,0,0,1,1,1,
1335,936.961434679915,10672.7978653851,2067.35399722506,1304,65535,2479,1175,0,0,0,1,1,1,
1336,937.069528373207,10671.5667271354,2068.58513547477,1314.5,65535,2431,1116.5,0,0,0,1,1,1,
1337,937.177608555963,10670.3360267093,2069.81583590085,1567.5,65535,2695.5,1128,0,0,0,1,1,1,
1338,937.285675224465,10669.1057639445,2071.04609866565,1861,65535,2985,1124,0,0,0,1,1,1,
1339,937.393728374995,10667.8759386788,2072.27592393143,1570.5,65535,2731,1160.5,0,0,0,1,1,1,
1340,937.501768003835,10666.6465507499,2073.50531186034,1708,65535,2849.5,1141.5,0,0,0,1,1,1,
1341,937.609794107265,10665.4175999957,2074.73426261447,1497.5,65535,2661,1163.5,0,0,0,1,1,1,
1342,937.717806681568,10664.1890862544,2075.96277635579,1606.5,65535,2775.5,1169,0,0,0,1,1,1,
1343,937.825805723024,10662.961009364,2077.19085324619,1414,65535,2522.5,1108.5,0,0,0,1,1,1,
1344,937.933791227916,10661.7333691628,2078.41849344745,1405,65535,2534.5,1129.5,0,0,0,1,1,1,
1345,938.041763192524,10660.5061654889,2079.64569712128,1300,65535,2447.5,1147.5,0,0,0,1,1,1,
1346,938.149721613131,10659.2793981809,2080.87246442929,1624,65535,2752.5,1128.5,0,0,0,1,1,1,
1347,938.257666486017,10658.0530670772,2082.09879553299,1658,65535,2806,1148,0,0,0,1,1,1,
1348,938.365597807465,10656.8271720164,2083.32469059381,1880,65535,3021.5,1141.5,0,0,0,1,1,1,
1349,938.473515573755,10655.6017128371,2084.55014977306,1651,65535,2755,1104,0,0,0,1,1,1,
1350,938.58141978117,10654.3766893782,2085.77517323199,1538,65535,2683,1145,0,0,0,1,1,1,
1351,938.68931042599,10653.1521014785,2086.99976113175,1598,65535,2737,1139,0,0,0,1,1,1,
1352,938.797187504498,10651.9279489768,2088.22391363338,1964.5,65535,3092,1127.5,0,0,0,1,1,1,
1353,938.905051012974,10650.7042317124,2089.44763089784,2054,65535,3183,1129,0,0,0,1,1,1,
1354,939.012900947701,10649.4809495242,2090.670913086,1901.5,65535,2991,1089.5,0,0,0,1,1,1,
1355,939.120737304959,10648.2581022516,2091.89376035863,1917,65535,3034,1117,0,0,0,1,1,1,
1356,939.228560081031,10647.0356897338,2093.11617287642,1868.5,65535,2961,1092.5,0,0,0,1,1,1,
1357,939.336369272197,10645.8137118102,2094.33815079996,1854,65535,2982.5,1128.5,0,0,0,1,1,1,
1358,939.444164874739,10644.5921683205,2095.55969428975,1918.5,65535,3025.5,1107,0,0,0,1,1,1,
1359,939.55194688494,10643.371059104,2096.78080350619,1899.5,65535,2996.5,1097,0,0,0,1,1,1,
1360,939.659715299079,10642.1503840006,2098.00147860959,1894.5,65535,3005.5,1111,0,0,0,1,1,1,
1361,939.767470113439,10640.93014285,2099.22171976018,1634,65535,2758.5,1124.5,0,0,0,1,1,1,
1362,939.875211324302,10639.7103354921,2100.4415271181,1609.5,65535,2696,1086.5,0,0,0,1,1,1,
1363,939.982938927948,10638.4909617668,2101.66090084336,1711.5,65535,2804,1092.5,0,0,0,1,1,1,
1364,940.090652920659,10637.2720215143,2102.87984109594,1643.5,65535,2716,1072.5,0,0,0,1,1,1,
1365,940.198353298717,10636.0535145745,2104.09834803567,1743,65535,2868,1125,0,0,0,1,1,1,
1366,940.306040058403,10634.8354407879,2105.31642182233,1688,65535,2785,1097,0,0,0,1,1,1,
1367,940.413713195998,10633.6177999946,2106.53406261559,1812,65535,2881.5,1069.5,0,0,0,1,1,1,
1368,940.521372707785,10632.4005920352,2107.75127057502,1847.5,65535,2945,1097.5,0,0,0,1,1,1,
1369,940.629018590045,10631.1838167501,2108.96804586012,1859.5,65535,2954.5,1095,0,0,0,1,1,1,
1370,940.736650839059,10629.9674739799,2110.18438863028,1747,65535,2834.5,1087.5,0,0,0,1,1,1,
1371,940.844269451108,10628.7515635654,2111.40029904482,1748,65535,2807.5,1059.5,0,0,0,1,1,1,
1372,940.951874422475,10627.5360853473,2112.61577726294,1543,65535,2610,1067,0,0,0,1,1,1,
1373,941.05946574944,10626.3210391664,2113.83082344377,1618,65535,2660,1042,0,0,0,1,1,1,
1374,941.167043428286,10625.1064248639,2115.04543774634,1674.5,65535,2736,1061.5,0,0,0,1,1,1,
1375,941.274607455293,10623.8922422806,2116.25962032961,1700,65535,2755.5,1055.5,0,0,0,1,1,1,
1376,941.382157826743,10622.6784912578,2117.4733713524,1807.5,65535,2855.5,1048,0,0,0,1,1,1,
1377,941.489694538918,10621.4651716367,2118.68669097349,1879,65535,2968.5,1089.5,0,0,0,1,1,1,
1378,941.597217588099,10620.2522832587,2119.89957935155,1679.5,65535,2742,1062.5,0,0,0,1,1,1,
1379,941.704726970568,10619.0398259651,2121.11203664515,1657,65535,2694,1037,0,0,0,1,1,1,
1380,941.812222682605,10617.8277995974,2122.32406301279,1913.5,65535,2919.5,1006,0,0,0,1,1,1,
1381,941.919704720494,10616.6162039974,2123.53565861285,1863,65535,2902.5,1039.5,0,0,0,1,1,1,
1382,942.027173080514,10615.4050390066,2124.74682360364,1708.5,65535,2767.5,1059,0,0,0,1,1,1,
1383,942.134627758949,10614.1943044668,2125.95755814338,1756.5,65535,2778,1021.5,0,0,0,1,1,1,
1384,942.242068752078,10612.98400022,2127.1678623902,1806.5,65535,2873,1066.5,0,0,0,1,1,1,
1385,942.349496056184,10611.7741261081,2128.37773650212,1791.5,65535,2828,1036.5,0,0,0,1,1,1,
1386,942.456909667548,10610.5646819731,2129.5871806371,1476,65535,2489.5,1013.5,0,0,0,1,1,1,
1387,942.564309582451,10609.3556676572,2130.79619495298,1368,65535,2375,1007,0,0,0,1,1,1,
1388,942.671695797176,10608.1470830027,2132.00477960753,1265,65535,2261,996,0,0,0,1,1,1,
1389,942.779068308003,10606.9389278518,2133.21293475842,1379.5,65535,2386.5,1007,0,0,0,1,1,1,
1390,942.886427111215,10605.731202047,2134.42066056323,1399,65535,2386.5,987.5,0,0,0,1,1,1,
1391,942.993772203092,10604.5239054307,2135.62795717946,1505.5,65535,2532.5,1027,0,0,0,1,1,1,
1392,943.101103579916,10603.3170378457,2136.83482476451,1785,65535,2774.5,989.5,0,0,0,1,1,1,
1393,943.208421237969,10602.1105991345,2138.04126347569,1910.5,65535,2923,1012.5,0,0,0,1,1,1,
1394,943.315725173532,10600.90458914,2139.24727347022,2014.5,65535,2966.5,952,0,0,0,1,1,1,
1395,943.423015382886,10599.699007705,2140.45285490524,1927.5,65535,2909,981.5,0,0,0,1,1,1,
1396,943.530291862313,10598.4938546724,2141.65800793779,1735.5,65535,2710.5,975,0,0,0,1,1,1,
1397,943.637554608095,10597.2891298854,2142.86273272481,1640.5,65535,2635,994.5,0,0,0,1,1,1,
1398,943.744803616513,10596.084833187,2144.06702942318,1291.5,65535,2280.5,989,0,0,0,1,1,1,
1399,943.852038883849,10594.8809644205,2145.27089818967,1535,65535,2541,1006,0,0,0,1,1,1,
1400,943.959260406384,10593.6775234292,2146.47433918096,1304,65535,2256,952,0,0,0,1,1,1,
1401,944.066468180399,10592.4745100566,2147.67735255364,1281.5,65535,2260.5,979,0,0,0,1,1,1,
1402,944.173662202176,10591.271924146,2148.87993846422,1366,65535,2339,973,0,0,0,1,1,1,
1403,944.280842467997,10590.0697655411,2150.08209706912,1819,65535,2795.5,976.5,0,0,0,1,1,1,
1404,944.388008974143,10588.8680340855,2151.28382852465,1521,65535,2475,954,0,0,0,1,1,1,
1405,944.495161716895,10587.6667296231,2152.48513298706,1614,65535,2506.5,892.5,0,0,0,1,1,1,
1406,944.602300692536,10586.4658519977,2153.6860106125,1659.5,65535,2689.5,1030,0,0,0,1,1,1,
1407,944.709425897346,10585.2654010532,2154.88646155701,2026,65535,2990,964,0,0,0,1,1,1,
1408,944.816537327607,10584.0653766336,2156.08648597657,1602.5,65535,2569,966.5,0,0,0,1,1,1,
1409,944.923634979601,10582.8657785831,2157.28608402706,1651,65535,2589,938,0,0,0,1,1,1,
1410,945.030718849608,10581.6666067459,2158.48525586427,1808,65535,2738.5,930.5,0,0,0,1,1,1,
1411,945.137788933911,10580.4678609663,2159.6840016439,1752,65535,2699,947,0,0,0,1,1,1,
1412,945.244845228791,10579.2695410886,2160.88232152156,1678,65535,2593.5,915.5,0,0,0,1,1,1,
1413,945.35188773053,10578.0716469574,2162.08021565278,1474,65535,2411.5,937.5,0,0,0,1,1,1,
1414,945.458916435409,10576.8741784172,2163.27768419298,1350.5,65535,2294,943.5,0,0,0,1,1,1,
1415,945.565931339709,10575.6771353127,2164.47472729752,1357,65535,2299.5,942.5,0,0,0,1,1,1,
1416,945.672932439712,10574.4805174886,2165.67134512165,1635,65535,2540.5,905.5,0,0,0,1,1,1,
1417,945.7799197317,10573.2843247897,2166.86753782054,1517,65535,2444.5,927.5,0,0,0,1,1,1,
1418,945.886893211953,10572.0885570609,2168.06330554928,1497,65535,2413.5,916.5,0,0,0,1,1,1,
1419,945.993852876754,10570.8932141474,2169.25864846284,1594,65535,2522.5,928.5,0,0,0,1,1,1,
1420,946.100798722384,10569.6982958941,2170.45356671614,1716.5,65535,2590,873.5,0,0,0,1,1,1,
1421,946.207730745125,10568.5038021462,2171.64806046398,1689,65535,2653,964,0,0,0,1,1,1,
1422,946.314648941258,10567.3097327491,2172.8421298611,1632,65535,2522,890,0,0,0,1,1,1,
1423,946.421553307064,10566.1160875481,2174.03577506213,1561,65535,2503.5,942.5,0,0,0,1,1,1,
1424,946.528443838825,10564.9228663886,2175.22899622162,1766,65535,2654,888,0,0,0,1,1,1,
1425,946.635320532822,10563.7300691162,2176.42179349403,1725,65535,2676,951,0,0,0,1,1,1,
1426,946.742183385338,10562.5376955765,2177.61416703373,1527,65535,2419,892,0,0,0,1,1,1,
1427,946.849032392652,10561.3457456152,2178.80611699501,1521,65535,2415,894,0,0,0,1,1,1,
1428,946.955867551048,10560.1542190781,2179.99764353207,1605.5,65535,2501.5,896,0,0,0,1,1,1,
1429,947.062688856807,10558.9631158112,2181.188746799,1748,65535,2654,906,0,0,0,1,1,1,
1430,947.169496306209,10557.7724356604,2182.37942694984,2826,65535,3741,915,0,0,0,1,1,1,
1431,947.276289895536,10556.5821784717,2183.56968413851,1536,65535,2467.5,931.5,0,0,0,1,1,1,
1432,947.383069621071,10555.3923440913,2184.75951851887,1497.5,65535,2370,872.5,0,0,0,1,1,1,
1433,947.489835479094,10554.2029323655,2185.94893024466,1414.5,65535,2338.5,924,0,0,0,1,1,1,
1434,947.596587465887,10553.0139431406,2187.13791946956,1726.5,65535,2578.5,852,0,0,0,1,1,1,
1435,947.703325577732,10551.8253762631,2188.32648634714,1881.5,65535,2778,896.5,0,0,0,1,1,1,
1436,947.810049810909,10550.6372315793,2189.51463103091,1764,65535,2657.5,893.5,0,0,0,1,1,1,
1437,947.916760161701,10549.4495089359,2190.70235367426,1480.5,65535,2404,923.5,0,0,0,1,1,1,
1438,948.023456626388,10548.2622081797,2191.88965443052,1392.5,65535,2261.5,869,0,0,0,1,1,1,
1439,948.130139201253,10547.0753291573,2193.07653345292,1472.5,65535,2355.5,883,0,0,0,1,1,1,
1440,948.236807882578,10545.8888717156,2194.2629908946,1685,65535,2581,896,0,0,0,1,1,1,
1441,948.343462666642,10544.7028357016,2195.44902690862,1801.5,65535,2666,864.5,0,0,0,1,1,1,
1442,948.450103549728,10543.5172209623,2196.63464164794,1644.5,65535,2507,862.5,0,0,0,1,1,1,
1443,948.556730528118,10542.3320273447,2197.81983526545,1875,65535,2739,864,0,0,0,1,1,1,
1444,948.663343598093,10541.1472546963,2199.00460791395,1812.5,65535,2694,881.5,0,0,0,1,1,1,
1445,948.769942755933,10539.9629028641,2200.18895974614,1910,65535,2816,906,0,0,0,1,1,1,
1446,948.876527997922,10538.7789716956,2201.37289091464,1947.5,65535,2796,848.5,0,0,0,1,1,1,
1447,948.983099320341,10537.5954610382,2202.55640157199,1873.5,65535,2713,839.5,0,0,0,1,1,1,
1448,949.08965671947,10536.4123707396,2203.73949187063,1766.5,65535,2613,846.5,0,0,0,1,1,1,
1449,949.196200191591,10535.2297006473,2204.92216196292,1621,65535,2439,818,0,0,0,1,1,1,
1450,949.302729732987,10534.0474506091,2206.10441200113,1494,65535,2338,844,0,0,0,1,1,1,
1451,949.409245339938,10532.8656204727,2207.28624213746,1525,65535,2370,845,0,0,0,1,1,1,
1452,949.515747008725,10531.6842100862,2208.467652524,1490,65535,2346,856,0,0,0,1,1,1,
1453,949.622234735631,10530.5032192974,2209.64864331275,1350,65535,2207.5,857.5,0,0,0,1,1,1,
1454,949.728708516937,10529.3226479545,2210.82921465566,1423,65535,2250.5,827.5,0,0,0,1,1,1,
1455,949.835168348924,10528.1424959056,2212.00936670456,1349.5,65535,2159,809.5,0,0,0,1,1,1,
1456,949.941614227874,10526.962762999,2213.18909961119,1245,65535,2081,836,0,0,0,1,1,1,
1457,950.048046150069,10525.783449083,2214.36841352724,1343,65535,2132,789,0,0,0,1,1,1,
1458,950.154464111789,10524.6045540059,2215.54730860427,1455,65535,2244.5,789.5,0,0,0,1,1,1,
1459,950.260868109317,10523.4260776164,2216.72578499378,1776.5,65535,2634.5,858,0,0,0,1,1,1,
1460,950.367258138933,10522.248019763,2217.90384284718,1685,65535,2507,822,0,0,0,1,1,1,
1461,950.47363419692,10521.0703802944,2219.08148231579,1776,65535,2604.5,828.5,0,0,0,1,1,1,
1462,950.579996279558,10519.8931590594,2220.25870355084,1954,65535,2797,843,0,0,0,1,1,1,
1463,950.68634438313,10518.7163559067,2221.43550670348,1801.5,65535,2611.5,810,0,0,0,1,1,1,
1464,950.792678503917,10517.5399706854,2222.61189192478,1833.5,65535,2645,811.5,0,0,0,1,1,1,
1465,950.8989986382,10516.3640032445,2223.78785936571,1978,65535,2751,773,0,0,0,1,1,1,
1466,951.005304782261,10515.188453433,2224.96340917716,1844.5,65535,2672,827.5,0,0,0,1,1,1,
1467,951.111596932381,10514.0133211003,2226.13854150994,1831,65535,2648,817,0,0,0,1,1,1,
1468,951.217875084842,10512.8386060954,2227.31325651476,1743.5,65535,2553,809.5,0,0,0,1,1,1,
1469,951.324139235925,10511.6643082679,2228.48755434226,1769,65535,2568.5,799.5,0,0,0,1,1,1,
1470,951.430389381912,10510.4904274672,2229.66143514298,1969.5,65535,2742,772.5,0,0,0,1,1,1,
1471,951.536625519085,10509.3169635428,2230.83489906739,1455,65535,2197,742,0,0,0,1,1,1,
1472,951.642847643724,10508.1439163443,2232.00794626586,1414,65535,2192,778,0,0,0,1,1,1,
1473,951.749055752111,10506.9712857215,2233.18057688868,1454,65535,2241,787,0,0,0,1,1,1,
1474,951.855249840528,10505.7990715241,2234.35279108606,1354.5,65535,2146.5,792,0,0,0,1,1,1,
1475,951.961429905257,10504.6272736021,2235.52458900812,1589,65535,2343.5,754.5,0,0,0,1,1,1,
1476,952.067595942578,10503.4558918053,2236.69597080488,1415,65535,2150.5,735.5,0,0,0,1,1,1,
1477,952.173747948774,10502.2849259839,2237.8669366263,1306.5,65535,2051.5,745,0,0,0,1,1,1,
1478,952.279885920125,10501.114375988,2239.03748662224,1504,65535,2307.5,803.5,0,0,0,1,1,1,
1479,952.386009852914,10499.9442416677,2240.20762094248,1477,65535,2253,776,0,0,0,1,1,1,
1480,952.492119743421,10498.7745228735,2241.3773397367,1562.5,65535,2339,776.5,0,0,0,1,1,1,
1481,952.598215587928,10497.6052194557,2242.54664315453,1623,65535,2379.5,756.5,0,0,0,1,1,1,
1482,952.704297382718,10496.4363312647,2243.71553134547,1388,65535,2173,785,0,0,0,1,1,1,
1483,952.81036512407,10495.2678581512,2244.88400445897,1618.5,65535,2394.5,776,0,0,0,1,1,1,
1484,952.916418808268,10494.0997999658,2246.05206264437,1706,65535,2523.5,817.5,0,0,0,1,1,1,
1485,953.022458431591,10492.9321565593,2247.21970605095,1767.5,65535,2519.5,752,0,0,0,1,1,1,
1486,953.128483990322,10491.7649277823,2248.38693482788,1713,65535,2451.5,738.5,0,0,0,1,1,1,
1487,953.234495480743,10490.5981134859,2249.55374912427,1726.5,65535,2461,734.5,0,0,0,1,1,1,
1488,953.340492899134,10489.4317135211,2250.72014908912,1761,65535,2465,704,0,0,0,1,1,1,
1489,953.446476241778,10488.2657277388,2251.88613487137,1649,65535,2402.5,753.5,0,0,0,1,1,1,
1490,953.552445504955,10487.1001559904,2253.05170661985,1565.5,65535,2259,693.5,0,0,0,1,1,1,
1491,953.658400684948,10485.9349981269,2254.21686448332,1781.5,65535,2509.5,728,0,0,0,1,1,1,
1492,953.764341778037,10484.7702539997,2255.38160861046,1638,65535,2368.5,730.5,0,0,0,1,1,1,
1493,953.870268780504,10483.6059234603,2256.54593914986,1664,65535,2383,719,0,0,0,1,1,1,
1494,953.976181688631,10482.4420063602,2257.70985625002,1582.5,65535,2312,729.5,0,0,0,1,1,1,
1495,954.082080498699,10481.2785025508,2258.87336005936,1567,65535,2304,737,0,0,0,1,1,1,
1496,954.18796520699,10480.115411884,2260.03645072622,1551,65535,2313.5,762.5,0,0,0,1,1,1,
1497,954.293835809786,10478.9527342114,2261.19912839884,1345.5,65535,2067.5,722,0,0,0,1,1,1,
1498,954.399692303367,10477.7904693848,2262.3613932254,1335,65535,2037,702,0,0,0,1,1,1,
1499,954.505534684015,10476.6286172562,2263.52324535398,1566,65535,2304,738,0,0,0,1,1,1,
1500,954.611362948011,10475.4671776776,2264.68468493257,1602,65535,2272,670,0,0,0,1,1,1,
1501,954.717177091638,10474.3061505011,2265.8457121091,1661,65535,2374.5,713.5,0,0,0,1,1,1,
1502,954.822977111177,10473.1455355788,2267.00632703138,1829.5,65535,2524.5,695,0,0,0,1,1,1,
1503,954.928763002909,10471.985332763,2268.16652984718,1585,65535,2342,757,0,0,0,1,1,1,
1504,955.034534763115,10470.8255419061,2269.32632070414,1694.5,65535,2417.5,723,0,0,0,1,1,1,
1505,955.140292388078,10469.6661628604,2270.48569974985,1735,65535,2505.5,770.5,0,0,0,1,1,1,
1506,955.246035874078,10468.5071954784,2271.64466713181,1465.5,65535,2187.5,722,0,0,0,1,1,1,
1507,955.351765217397,10467.3486396128,2272.80322299741,1376,65535,2114.5,738.5,0,0,0,1,1,1,
1508,955.457480414318,10466.1904951162,2273.96136749401,1619,65535,2339,720,0,0,0,1,1,1,
1509,955.56318146112,10465.0327618414,2275.11910076882,1438.5,65535,2147,708.5,0,0,0,1,1,1,
1510,955.668868354086,10463.8754396412,2276.27642296902,1513,65535,2250.5,737.5,0,0,0,1,1,1,
1511,955.774541089497,10462.7185283685,2277.43333424168,1607,65535,2323.5,716.5,0,0,0,1,1,1,
1512,955.880199663635,10461.5620278764,2278.5898347338,1770,65535,2521.5,751.5,0,0,0,1,1,1,
1513,955.98584407278,10460.4059380179,2279.74592459227,1875,65535,2562,687,0,0,0,1,1,1,
1514,956.091474313216,10459.2502586463,2280.90160396393,1607.5,65535,2342,734.5,0,0,0,1,1,1,
1515,956.197090381222,10458.0949896147,2282.05687299552,1631.5,65535,2310.5,679,0,0,0,1,1,1,
1516,956.302692273082,10456.9401307765,2283.2117318337,1462.5,65535,2140,677.5,0,0,0,1,1,1,
1517,956.408279985075,10455.7856819852,2284.36618062504,1496.5,65535,2162.5,666,0,0,0,1,1,1,
1518,956.513853513484,10454.6316430942,2285.52021951604,1448.5,65535,2123,674.5,0,0,0,1,1,1,
1519,956.61941285459,10453.4780139571,2286.67384865311,1469,65535,2117.5,648.5,0,0,0,1,1,1,
1520,956.724958004675,10452.3247944276,2287.82706818257,1692.5,65535,2346.5,654,0,0,0,1,1,1,
1521,956.830488960019,10451.1719843595,2288.97987825066,1543,65535,2221,678,0,0,0,1,1,1,
1522,956.936005716906,10450.0195836067,2290.13227900354,1577,65535,2274,697,0,0,0,1,1,1,
1523,957.041508271615,10448.8675920229,2291.2842705873,1694.5,65535,2415.5,721,0,0,0,1,1,1,
1524,957.146996620429,10447.7160094623,2292.43585314792,1653,65535,2340,687,0,0,0,1,1,1,
1525,957.25247075963,10446.5648357789,2293.58702683132,1912,65535,2577,665,0,0,0,1,1,1,
1526,957.357930685497,10445.4140708269,2294.73779178332,1867,65535,2553,686,0,0,0,1,1,1,
1527,957.463376394314,10444.2637144605,2295.88814814967,1804,65535,2482.5,678.5,0,0,0,1,1,1,
1528,957.568807882362,10443.1137665342,2297.03809607604,1765,65535,2393,628,0,0,0,1,1,1,
1529,957.674225145921,10441.9642269022,2298.18763570799,1949.5,65535,2652,702.5,0,0,0,1,1,1,
1530,957.779628181274,10440.8150954192,2299.33676719104,1722.5,65535,2394.5,672,0,0,0,1,1,1,
1531,957.885016984702,10439.6663719396,2300.48549067059,1466.5,65535,2114.5,648,0,0,0,1,1,1,
1532,957.990391552487,10438.5180563182,2301.63380629198,1544.5,65535,2168,623.5,0,0,0,1,1,1,
1533,958.09575188091,10437.3701484097,2302.78171420046,1517.5,65535,2191.5,674,0,0,0,1,1,1,
1534,958.201097966252,10436.222648069,2303.92921454119,1661.5,65535,2286,624.5,0,0,0,1,1,1,
1535,958.306429804796,10435.0755551509,2305.07630745926,1699,65535,2387.5,688.5,0,0,0,1,1,1,
1536,958.411747392822,10433.9288695105,2306.22299309967,1814,65535,2463,649,0,0,0,1,1,1,
1537,958.517050726612,10432.7825910029,2307.36927160734,1964,65535,2624.5,660.5,0,0,0,1,1,1,
1538,958.622339802447,10431.6367194831,2308.51514312712,1608.5,65535,2274.5,666,0,0,0,1,1,1,
1539,958.72761461661,10430.4912548065,2309.66060780375,1566,65535,2225.5,659.5,0,0,0,1,1,1,
1540,958.832875165381,10429.3461968283,2310.80566578191,1376,65535,2053.5,677.5,0,0,0,1,1,1,
1541,958.938121445042,10428.201545404,2311.9503172062,1479.5,65535,2133,653.5,0,0,0,1,1,1,
1542,959.043353451875,10427.0573003891,2313.09456222111,1377.5,65535,2005,627.5,0,0,0,1,1,1,
1543,959.14857118216,10425.9134616391,2314.23840097109,1442.5,65535,2097,654.5,0,0,0,1,1,1,
1544,959.253774632181,10424.7700290097,2315.38183360048,1497,65535,2162.5,665.5,0,0,0,1,1,1,
1545,959.358963798217,10423.6270023567,2316.52486025354,1590.5,65535,2221,630.5,0,0,0,1,1,1,
1546,959.464138676551,10422.4843815358,2317.66748107445,3214,65535,3884,670,0,0,0,1,1,1,
1547,959.569299263463,10421.3421664029,2318.80969620732,1760,65535,2334,574,0,0,0,1,1,1,
1548,959.674445555237,10420.200356814,2319.95150579615,1577.5,65535,2210.5,633,0,0,0,1,1,1,
1549,959.779577548152,10419.0589526253,2321.0929099849,1496.5,65535,2112,615.5,0,0,0,1,1,1,
1550,959.884695238491,10417.9179536928,2322.23390891741,1659,65535,2303,644,0,0,0,1,1,1,
1551,959.989798622534,10416.7773598727,2323.37450273747,1622.5,65535,2248.5,626,0,0,0,1,1,1,
1552,960.094887696564,10415.6371710214,2324.51469158875,1826.5,65535,2448.5,622,0,0,0,1,1,1,
1553,960.199962456863,10414.4973869953,2325.65447561488,1864.5,65535,2476,611.5,0,0,0,1,1,1,
1554,960.30502289971,10413.3580076508,2326.79385495939,1598.5,65535,2185.5,587,0,0,0,1,1,1,
1555,960.410069021389,10412.2190328445,2327.93282976571,1562,65535,2180,618,0,0,0,1,1,1,
1556,960.51510081818,10411.080462433,2329.07140017722,1485.5,65535,2040,554.5,0,0,0,1,1,1,
1557,960.620118286366,10409.942296273,2330.20956633721,1622.5,65535,2220.5,598,0,0,0,1,1,1,
1558,960.725121422226,10408.8045342213,2331.34732838888,1582.5,65535,2170,587.5,0,0,0,1,1,1,
1559,960.830110222044,10407.6671761349,2332.48468647535,1646,65535,2225.5,579.5,0,0,0,1,1,1,
1560,960.9350846821,10406.5302218705,2333.62164073966,1654.5,65535,2234.5,580,0,0,0,1,1,1,
1561,961.040044798676,10405.3936712854,2334.75819132478,1915.5,65535,2522.5,607,0,0,0,1,1,1,
1562,961.144990568053,10404.2575242366,2335.89433837358,1913.5,65535,2485.5,572,0,0,0,1,1,1,
1563,961.249921986514,10403.1217805813,2337.03008202888,1830,65535,2395,565,0,0,0,1,1,1,
1564,961.354839050338,10401.9864401768,2338.16542243337,1731,65535,2297.5,566.5,0,0,0,1,1,1,
1565,961.459741755809,10400.8515028805,2339.30035972971,1665.5,65535,2267,601.5,0,0,0,1,1,1,
1566,961.564630099208,10399.7169685498,2340.43489406045,1692.5,65535,2285,592.5,0,0,0,1,1,1,
1567,961.669504076815,10398.5828370421,2341.56902556805,1686,65535,2241.5,555.5,0,0,0,1,1,1,
1568,961.774363684912,10397.4491082153,2342.70275439493,1561.5,65535,2143,581.5,0,0,0,1,1,1,
1569,961.879208919782,10396.3157819268,2343.8360806834,1554,65535,2147.5,593.5,0,0,0,1,1,1,
1570,961.984039777705,10395.1828580345,2344.96900457568,1635.5,65535,2166.5,531,0,0,0,1,1,1,
1571,962.088856254963,10394.0503363963,2346.10152621393,1631.5,65535,2232,600.5,0,0,0,1,1,1,
1572,962.193658347837,10392.91821687,2347.23364574023,1659.5,65535,2230,570.5,0,0,0,1,1,1,
1573,962.298446052609,10391.7864993136,2348.36536329656,1671,65535,2244,573,0,0,0,1,1,1,
1574,962.403219365561,10390.6551835854,2349.49667902484,1708,65535,2255,547,0,0,0,1,1,1,
1575,962.507978282973,10389.5242695433,2350.62759306691,1543.5,65535,2100.5,557,0,0,0,1,1,1,
1576,962.612722801128,10388.3937570457,2351.75810556451,1696.5,65535,2268.5,572,0,0,0,1,1,1,
1577,962.717452916307,10387.2636459509,2352.88821665931,1625,65535,2138,513,0,0,0,1,1,1,
1578,962.822168624791,10386.1339361173,2354.0179264929,1768.5,65535,2304.5,536,0,0,0,1,1,1,
1579,962.926869922862,10385.0046274034,2355.1472352068,1693.5,65535,2268.5,575,0,0,0,1,1,1,
1580,963.031556806802,10383.8757196678,2356.27614294243,1725,65535,2277,552,0,0,0,1,1,1,
1581,963.136229272891,10382.747212769,2357.40464984115,1849.5,65535,2376.5,527,0,0,0,1,1,1,
1582,963.240887317412,10381.619106566,2358.53275604423,1829,65535,2385.5,556.5,0,0,0,1,1,1,
1583,963.345530936645,10380.4914009173,2359.66046169286,1848,65535,2363,515,0,0,0,1,1,1,
1584,963.450160126873,10379.3640956821,2360.78776692814,1664.5,65535,2208,543.5,0,0,0,1,1,1,
1585,963.554774884377,10378.2371907191,2361.91467189112,1409.5,65535,1894.5,485,0,0,0,1,1,1,
1586,963.659375205438,10377.1106858875,2363.04117672273,1396,65535,1908.5,512.5,0,0,0,1,1,1,
1587,963.763961086339,10375.9845810463,2364.16728156386,1538.5,65535,2054.5,516,0,0,0,1,1,1,
1588,963.868532523359,10374.8588760549,2365.29298655529,1511.5,65535,2034.5,523,0,0,0,1,1,1,
1589,963.973089512781,10373.7335707725,2366.41829183773,1645,65535,2098.5,453.5,0,0,0,1,1,1,
1590,964.077632050887,10372.6086650584,2367.54319755182,1634,65535,2124,490,0,0,0,1,1,1,
1591,964.182160133957,10371.4841587721,2368.66770383811,1835.5,65535,2372,536.5,0,0,0,1,1,1,
1592,964.286673758274,10370.3600517731,2369.79181083707,1789.5,65535,2292,502.5,0,0,0,1,1,1,
1593,964.391172920119,10369.2363439211,2370.9155186891,1541,65535,2040.5,499.5,0,0,0,1,1,1,
1594,964.495657615773,10368.1130350757,2372.0388275345,1431.5,65535,1946,514.5,0,0,0,1,1,1,
1595,964.600127841518,10366.9901250967,2373.16173751353,1746.5,65535,2253,506.5,0,0,0,1,1,1,
1596,964.704583593635,10365.8676138439,2374.28424876633,1683.5,65535,2198.5,515,0,0,0,1,1,1,
1597,964.809024868406,10364.7455011772,2375.40636143297,1570,65535,2059.5,489.5,0,0,0,1,1,1,
1598,964.913451662112,10363.6237869567,2376.52807565346,1749.5,65535,2263,513.5,0,0,0,1,1,1,
1599,965.017863971035,10362.5024710425,2377.64939156771,1901,65535,2393.5,492.5,0,0,0,1,1,1,
1600,965.122261791457,10361.3815532946,2378.77030931556,1717.5,65535,2235,517.5,0,0,0,1,1,1,
1601,965.226645119658,10360.2610335734,2379.89082903677,1541.5,65535,2054.5,513,0,0,0,1,1,1,
1602,965.33101395192,10359.1409117392,2381.01095087103,1765,65535,2274.5,509.5,0,0,0,1,1,1,
1603,965.435368284526,10358.0211876523,2382.13067495792,1748.5,65535,2282,533.5,0,0,0,1,1,1,
1604,965.539708113756,10356.9018611732,2383.25000143699,1789,65535,2295.5,506.5,0,0,0,1,1,1,
1605,965.644033435891,10355.7829321625,2384.36893044765,1603,65535,2137,534,0,0,0,1,1,1,
1606,965.748344247214,10354.6644004809,2385.4874621293,1596.5,65535,2129,532.5,0,0,0,1,1,1,
1607,965.852640544005,10353.546265989,2386.6055966212,1644,65535,2155,511,0,0,0,1,1,1,
1608,965.956922322547,10352.4285285476,2387.72333406257,1602.5,65535,2115,512.5,0,0,0,1,1,1,
1609,966.06118957912,10351.3111880177,2388.84067459254,1626,65535,2173.5,547.5,0,0,0,1,1,1,
1610,966.165442310007,10350.19424426,2389.95761835016,1855,65535,2358.5,503.5,0,0,0,1,1,1,
1611,966.269680511489,10349.0776971358,2391.07416547439,1622,65535,2143,521,0,0,0,1,1,1,
1612,966.373904179847,10347.9615465061,2392.19031610413,1522,65535,2042.5,520.5,0,0,0,1,1,1,
1613,966.478113311362,10346.845792232,2393.3060703782,1582,65535,2099,517,0,0,0,1,1,1,
1614,966.582307902317,10345.7304341749,2394.42142843532,1917.5,65535,2444.5,527,0,0,0,1,1,1,
1615,966.686487948993,10344.615472196,2395.53639041417,1515,65535,2041,526,0,0,0,1,1,1,
1616,966.790653447671,10343.5009061569,2396.65095645331,1790.5,65535,2271.5,481,0,0,0,1,1,1,
1617,966.894804394633,10342.386735919,2397.76512669125,1541.5,65535,2056,514.5,0,0,0,1,1,1,
1618,966.998940786159,10341.2729613438,2398.87890126641,1580.5,65535,2065,484.5,0,0,0,1,1,1,
1619,967.103062618533,10340.1595822931,2399.99228031713,1553,65535,2048.5,495.5,0,0,0,1,1,1,
1620,967.207169888035,10339.0465986285,2401.10526398169,1891.5,65535,2391,499.5,0,0,0,1,1,1,
1621,967.311262590947,10337.9340102119,2402.21785239826,1827.5,65535,2309,481.5,0,0,0,1,1,1,
1622,967.415340723549,10336.8218169052,2403.33004570496,1761.5,65535,2268.5,507,0,0,0,1,1,1,
1623,967.519404282125,10335.7100185704,2404.44184403983,1968.5,65535,2409,440.5,0,0,0,1,1,1,
1624,967.623453262955,10334.5986150694,2405.5532475408,1846,65535,2341.5,495.5,0,0,0,1,1,1,
1625,967.72748766232,10333.4876062644,2406.66425634577,1817.5,65535,2324,506.5,0,0,0,1,1,1,
1626,967.831507476503,10332.3769920177,2407.77487059253,1640,65535,2136.5,496.5,0,0,0,1,1,1,
1627,967.935512701784,10331.2667721914,2408.88509041879,1604.5,65535,2083,478.5,0,0,0,1,1,1,
1628,968.039503334446,10330.156946648,2409.99491596221,1502,65535,1969.5,467.5,0,0,0,1,1,1,
1629,968.143479370769,10329.0475152499,2411.10434736034,1743,65535,2239,496,0,0,0,1,1,1,
1630,968.247440807036,10327.9384778595,2412.21338475068,1895.5,65535,2376,480.5,0,0,0,1,1,1,
1631,968.351387639527,10326.8298343396,2413.32202827062,1895,65535,2423.5,528.5,0,0,0,1,1,1,
1632,968.455319864525,10325.7215845527,2414.43027805751,1865.5,65535,2374,508.5,0,0,0,1,1,1,
1633,968.55923747831,10324.6137283616,2415.5381342486,1887,65535,2367.5,480.5,0,0,0,1,1,1,
1634,968.663140477164,10323.5062656291,2416.64559698106,1707,65535,2181,474,0,0,0,1,1,1,
1635,968.767028857369,10322.3991962182,2417.752666392,1732,65535,2171.5,439.5,0,0,0,1,1,1,
1636,968.870902615206,10321.2925199918,2418.85934261843,1720,65535,2216.5,496.5,0,0,0,1,1,1,
1637,968.974761746957,10320.1862368129,2419.96562579731,1825.5,65535,2311.5,486,0,0,0,1,1,1,
1638,969.078606248903,10319.0803465447,2421.07151606549,1803,65535,2248.5,445.5,0,0,0,1,1,1,
1639,969.182436117326,10317.9748490504,2422.17701355976,1877.5,65535,2362,484.5,0,0,0,1,1,1,
1640,969.286251348506,10316.8697441934,2423.28211841685,1899,65535,2382.5,483.5,0,0,0,1,1,1,
1641,969.390051938727,10315.7650318368,2424.38683077338,1889.5,65535,2385,495.5,0,0,0,1,1,1,
1642,969.493837884269,10314.6607118443,2425.49115076591,1935,65535,2422,487,0,0,0,1,1,1,
1643,969.597609181413,10313.5567840793,2426.59507853093,1821,65535,2279.5,458.5,0,0,0,1,1,1,
1644,969.701365826441,10312.4532484054,2427.69861420484,1732.5,65535,2207.5,475,0,0,0,1,1,1,
1645,969.805107815635,10311.3501046862,2428.80175792396,1824,65535,2295.5,471.5,0,0,0,1,1,1,
1646,969.908835145276,10310.2473527856,2429.90450982455,1674,65535,2171,497,0,0,0,1,1,1,
1647,970.012547811646,10309.1449925674,2431.00687004278,1848,65535,2331,483,0,0,0,1,1,1,
1648,970.116245811026,10308.0430238955,2432.10883871475,1663.5,65535,2111,447.5,0,0,0,1,1,1,
1649,970.219929139698,10306.9414466337,2433.21041597647,1768,65535,2235.5,467.5,0,0,0,1,1,1,
1650,970.323597793943,10305.8402606463,2434.31160196388,1786.5,65535,2265,478.5,0,0,0,1,1,1,
1651,970.427251770042,10304.7394657973,2435.41239681287,1902.5,65535,2357.5,455,0,0,0,1,1,1,
1652,970.530891064278,10303.639061951,2436.5128006592,1969,65535,2435,466,0,0,0,1,1,1,
1653,970.634515672931,10302.5390489716,2437.61281363861,1853.5,65535,2286,432.5,0,0,0,1,1,1,
1654,970.738125592283,10301.4394267235,2438.71243588671,1814.5,65535,2229,414.5,0,0,0,1,1,1,
1655,970.841720818616,10300.3401950711,2439.81166753908,1866,65535,2351.5,485.5,0,0,0,1,1,1,
1656,970.94530134821,10299.241353879,2440.9105087312,1882.5,65535,2350.5,468,0,0,0,1,1,1,
1657,971.048867177349,10298.1429030117,2442.00895959847,1751.5,65535,2223,471.5,0,0,0,1,1,1,
1658,971.152418302313,10297.044842334,2443.10702027622,1931,65535,2390.5,459.5,0,0,0,1,1,1,
1659,971.255954719383,10295.9471717105,2444.20469089971,1876,65535,2327,451,0,0,0,1,1,1,
1660,971.359476424841,10294.8498910061,2445.30197160412,1767,65535,2231.5,464.5,0,0,0,1,1,1,
1661,971.462983414969,10293.7530000857,2446.39886252455,1660,65535,2102.5,442.5,0,0,0,1,1,1,
1662,971.566475686048,10292.6564988142,2447.49536379601,1790.5,65535,2208.5,418,0,0,0,1,1,1,
1663,971.669953234359,10291.5603870567,2448.59147555347,1757,65535,2196.5,439.5,0,0,0,1,1,1,
1664,971.773416056185,10290.4646646784,2449.6871979318,2070.5,65535,2518,447.5,0,0,0,1,1,1,
1665,971.876864147806,10289.3693315444,2450.78253106578,1927.5,65535,2373,445.5,0,0,0,1,1,1,
1666,971.980297505504,10288.2743875201,2451.87747509015,1853,65535,2287.5,434.5,0,0,0,1,1,1,
1667,972.083716125561,10287.1798324707,2452.97203013955,1758,65535,2207,449,0,0,0,1,1,1,
1668,972.187120004258,10286.0856662617,2454.06619634855,1756.5,65535,2180,423.5,0,0,0,1,1,1,
1669,972.290509137876,10284.9918887586,2455.15997385163,1743.5,65535,2184.5,441,0,0,0,1,1,1,
1670,972.393883522698,10283.898499827,2456.25336278323,1696.5,65535,2148.5,452,0,0,0,1,1,1,
1671,972.497243155004,10282.8054993325,2457.34636327767,1725,65535,2205,480,0,0,0,1,1,1,
1672,972.600588031076,10281.712887141,2458.43897546923,1839,65535,2268,429,0,0,0,1,1,1,
1673,972.703918147196,10280.6206631181,2459.5311994921,1935.5,65535,2364,428.5,0,0,0,1,1,1,
1674,972.807233499644,10279.5288271298,2460.62303548038,1802.5,65535,2247.5,445,0,0,0,1,1,1,
1675,972.910534084703,10278.4373790421,2461.71448356813,1653.5,65535,2074.5,421,0,0,0,1,1,1,
1676,973.013819898655,10277.3463187209,2462.8055438893,1709.5,65535,2151,441.5,0,0,0,1,1,1,
1677,973.117090937779,10276.2556460324,2463.89621657778,1763.5,65535,2207,443.5,0,0,0,1,1,1,
1678,973.220347198359,10275.1653608428,2464.98650176738,1764.5,65535,2174.5,410,0,0,0,1,1,1,
1679,973.323588676675,10274.0754630184,2466.07639959184,1693.5,65535,2093,399.5,0,0,0,1,1,1,
1680,973.426815369009,10272.9859524254,2467.16591018483,1688.5,65535,2097.5,409,0,0,0,1,1,1,
1681,973.530027271643,10271.8968289303,2468.25503367992,1553,65535,2010.5,457.5,0,0,0,1,1,1,
1682,973.633224380858,10270.8080923996,2469.34377021063,1627.5,65535,2070.5,443,0,0,0,1,1,1,
1683,973.736406692935,10269.7197426998,2470.4321199104,1601,65535,2029.5,428.5,0,0,0,1,1,1,
1684,973.839574204156,10268.6317796976,2471.52008291258,1770.5,65535,2161.5,391,0,0,0,1,1,1,
1685,973.942726910803,10267.5442032597,2472.60765935046,1863.5,65535,2257.5,394,0,0,0,1,1,1,
1686,974.045864809157,10266.4570132529,2473.69484935726,1762,65535,2140.5,378.5,0,0,0,1,1,1,
1687,974.148987895499,10265.3702095441,2474.78165306609,1660,65535,2074.5,414.5,0,0,0,1,1,1,
1688,974.252096166111,10264.2837920002,2475.86807061004,1670.5,65535,2079,408.5,0,0,0,1,1,1,
1689,974.355189617275,10263.1977604881,2476.95410212208,1772.5,65535,2166,393.5,0,0,0,1,1,1,
1690,974.458268245272,10262.1121148751,2478.03974773512,1741.5,65535,2117.5,376,0,0,0,1,1,1,
1691,974.561332046383,10261.0268550282,2479.12500758199,1740,65535,2097,357,0,0,0,1,1,1,
1692,974.66438101689,10259.9419808147,2480.20988179546,1731.5,65535,2104,372.5,0,0,0,1,1,1,
1693,974.767415153074,10258.857492102,2481.29437050822,1749,65535,2128,379,0,0,0,1,1,1,
1694,974.870434451218,10257.7733887573,2482.37847385287,1775.5,65535,2150.5,375,0,0,0,1,1,1,
1695,974.973438907602,10256.6896706482,2483.46219196196,1705.5,65535,2091.5,386,0,0,0,1,1,1,
1696,975.076428518508,10255.6063376423,2484.54552496793,1760,65535,2159.5,399.5,0,0,0,1,1,1,
1697,975.179403280217,10254.523389607,2485.62847300319,1723.5,65535,2105.5,382,0,0,0,1,1,1,
1698,975.282363189012,10253.4408264102,2486.71103620004,1752,65535,2106,354,0,0,0,1,1,1,
1699,975.385308241172,10252.3586479195,2487.79321469071,1646,65535,2043,397,0,0,0,1,1,1,
1700,975.488238432981,10251.2768540028,2488.87500860739,1809,65535,2222.5,413.5,0,0,0,1,1,1,
1701,975.591153760719,10250.1954445281,2489.95641808214,1594,65535,2000.5,406.5,0,0,0,1,1,1,
1702,975.694054220668,10249.1144193632,2491.03744324699,1526,65535,1912.5,386.5,0,0,0,1,1,1,
1703,975.79693980911,10248.0337783763,2492.11808423388,1860.5,65535,2234.5,374,0,0,0,1,1,1,
1704,975.899810522325,10246.9535214355,2493.19834117468,1807,65535,2174,367,0,0,0,1,1,1,
1705,976.002666356596,10245.873648409,2494.27821420117,1658,65535,2037.5,379.5,0,0,0,1,1,1,
1706,976.105507308204,10244.7941591651,2495.35770344508,1688,65535,2047,359,0,0,0,1,1,1,
1707,976.20833337343,10243.7150535722,2496.43680903804,1587.5,65535,1973,385.5,0,0,0,1,1,1,
1708,976.311144548556,10242.6363314986,2497.51553111163,1682.5,65535,2037,354.5,0,0,0,1,1,1,
1709,976.413940829864,10241.5579928129,2498.59386979734,1677,65535,2012.5,335.5,0,0,0,1,1,1,
1710,976.516722213634,10240.4800373836,2499.67182522659,1515.5,65535,1958,442.5,0,0,0,1,1,1,
1711,976.619488696149,10239.4024650795,2500.74939753073,1789,65535,2162,373,0,0,0,1,1,1,
1712,976.722240273689,10238.3252757692,2501.82658684103,1645,65535,2025.5,380.5,0,0,0,1,1,1,
1713,976.824976942538,10237.2484693215,2502.90339328871,1697,65535,2085,388,0,0,0,1,1,1,
1714,976.927698698974,10236.1720456053,2503.97981700486,1748.5,65535,2136.5,388,0,0,0,1,1,1,
1715,977.030405539282,10235.0960044896,2505.05585812056,1732.5,65535,2112.5,380,0,0,0,1,1,1,
1716,977.133097459741,10234.0203458434,2506.13151676677,1773,65535,2141,368,0,0,0,1,1,1,
1717,977.235774456634,10232.9450695358,2507.20679307441,1829,65535,2162,333,0,0,0,1,1,1,
1718,977.338436526241,10231.8701754359,2508.2816871743,1583.5,65535,1952,368.5,0,0,0,1,1,1,
1719,977.441083664845,10230.795663413,2509.3561991972,1818,65535,2151.5,333.5,0,0,0,1,1,1,
1720,977.543715868727,10229.7215333364,2510.43032927379,1761,65535,2079.5,318.5,0,0,0,1,1,1,
1721,977.646333134168,10228.6477850755,2511.50407753469,1582.5,65535,1945,362.5,0,0,0,1,1,1,
1722,977.74893545745,10227.5744184998,2512.57744411043,1681.5,65535,2007.5,326,0,0,0,1,1,1,
1723,977.851522834854,10226.5014334787,2513.65042913146,1579.5,65535,1943.5,364,0,0,0,1,1,1,
1724,977.954095262662,10225.428829882,2514.72303272819,1721.5,65535,2039.5,318,0,0,0,1,1,1,
1725,978.056652737155,10224.3566075793,2515.79525503093,1755,65535,2129,374,0,0,0,1,1,1,
1726,978.159195254615,10223.2847664403,2516.86709616992,1553.5,65535,1926,372.5,0,0,0,1,1,1,
1727,978.261722811324,10222.2133063349,2517.93855627533,1732,65535,2084.5,352.5,0,0,0,1,1,1,
1728,978.364235403563,10221.142227133,2519.00963547725,1758,65535,2087,329,0,0,0,1,1,1,
1729,978.466733027612,10220.0715287045,2520.08033390571,1716.5,65535,2057.5,341,0,0,0,1,1,1,
1730,978.569215679755,10219.0012109195,2521.15065169066,1756.5,65535,2072,315.5,0,0,0,1,1,1,
1731,978.671683356272,10217.9312736482,2522.22058896198,1775.5,65535,2084,308.5,0,0,0,1,1,1,
1732,978.774136053445,10216.8617167607,2523.29014584947,1711,65535,2073,362,0,0,0,1,1,1,
1733,978.876573767555,10215.7925401273,2524.35932248286,1598,65535,1959,361,0,0,0,1,1,1,
1734,978.978996494884,10214.7237436184,2525.42811899181,1726.5,65535,2064.5,338,0,0,0,1,1,1,
1735,979.081404231713,10213.6553271043,2526.49653550589,1677,65535,2030,353,0,0,0,1,1,1,
1736,979.183796974324,10212.5872904556,2527.56457215464,1582,65535,1907,325,0,0,0,1,1,1,
1737,979.286174718998,10211.5196335427,2528.63222906748,1541,65535,1911,370,0,0,0,1,1,1,
1738,979.388537462017,10210.4523562364,2529.69950637378,1749.5,65535,2087,337.5,0,0,0,1,1,1,
1739,979.490885199662,10209.3854584074,2530.76640420283,1621,65535,2013,392,0,0,0,1,1,1,
1740,979.593217928216,10208.3189399263,2531.83292268386,1839,65535,2179.5,340.5,0,0,0,1,1,1,
1741,979.695535643958,10207.2528006642,2532.89906194601,1787.5,65535,2130,342.5,0,0,0,1,1,1,
1742,979.797838343171,10206.1870404918,2533.96482211835,1666,65535,2041,375,0,0,0,1,1,1,
1743,979.900126022137,10205.1216592803,2535.03020332991,1840.5,65535,2196,355.5,0,0,0,1,1,1,
1744,980.002398677136,10204.0566569006,2536.09520570959,1602,65535,1936,334,0,0,0,1,1,1,
1745,980.104656304451,10202.9920332239,2537.15982938626,1579.5,65535,1913,333.5,0,0,0,1,1,1,
1746,980.206898900362,10201.9277881215,2538.22407448871,1728,65535,2032.5,304.5,0,0,0,1,1,1,
1747,980.309126461151,10200.8639214646,2539.28794114564,1789,65535,2123,334,0,0,0,1,1,1,
1748,980.411338983101,10199.8004331245,2540.3514294857,1633,65535,1978,345,0,0,0,1,1,1,
1749,980.513536462491,10198.7373229727,2541.41453963746,1730,65535,2076,346,0,0,0,1,1,1,
1750,980.615718895605,10197.6745908808,2542.47727172942,1757.5,65535,2074.5,317,0,0,0,1,1,1,
1751,980.717886278722,10196.6122367202,2543.53962588999,1818,65535,2146.5,328.5,0,0,0,1,1,1,
1752,980.820038608126,10195.5502603627,2544.60160224753,1721.5,65535,2066,344.5,0,0,0,1,1,1,
1753,980.922175880096,10194.4886616799,2545.66320093032,1651,65535,1942,291,0,0,0,1,1,1,
1754,981.024298090915,10193.4274405436,2546.72442206656,1768,65535,2097,329,0,0,0,1,1,1,
1755,981.126405236865,10192.3665968258,2547.7852657844,1718.5,65535,2017,298.5,0,0,0,1,1,1,
1756,981.228497314226,10191.3061303983,2548.84573221189,1628.5,65535,1954,325.5,0,0,0,1,1,1,
1757,981.330574319281,10190.2460411332,2549.90582147702,1743,65535,2082.5,339.5,0,0,0,1,1,1,
1758,981.43263624831,10189.1863289025,2550.96553370772,1652,65535,1942.5,290.5,0,0,0,1,1,1,
1759,981.534683097595,10188.1269935784,2552.02486903183,1829.5,65535,2129,299.5,0,0,0,1,1,1,
1760,981.636714863418,10187.0680350331,2553.08382757713,1668,65535,2028,360,0,0,0,1,1,1,
1761,981.738731542061,10186.0094531389,2554.14240947133,1779,65535,2050.5,271.5,0,0,0,1,1,1,
1762,981.840733129804,10184.9512477682,2555.20061484204,1986,65535,2320.5,334.5,0,0,0,1,1,1,
1763,981.942719622929,10183.8934187934,2556.25844381685,1940.5,65535,2232.5,292,0,0,0,1,1,1,
1764,982.044691017718,10182.835966087,2557.31589652322,1680,65535,2038.5,358.5,0,0,0,1,1,1,
1765,982.146647310452,10181.7788895216,2558.37297308858,1765,65535,2101.5,336.5,0,0,0,1,1,1,
1766,982.248588497413,10180.7221889699,2559.42967364028,1566.5,65535,1903,336.5,0,0,0,1,1,1,
1767,982.350514574882,10179.6658643046,2560.48599830559,1696.5,65535,2035.5,339,0,0,0,1,1,1,
1768,982.452425539141,10178.6099153985,2561.54194721171,1751.5,65535,2082,330.5,0,0,0,1,1,1,
1769,982.554321386471,10177.5543421244,2562.59752048577,1587,65535,1919,332,0,0,0,1,1,1,
1770,982.656202113153,10176.4991443554,2563.65271825483,1660,65535,1982.5,322.5,0,0,0,1,1,1,
1771,982.75806771547,10175.4443219643,2564.70754064589,1636.5,65535,1940.5,304,0,0,0,1,1,1,
1772,982.859918189703,10174.3898748244,2565.76198778585,1677,65535,2021,344,0,0,0,1,1,1,
1773,982.961753532132,10173.3358028086,2566.81605980156,1711,65535,2035,324,0,0,0,1,1,1,
1774,983.06357373904,10172.2821057904,2567.8697568198,1747.5,65535,2046.5,299,0,0,0,1,1,1,
1775,983.165378806709,10171.2287836429,2568.92307896727,1720.5,65535,2057,336.5,0,0,0,1,1,1,
1776,983.267168731419,10170.1758362396,2569.9760263706,1710.5,65535,2018,307.5,0,0,0,1,1,1,
1777,983.368943509452,10169.1232634538,2571.02859915635,1736.5,65535,2043,306.5,0,0,0,1,1,1,
1778,983.47070313709,10168.0710651592,2572.08079745102,1693,65535,2026,333,0,0,0,1,1,1,
1779,983.572447610614,10167.0192412292,2573.13262138101,1654,65535,1947.5,293.5,0,0,0,1,1,1,
1780,983.674176926305,10165.9677915375,2574.18407107268,2355.5,65535,2623,267.5,0,0,0,1,1,1,
1781,983.775891080446,10164.9167159579,2575.23514665231,1740,65535,2049.5,309.5,0,0,0,1,1,1,
1782,983.877590069317,10163.8660143641,2576.28584824609,1687,65535,1975.5,288.5,0,0,0,1,1,1,
1783,983.979273889201,10162.81568663,2577.33617598017,1740,65535,2051.5,311.5,0,0,0,1,1,1,
1784,984.080942536378,10161.7657326296,2578.38612998061,1630,65535,1982,352,0,0,0,1,1,1,
1785,984.18259600713,10160.7161522368,2579.4357103734,1675,65535,1948,273,0,0,0,1,1,1,
1786,984.284234297739,10159.6669453257,2580.48491728446,1767.5,65535,2091,323.5,0,0,0,1,1,1,
1787,984.385857404486,10158.6181117706,2581.53375083965,1758.5,65535,2060.5,302,0,0,0,1,1,1,
1788,984.487465323653,10157.5696514455,2582.58221116474,1761.5,65535,2047,285.5,0,0,0,1,1,1,
1789,984.589058051521,10156.5215642247,2583.63029838545,1786.5,65535,2072,285.5,0,0,0,1,1,1,
1790,984.690635584371,10155.4738499828,2584.67801262742,1694,65535,1952.5,258.5,0,0,0,1,1,1,
1791,984.792197918485,10154.426508594,2585.72535401622,1809.5,65535,2003,193.5,0,0,0,1,1,1,
1792,984.893745050145,10153.3795399329,2586.77232267734,1699,65535,1980,281,0,0,0,1,1,1,
1793,984.995276975632,10152.332943874,2587.81891873621,1520,65535,1784,264,0,0,0,1,1,1,
1794,985.096793691228,10151.286720292,2588.86514231819,1831.5,65535,2134.5,303,0,0,0,1,1,1,
1795,985.198295193214,10150.2408690616,2589.91099354857,1750.5,65535,2026,275.5,0,0,0,1,1,1,
1796,985.299781477871,10149.1953900576,2590.95647255257,1767,65535,2009,242,0,0,0,1,1,1,
1797,985.401252541481,10148.1502831549,2592.00157945533,1614,65535,1859.5,245.5,0,0,0,1,1,1,
1798,985.502708380326,10147.1055482283,2593.04631438193,1671,65535,1951.5,280.5,0,0,0,1,1,1,
1799,985.604148990687,10146.0611851528,2594.09067745737,1774,65535,2057.5,283.5,0,0,0,1,1,1,
1800,985.705574368846,10145.0171938036,2595.1346688066,1748.5,65535,2029,280.5,0,0,0,1,1,1,
1801,985.806984511084,10143.9735740557,2596.17828855447,1702.5,65535,1982.5,280,0,0,0,1,1,1,
1802,985.908379413682,10142.9303257844,2597.22153682579,1688,65535,1972.5,284.5,0,0,0,1,1,1,
1803,986.009759072922,10141.8874488649,2598.26441374528,1655,65535,1964.5,309.5,0,0,0,1,1,1,
1804,986.111123485086,10140.8449431726,2599.30691943759,1700.5,65535,1957.5,257,0,0,0,1,1,1,
1805,986.212472646455,10139.8028085829,2600.34905402731,1736.5,65535,2006.5,270,0,0,0,1,1,1,
1806,986.31380655331,10138.7610449712,2601.39081763897,1820,65535,2129.5,309.5,0,0,0,1,1,1,
1807,986.415125201934,10137.7196522132,2602.43221039699,1638.5,65535,1943,304.5,0,0,0,1,1,1,
1808,986.516428588607,10136.6786301844,2603.47323242577,1682.5,65535,1965,282.5,0,0,0,1,1,1,
1809,986.617716709611,10135.6379787606,2604.5138838496,1573.5,65535,1896.5,323,0,0,0,1,1,1,
1810,986.718989561227,10134.5976978175,2605.55416479273,1587,65535,1834,247,0,0,0,1,1,1,
1811,986.820247139738,10133.5577872309,2606.59407537931,2896.5,65535,3147,250.5,0,0,0,1,1,1,
1812,986.921489441424,10132.5182468767,2607.63361573346,1713.5,65535,1992.5,279,0,0,0,1,1,1,
1813,987.022716462567,10131.479076631,2608.67278597919,1561.5,65535,1811.5,250,0,0,0,1,1,1,
1814,987.123928199449,10130.4402763697,2609.71158624047,1754.5,65535,2058,303.5,0,0,0,1,1,1,
1815,987.22512464835,10129.401845969,2610.75001664118,1624,65535,1893.5,269.5,0,0,0,1,1,1,
1816,987.326305805553,10128.3637853051,2611.78807730514,1640.5,65535,1906.5,266,0,0,0,1,1,1,
1817,987.42747166734,10127.3260942541,2612.8257683561,1638,65535,1900.5,262.5,0,0,0,1,1,1,
1818,987.52862222999,10126.2887726925,2613.86308991774,1617.5,65535,1858,240.5,0,0,0,1,1,1,
1819,987.629757489787,10125.2518204965,2614.90004211368,1581.5,65535,1882.5,301,0,0,0,1,1,1,
1820,987.730877443011,10124.2152375427,2615.93662506745,1684.5,65535,1934,249.5,0,0,0,1,1,1,
1821,987.831982085944,10123.1790237077,2616.97283890253,1668,65535,1904,236,0,0,0,1,1,1,
1822,987.933071414868,10122.1431788679,2618.00868374232,1700,65535,1884,184,0,0,0,1,1,1,
1823,988.034145426063,10121.1077029001,2619.04415971015,1573,65535,1837.5,264.5,0,0,0,1,1,1,
1824,988.135204115812,10120.0725956809,2620.07926692928,1673.5,65535,1928.5,255,0,0,0,1,1,1,
1825,988.236247480396,10119.0378570873,2621.11400552292,1754.5,65535,2036.5,282,0,0,0,1,1,1,
1826,988.337275516097,10118.003486996,2622.14837561419,1760,65535,1975.5,215.5,0,0,0,1,1,1,
1827,988.438288219195,10116.9694852841,2623.18237732615,1498,65535,1734,236,0,0,0,1,1,1,
1828,988.539285585973,10115.9358518284,2624.21601078178,1543,65535,1835.5,292.5,0,0,0,1,1,1,
1829,988.640267612712,10114.9025865062,2625.249276104,1614,65535,1832.5,218.5,0,0,0,1,1,1,
1830,988.741234295693,10113.8696891945,2626.28217341567,1628.5,65535,1882.5,254,0,0,0,1,1,1,
1831,988.842185631198,10112.8371597706,2627.31470283956,1541.5,65535,1828.5,287,0,0,0,1,1,1,
1832,988.943121615509,10111.8049981118,2628.34686449839,1629.5,65535,1855,225.5,0,0,0,1,1,1,
1833,989.044042244907,10110.7732040954,2629.3786585148,1791,65535,2030.5,239.5,0,0,0,1,1,1,
1834,989.144947515673,10109.7417775988,2630.41008501137,1544,65535,1802,258,0,0,0,1,1,1,
1835,989.245837424089,10108.7107184996,2631.4411441106,1578,65535,1845.5,267.5,0,0,0,1,1,1,
1836,989.346711966436,10107.6800266753,2632.47183593493,1753,65535,2033.5,280.5,0,0,0,1,1,1,
1837,989.447571138996,10106.6497020035,2633.50216060673,1758.5,65535,2001.5,243,0,0,0,1,1,1,
1838,989.548414938051,10105.6197443619,2634.53211824829,1652.5,65535,1941.5,289,0,0,0,1,1,1,
1839,989.649243359882,10104.5901536283,2635.56170898186,1667.5,65535,1869,201.5,0,0,0,1,1,1,
1840,989.75005640077,10103.5609296806,2636.59093292959,1676,65535,1904,228,0,0,0,1,1,1,
1841,989.850854056997,10102.5320723966,2637.61979021358,1562.5,65535,1777,214.5,0,0,0,1,1,1,
1842,989.951636324844,10101.5035816543,2638.64828095585,1760,65535,2010.5,250.5,0,0,0,1,1,1,
1843,990.052403200594,10100.4754573318,2639.67640527837,1797.5,65535,2022,224.5,0,0,0,1,1,1,
1844,990.153154680526,10099.4476993072,2640.70416330301,1646.5,65535,1880,233.5,0,0,0,1,1,1,
1845,990.253890760924,10098.4203074586,2641.73155515161,1601,65535,1828.5,227.5,0,0,0,1,1,1,
1846,990.354611438068,10097.3932816643,2642.75858094591,1699,65535,1953.5,254.5,0,0,0,1,1,1,
1847,990.45531670824,10096.3666218026,2643.7852408076,1663,65535,1896,233,0,0,0,1,1,1,
1848,990.556006567721,10095.3403277519,2644.81153485829,1569.5,65535,1803,233.5,0,0,0,1,1,1,
1849,990.656681012793,10094.3143993907,2645.83746321954,1532,65535,1760.5,228.5,0,0,0,1,1,1,
1850,990.757340039738,10093.2888365974,2646.86302601282,1637,65535,1891,254,0,0,0,1,1,1,
1851,990.857983644836,10092.2636392507,2647.88822335955,1606,65535,1857,251,0,0,0,1,1,1,
1852,990.95861182437,10091.2388072291,2648.91305538106,1633,65535,1852,219,0,0,0,1,1,1,
1853,991.059224574621,10090.2143404116,2649.93752219864,1647,65535,1862,215,0,0,0,1,1,1,
1854,991.15982189187,10089.1902386767,2650.96162393349,1579,65535,1790,211,0,0,0,1,1,1,
1855,991.260403772399,10088.1665019034,2651.98536070675,1761.5,65535,1974.5,213,0,0,0,1,1,1,
1856,991.360970212489,10087.1431299707,2653.0087326395,1681,65535,1879.5,198.5,0,0,0,1,1,1,
1857,991.461521208422,10086.1201227575,2654.03173985273,1652.5,65535,1861.5,209,0,0,0,1,1,1,
1858,991.562056756479,10085.0974801428,2655.05438246738,1572,65535,1806,234,0,0,0,1,1,1,
1859,991.662576852943,10084.0752020059,2656.07666060433,1716.5,65535,1937,220.5,0,0,0,1,1,1,
1860,991.763081494093,10083.0532882258,2657.09857438437,1744.5,65535,1967,222.5,0,0,0,1,1,1,
1861,991.863570676213,10082.031738682,2658.12012392824,1758.5,65535,1956.5,198,0,0,0,1,1,1,
1862,991.964044395582,10081.0105532536,2659.14130935659,1719,65535,1943,224,0,0,0,1,1,1,
1863,992.064502648484,10079.9897318202,2660.16213079004,1595.5,65535,1808,212.5,0,0,0,1,1,1,
1864,992.164945431199,10078.9692742611,2661.1825883491,1778,65535,1961.5,183.5,0,0,0,1,1,1,
1865,992.265372740009,10077.949180456,2662.20268215424,1576.5,65535,1792.5,216,0,0,0,1,1,1,
1866,992.365784571195,10076.9294502843,2663.22241232586,1652,65535,1865.5,213.5,0,0,0,1,1,1,
1867,992.466180921039,10075.9100836259,2664.24177898428,1652.5,65535,1837,184.5,0,0,0,1,1,1,
1868,992.566561785822,10074.8910803604,2665.26078224977,1668,65535,1836.5,168.5,0,0,0,1,1,1,
1869,992.666927161826,10073.8724403677,2666.27942224251,1624,65535,1832.5,208.5,0,0,0,1,1,1,
1870,992.767277045332,10072.8541635276,2667.29769908263,1688,65535,1890.5,202.5,0,0,0,1,1,1,
1871,992.867611432622,10071.83624972,2668.3156128902,1622.5,65535,1854.5,232,0,0,0,1,1,1,
1872,992.967930319978,10070.818698825,2669.33316378519,1658.5,65535,1874.5,216,0,0,0,1,1,1,
1873,993.06823370368,10069.8015107227,2670.35035188754,1716,65535,1918,202,0,0,0,1,1,1,
1874,993.16852158001,10068.7846852931,2671.3671773171,1619,65535,1852.5,233.5,0,0,0,1,1,1,
1875,993.26879394525,10067.7682224165,2672.38364019366,1657,65535,1861,204,0,0,0,1,1,1,
1876,993.369050795682,10066.7521219733,2673.39974063694,1609.5,65535,1796.5,187,0,0,0,1,1,1,
1877,993.469292127586,10065.7363838436,2674.41547876659,1599,65535,1829.5,230.5,0,0,0,1,1,1,
1878,993.569517937245,10064.721007908,2675.43085470222,1548.5,65535,1746,197.5,0,0,0,1,1,1,
1879,993.669728220939,10063.7059940469,2676.44586856332,1665.5,65535,1849.5,184,0,0,0,1,1,1,
1880,993.769922974951,10062.6913421408,2677.46052046937,1520.5,65535,1717.5,197,0,0,0,1,1,1,
1881,993.870102195561,10061.6770520705,2678.47481053974,1715,65535,1872.5,157.5,0,0,0,1,1,1,
1882,993.970265879052,10060.6631237164,2679.48873889377,1627.5,65535,1865,237.5,0,0,0,1,1,1,
1883,994.070414021704,10059.6495569595,2680.50230565069,1814.5,65535,1946.5,132,0,0,0,1,1,1,
1884,994.1705466198,10058.6363516805,2681.51551092969,1400,65535,1592.5,192.5,0,0,0,1,1,1,
1885,994.27066366962,10057.6235077603,2682.52835484991,1534.5,65535,1769.5,235,0,0,0,1,1,1,
1886,994.370765167447,10056.6110250798,2683.54083753039,1657,65535,1817,160,0,0,0,1,1,1,
1887,994.470851109561,10055.5989035201,2684.55295909011,1604,65535,1797.5,193.5,0,0,0,1,1,1,
1888,994.570921492245,10054.5871429622,2685.56471964799,1495.5,65535,1659,163.5,0,0,0,1,1,1,
1889,994.670976311779,10053.5757432873,2686.5761193229,1629.5,65535,1818,188.5,0,0,0,1,1,1,
1890,994.771015564446,10052.5647043766,2687.58715823361,1658.5,65535,1817,158.5,0,0,0,1,1,1,
1891,994.871039246526,10051.5540261113,2688.59783649885,1576,65535,1761.5,185.5,0,0,0,1,1,1,
1892,994.971047354302,10050.5437083729,2689.60815423727,1743.5,65535,1885.5,142,0,0,0,1,1,1,
1893,995.071039884054,10049.5337510427,2690.61811156746,1591.5,65535,1806,214.5,0,0,0,1,1,1,
1894,995.171016832064,10048.5241540023,2691.62770860793,1569,65535,1789,220,0,0,0,1,1,1,
1895,995.270978194614,10047.5149171331,2692.63694547714,1454,65535,1620.5,166.5,0,0,0,1,1,1,
1896,995.370923967986,10046.5060403167,2693.64582229349,1438,65535,1631.5,193.5,0,0,0,1,1,1,
1897,995.47085414846,10045.4975234349,2694.65433917528,1603.5,65535,1742,138.5,0,0,0,1,1,1,
1898,995.570768732318,10044.4893663694,2695.66249624078,1525.5,65535,1670,144.5,0,0,0,1,1,1,
1899,995.670667715842,10043.481569002,2696.67029360817,1601,65535,1807.5,206.5,0,0,0,1,1,1,
1900,995.770551095313,10042.4741312146,2697.67773139559,1628,65535,1812,184,0,0,0,1,1,1,
1901,995.870418867013,10041.4670528891,2698.68480972108,1589.5,65535,1793,203.5,0,0,0,1,1,1,
1902,995.970271027223,10040.4603339076,2699.69152870263,1554,65535,1726.5,172.5,0,0,0,1,1,1,
1903,996.070107572225,10039.453974152,2700.69788845818,1689,65535,1868.5,179.5,0,0,0,1,1,1,
1904,996.169928498299,10038.4479735046,2701.70388910558,1418,65535,1617.5,199.5,0,0,0,1,1,1,
1905,996.269733801729,10037.4423318476,2702.70953076262,1463.5,65535,1675,211.5,0,0,0,1,1,1,
1906,996.369523478794,10036.4370490632,2703.71481354702,1600.5,65535,1761,160.5,0,0,0,1,1,1,
1907,996.469297525778,10035.4321250337,2704.71973757646,1497,65535,1655,158,0,0,0,1,1,1,
1908,996.56905593896,10034.4275596417,2705.72430296852,1482,65535,1647,165,0,0,0,1,1,1,
1909,996.668798714623,10033.4233527695,2706.72850984073,1634,65535,1819,185,0,0,0,1,1,1,
1910,996.768525849049,10032.4195042996,2707.73235831056,1590,65535,1802,212,0,0,0,1,1,1,
1911,996.868237338518,10031.4160141148,2708.7358484954,1680.5,65535,1859,178.5,0,0,0,1,1,1,
1912,996.967933179312,10030.4128820976,2709.73898051259,1578.5,65535,1777.5,199,0,0,0,1,1,1,
1913,997.067613367713,10029.4101081308,2710.74175447939,1499.5,65535,1676.5,177,0,0,0,1,1,1,
1914,997.167277900002,10028.4076920972,2711.74417051301,1454.5,65535,1611,156.5,0,0,0,1,1,1,
1915,997.26692677246,10027.4056338796,2712.74622873056,1502,65535,1677,175,0,0,0,1,1,1,
1916,997.36655998137,10026.4039333611,2713.74792924914,1513.5,65535,1716.5,203,0,0,0,1,1,1,
1917,997.466177523012,10025.4025904245,2714.74927218573,1594.5,65535,1775,180.5,0,0,0,1,1,1,
1918,997.565779393668,10024.4016049529,2715.75025765728,1533.5,65535,1706.5,173,0,0,0,1,1,1,
1919,997.66536558962,10023.4009768295,2716.75088578066,1616,65535,1791,175,0,0,0,1,1,1,
1920,997.764936107149,10022.4007059375,2717.75115667268,1490,65535,1660.5,170.5,0,0,0,1,1,1,
1921,997.864490942537,10021.4007921601,2718.75107045008,1541,65535,1710,169,0,0,0,1,1,1,
1922,997.964030092065,10020.4012353807,2719.75062722953,1697.5,65535,1884.5,187,0,0,0,1,1,1,
1923,998.063553552015,10019.4020354825,2720.74982712766,1464.5,65535,1645.5,181,0,0,0,1,1,1,
1924,998.163061318667,10018.4031923492,2721.74867026099,1539,65535,1713,174,0,0,0,1,1,1,
1925,998.262553388304,10017.4047058642,2722.74715674601,1519,65535,1693,174,0,0,0,1,1,1,
1926,998.362029757208,10016.4065759111,2723.74528669915,1599.5,65535,1773.5,174,0,0,0,1,1,1,
1927,998.461490421658,10015.4088023735,2724.74306023674,1675,65535,1830,155,0,0,0,1,1,1,
1928,998.560935377938,10014.4113851351,2725.74047747508,1469.5,65535,1632.5,163,0,0,0,1,1,1,
1929,998.660364622329,10013.4143240798,2726.73753853039,1382,65535,1575,193,0,0,0,1,1,1,
1930,998.759778151112,10012.4176190914,2727.73424351881,1557,65535,1729.5,172.5,0,0,0,1,1,1,
1931,998.859175960568,10011.4212700538,2728.73059255644,1452.5,65535,1616.5,164,0,0,0,1,1,1,
1932,998.958558046979,10010.4252768509,2729.72658575931,1492.5,65535,1664.5,172,0,0,0,1,1,1,
1933,999.057924406627,10009.4296393668,2730.72222324337,1522,65535,1720.5,198.5,0,0,0,1,1,1,
1934,999.157275035793,10008.4343574857,2731.71750512452,1584,65535,1753.5,169.5,0,0,0,1,1,1,
1935,999.256609930758,10007.4394310916,2732.71243151859,1582.5,65535,1748.5,166,0,0,0,1,1,1,
1936,999.355929087804,10006.4448600689,2733.70700254134,1602.5,65535,1772,169.5,0,0,0,1,1,1,
1937,999.455232503214,10005.4506443017,2734.70121830849,1506.5,65535,1648,141.5,0,0,0,1,1,1,
1938,999.554520173266,10004.4567836746,2735.69507893565,1580.5,65535,1759,178.5,0,0,0,1,1,1,
1939,999.653792094245,10003.4632780718,2736.68858453841,1665.5,65535,1834,168.5,0,0,0,1,1,1,
1940,999.753048262431,10002.4701273779,2737.68173523226,1664,65535,1865.5,201.5,0,0,0,1,1,1,
1941,999.852288674105,10001.4773314775,2738.67453113266,1389.5,65535,1560.5,171,0,0,0,1,1,1,
1942,999.951513325549,10000.4848902552,2739.66697235498,1694.5,65535,1891.5,197,0,0,0,1,1,1,
1943,1000.05072221304,9999.49280359567,2740.65905901453,1698.5,65535,1862.5,164,0,0,0,1,1,1,
1944,1000.14991533287,9998.50107138365,2741.65079122656,1514.5,65535,1692,177.5,0,0,0,1,1,1,
1945,1000.24909268132,9997.50969350395,2742.64216910625,1481.5,65535,1653.5,172,0,0,0,1,1,1,
1946,1000.34825425466,9996.51866984148,2743.63319276873,1591.5,65535,1739,147.5,0,0,0,1,1,1,
1947,1000.44740004917,9995.52800028116,2744.62386232904,1729.5,65535,1904,174.5,0,0,0,1,1,1,
1948,1000.54653006115,9994.53768470802,2745.61417790218,1495.5,65535,1668.5,173,0,0,0,1,1,1,
1949,1000.64564428687,9993.54772300712,2746.60413960308,1491.5,65535,1661,169.5,0,0,0,1,1,1,
1950,1000.7447427226,9992.55811506361,2747.59374754659,1610,65535,1785,175,0,0,0,1,1,1,
1951,1000.84382536465,9991.56886076269,2748.58300184752,1510.5,65535,1637.5,127,0,0,0,1,1,1,
1952,1000.94289220927,9990.57995998961,2749.57190262059,1527,65535,1701.5,174.5,0,0,0,1,1,1,
1953,1001.04194325277,9989.59141262972,2750.56044998048,1617.5,65535,1746,128.5,0,0,0,1,1,1,
1954,1001.14097849141,9988.60321856841,2751.54864404179,1626.5,65535,1751,124.5,0,0,0,1,1,1,
1955,1001.23999792148,9987.61537769114,2752.53648491906,1621,65535,1794,173,0,0,0,1,1,1,
1956,1001.33900153926,9986.62788988343,2753.52397272677,1384.5,65535,1560,175.5,0,0,0,1,1,1,
1957,1001.43798934103,9985.64075503087,2754.51110757933,1542.5,65535,1686.5,144,0,0,0,1,1,1,
1958,1001.53696132308,9984.65397301911,2755.49788959109,1480,65535,1637,157,0,0,0,1,1,1,
1959,1001.63591748169,9983.66754373386,2756.48431887634,1528,65535,1700.5,172.5,0,0,0,1,1,1,
1960,1001.73485781313,9982.68146706091,2757.47039554929,1550,65535,1709.5,159.5,0,0,0,1,1,1,
1961,1001.83378231369,9981.6957428861,2758.4561197241,1693,65535,1857,164,0,0,0,1,1,1,
1962,1001.93269097965,9980.71037109533,2759.44149151487,1543.5,65535,1689.5,146,0,0,0,1,1,1,
1963,1002.03158380729,9979.72535157458,2760.42651103562,1610,65535,1780,170,0,0,0,1,1,1,
1964,1002.13046079289,9978.74068420988,2761.41117840032,1604,65535,1770,166,0,0,0,1,1,1,
1965,1002.22932193274,9977.75636888733,2762.39549372287,1545.5,65535,1689.5,144,0,0,0,1,1,1,
1966,1002.32816722311,9976.77240549309,2763.37945711711,1476.5,65535,1639,162.5,0,0,0,1,1,1,
1967,1002.42699666029,9975.78879391339,2764.36306869681,1472,65535,1671,199,0,0,0,1,1,1,
1968,1002.52581024056,9974.80553403451,2765.34632857569,1550.5,65535,1693,142.5,0,0,0,1,1,1,
1969,1002.6246079602,9973.82262574282,2766.32923686738,1457,65535,1613.5,156.5,0,0,0,1,1,1,
1970,1002.7233898155,9972.84006892472,2767.31179368548,1653,65535,1814,161,0,0,0,1,1,1,
1971,1002.82215580272,9971.8578634667,2768.29399914351,1518,65535,1682,164,0,0,0,1,1,1,
1972,1002.92090591816,9970.8760092553,2769.27585335491,1476.5,65535,1668,191.5,0,0,0,1,1,1,
1973,1003.0196401581,9969.89450617712,2770.25735643308,1478,65535,1639.5,161.5,0,0,0,1,1,1,
1974,1003.11835851882,9968.91335411885,2771.23850849135,1619.5,65535,1776.5,157,0,0,0,1,1,1,
1975,1003.21706099659,9967.93255296721,2772.219309643,1484.5,65535,1648,163.5,0,0,0,1,1,1,
1976,1003.31574758771,9966.95210260899,2773.19976000121,1474.5,65535,1650.5,176,0,0,0,1,1,1,
1977,1003.41441828844,9965.97200293107,2774.17985967913,1466.5,65535,1628,161.5,0,0,0,1,1,1,
1978,1003.51307309509,9964.99225382036,2775.15960878984,1468,65535,1657.5,189.5,0,0,0,1,1,1,
1979,1003.61171200391,9964.01285516386,2776.13900744635,1506.5,65535,1662.5,156,0,0,0,1,1,1,
1980,1003.71033501121,9963.0338068486,2777.1180557616,1639,65535,1811.5,172.5,0,0,0,1,1,1,
1981,1003.80894211325,9962.05510876172,2778.09675384848,1425,65535,1578.5,153.5,0,0,0,1,1,1,
1982,1003.90753330632,9961.07676079037,2779.07510181983,1493,65535,1689.5,196.5,0,0,0,1,1,1,
1983,1004.00610858671,9960.09876282182,2780.05309978839,1421,65535,1570.5,149.5,0,0,0,1,1,1,
1984,1004.10466795068,9959.12111474334,2781.03074786686,1396,65535,1547.5,151.5,0,0,0,1,1,1,
1985,1004.20321139453,9958.14381644232,2782.00804616788,1464,65535,1603.5,139.5,0,0,0,1,1,1,
1986,1004.30173891454,9957.16686780618,2782.98499480402,1770,65535,1930,160,0,0,0,1,1,1,
1987,1004.40025050699,9956.19026872241,2783.96159388779,1487.5,65535,1639.5,152,0,0,0,1,1,1,
1988,1004.49874616815,9955.21401907857,2784.93784353164,1407,65535,1565.5,158.5,0,0,0,1,1,1,
1989,1004.59722589431,9954.23811876227,2785.91374384793,1512,65535,1685,173,0,0,0,1,1,1,
1990,1004.69568968176,9953.26256766121,2786.889294949,1547.5,65535,1708.5,161,0,0,0,1,1,1,
1991,1004.79413752677,9952.28736566311,2787.86449694709,1553,65535,1675.5,122.5,0,0,0,1,1,1,
1992,1004.89256942562,9951.31251265579,2788.83934995442,1523,65535,1665,142,0,0,0,1,1,1,
1993,1004.9909853746,9950.33800852711,2789.81385408309,1368.5,65535,1511.5,143,0,0,0,1,1,1,
1994,1005.08938536999,9949.36385316501,2790.78800944519,1384.5,65535,1524,139.5,0,0,0,1,1,1,
1995,1005.18776940807,9948.39004645749,2791.76181615272,1442.5,65535,1597,154.5,0,0,0,1,1,1,
1996,1005.28613748511,9947.41658829259,2792.73527431761,1475,65535,1595,120,0,0,0,1,1,1,
1997,1005.38448959741,9946.44347855844,2793.70838405176,1491.5,65535,1635,143.5,0,0,0,1,1,1,
1998,1005.48282574125,9945.47071714322,2794.68114546698,1416,65535,1540,124,0,0,0,1,1,1,
1999,1005.5811459129,9944.49830393518,2795.65355867502,1591.5,65535,1755,163.5,0,0,0,1,1,1,
2000,1005.67945010864,9943.52623882262,2796.62562378758,1467,65535,1580.5,113.5,0,0,0,1,1,1,
2001,1005.77773832477,9942.55452169392,2797.59734091629,1441,65535,1589,148,0,0,0,1,1,1,
2002,1005.87601055755,9941.58315243749,2798.56871017271,1426,65535,1548,122,0,0,0,1,1,1,
2003,1005.97426680328,9940.61213094185,2799.53973166835,1470.5,65535,1623.5,153,0,0,0,1,1,1,
2004,1006.07250705823,9939.64145709555,2800.51040551465,1458.5,65535,1618.5,160,0,0,0,1,1,1,
2005,1006.17073131868,9938.6711307872,2801.480731823,1622.5,65535,1769.5,147,0,0,0,1,1,1,
2006,1006.26893958092,9937.70115190549,2802.45071070471,1448.5,65535,1585,136.5,0,0,0,1,1,1,
2007,1006.36713184122,9936.73152033916,2803.42034227104,1394,65535,1515,121,0,0,0,1,1,1,
2008,1006.46530809588,9935.76223597702,2804.38962663318,1439,65535,1577.5,138.5,0,0,0,1,1,1,
2009,1006.56346834116,9934.79329870793,2805.35856390227,1447.5,65535,1597,149.5,0,0,0,1,1,1,
2010,1006.66161257336,9933.82470842083,2806.32715418937,1646.5,65535,1776.5,130,0,0,0,1,1,1,
2011,1006.75974078875,9932.85646500471,2807.29539760549,1461,65535,1621,160,0,0,0,1,1,1,
2012,1006.85785298361,9931.88856834862,2808.26329426158,1453,65535,1591.5,138.5,0,0,0,1,1,1,
2013,1006.95594915424,9930.92101834169,2809.23084426852,1461,65535,1592,131,0,0,0,1,1,1,
2014,1007.05402929689,9929.95381487308,2810.19804773713,1537,65535,1648,111,0,0,0,1,1,1,
2015,1007.15209340787,9928.98695783204,2811.16490477816,1464,65535,1625.5,161.5,0,0,0,1,1,1,
2016,1007.25014148345,9928.02044710787,2812.13141550233,1584,65535,1685,101,0,0,0,1,1,1,
2017,1007.34817351991,9927.05428258994,2813.09758002026,1428,65535,1553.5,125.5,0,0,0,1,1,1,
2018,1007.44618951354,9926.08846416767,2814.06339844253,1381.5,65535,1502,120.5,0,0,0,1,1,1,
2019,1007.54418946061,9925.12299173056,2815.02887087965,1498.5,65535,1620,121.5,0,0,0,1,1,1,
2020,1007.6421733574,9924.15786516814,2815.99399744206,1388,65535,1545,157,0,0,0,1,1,1,
2021,1007.74014120021,9923.19308437004,2816.95877824016,1341,65535,1457.5,116.5,0,0,0,1,1,1,
2022,1007.8380929853,9922.22864922592,2817.92321338428,1479,65535,1614,135,0,0,0,1,1,1,
2023,1007.93602870897,9921.26455962553,2818.88730298467,1430.5,65535,1537,106.5,0,0,0,1,1,1,
2024,1008.03394836749,9920.30081545865,2819.85104715155,1484,65535,1627.5,143.5,0,0,0,1,1,1,
2025,1008.13185195714,9919.33741661515,2820.81444599505,1384,65535,1502.5,118.5,0,0,0,1,1,1,
2026,1008.22973947421,9918.37436298495,2821.77749962525,1494.5,65535,1605.5,111,0,0,0,1,1,1,
2027,1008.32761091498,9917.41165445803,2822.74020815217,1360.5,65535,1491.5,131,0,0,0,1,1,1,
2028,1008.42546627572,9916.44929092443,2823.70257168578,1359,65535,1506,147,0,0,0,1,1,1,
2029,1008.52330555273,9915.48727227425,2824.66459033595,1325.5,65535,1468.5,143,0,0,0,1,1,1,
2030,1008.62112874227,9914.52559839767,2825.62626421254,1375.5,65535,1485.5,110,0,0,0,1,1,1,
2031,1008.71893584064,9913.5642691849,2826.5875934253,1411,65535,1509,98,0,0,0,1,1,1,
2032,1008.81672684412,9912.60328452625,2827.54857808396,1332.5,65535,1456.5,124,0,0,0,1,1,1,
2033,1008.91450174898,9911.64264431205,2828.50921829815,1396.5,65535,1526,129.5,0,0,0,1,1,1,
2034,1009.0122605515,9910.68234843273,2829.46951417748,1560,65535,1683.5,123.5,0,0,0,1,1,1,
2035,1009.11000324798,9909.72239677874,2830.42946583146,1360,65535,1500.5,140.5,0,0,0,1,1,1,
2036,1009.20772983469,9908.76278924064,2831.38907336956,1335.5,65535,1431,95.5,0,0,0,1,1,1,
2037,1009.30544030791,9907.80352570901,2832.3483369012,1415.5,65535,1541.5,126,0,0,0,1,1,1,
2038,1009.40313466392,9906.84460607451,2833.3072565357,1333.5,65535,1454,120.5,0,0,0,1,1,1,
2039,1009.50081289901,9905.88603022785,2834.26583238235,1304,65535,1403.5,99.5,0,0,0,1,1,1,
2040,1009.59847500946,9904.92779805982,2835.22406455038,1289.5,65535,1381,91.5,0,0,0,1,1,1,
2041,1009.69612099154,9903.96990946126,2836.18195314895,1351,65535,1449.5,98.5,0,0,0,1,1,1,
2042,1009.79375084155,9903.01236432306,2837.13949828714,1316,65535,1433.5,117.5,0,0,0,1,1,1,
2043,1009.89136455575,9902.05516253619,2838.09670007401,930,65535,933,3,0,0,0,1,1,1,
2044,1009.98896213044,9901.09830399167,2839.05355861854,936.5,65535,917.5,-19,0,0,0,1,1,1,
2045,1010.08654356189,9900.14178858058,2840.01007402962,956.5,65535,936,-20.5,0,0,0,1,1,1,
2046,1010.18410884639,9899.18561619408,2840.96624641613,1139,65535,1145,6,0,0,0,1,1,1,
2047,1010.28165798021,9898.22978672336,2841.92207588685,1499.5,65535,1525,25.5,0,0,0,1,1,1,
