File Version,BWRam4.15_8
Date,2026-02-23 16:31:56
Run Name,
Product Name,
Batch No,
Lot No,
Sample Suppler,
Sample Notes,
title,BWS465-785H
model,BTC665N-785H-SYS
c code,ZSSL
operator,
pixel_start,0
pixel_end,2047
pixel_num,2048
units,3
show_mode,3
data_mode,0
pixel_mode,0
integration times(sec),15
integration times unit,2
time_multiply,1
average number,2
spectrometer_type,72
yaxis,0
yaxis_min,0
yaxis_max,65535
xaxis,1
xaxis_min,54
xaxis_max,2004
coefs_a0,782.085798608048
coefs_a1,0.12281844245306
coefs_a2,-4.27130710519257E-06
coefs_a3,-6.19750623094309E-10
coefs_b0,-8914.54823242072
coefs_b1,19.2326352542194
coefs_b2,-0.0159067122090297
coefs_b3,7.53004431538809E-06
laser_wavelength,784.92
laser_powerlevel,15
probe_index,0
probe_name,
dark_compensate,0
gain,46261
offset,2048
numcoeff_d,0
coefs_d0,0
coefs_d1,1
coefs_d2,0
coefs_d3,0
coefs_d4,0
coefs_d5,0
coefs_d6,0
coefs_d7,0
irradiance_lamp_inttime,1
irradiance_lamp_unitindex,0
Color_Data_Flag,0
Color_StartWL,783
Color_EndWL,783
Color_IncWL,10
power_unit_index,0
photometric_index,0
Illuminant_index,2
observer_index,0
lab_l,0
lab_a,0
lab_b,0
radiometric_flag,0
Data Pretreat_0,
Data Pretreat_1,
Data Pretreat_2,
Data Pretreat_3,
Data Pretreat_4,
Data Pretreat_5,
Data Pretreat_6,
Data Pretreat_7,
Data Pretreat_8,
Data Pretreat_9,
Data Pretreat_10,
Data Pretreat_11,
Data Pretreat_12,
Data Pretreat_13,
Data Pretreat_14,
Data Pretreat_15,
Data Pretreat_16,
Data Pretreat_17,
Data Pretreat_18,
Data Pretreat_19,
Data Pretreat_20,
Data Pretreat_21,
Data Pretreat_22,
Data Pretreat_23,
Data Pretreat_24,
Data Pretreat_25,
Data Pretreat_26,
Data Pretreat_27,
Data Pretreat_28,
Data Pretreat_29,
Pixel,Wavelength,Wavenumber,Raman Shift,Dark,Reference,Raw data #1,Dark Subtracted #1,%TR #1,Absorbance #1,Irradiance (W/cm^2/nm) #1,RelativeIntensityCorrection_Ratio #1,ReferenceMaterialCorrection_Ratio #1,AbsoluteIrradianceCorrection_Ratio #1,
0,782.085798608048,12786.3209098004,-46.169047190162,1259,65535,1227.5,-31.5,0,0,0,1,1,1,
1,782.208612778574,12784.3133361545,-44.161473544249,1286.5,65535,1264.5,-22,0,0,0,1,1,1,
2,782.331418402768,12782.306532462,-42.1546698518468,1242.5,65535,1229,-13.5,0,0,0,1,1,1,
3,782.45421547691,12780.3004983556,-40.1486357454087,1287.5,65535,1284,-3.5,0,0,0,1,1,1,
4,782.577003997282,12778.2952334678,-38.1433708576169,1226.5,65535,1224.5,-2,0,0,0,1,1,1,
5,782.699783960167,12776.2907374316,-36.1388748214067,1534.5,65535,1535.5,1,0,0,0,1,1,1,
6,782.822555361844,12774.2870098802,-34.1351472699553,1227,65535,1212.5,-14.5,0,0,0,1,1,1,
7,782.945318198597,12772.2840504469,-32.1321878366853,1171.5,65535,1162.5,-9,0,0,0,1,1,1,
8,783.068072466705,12770.2818587655,-30.1299961552522,1146,65535,1155,9,0,0,0,1,1,1,
9,783.190818162452,12768.2804344698,-28.1285718595627,1194.5,65535,1214,19.5,0,0,0,1,1,1,
10,783.313555282117,12766.279777194,-26.127914583758,1248.5,65535,1264,15.5,0,0,0,1,1,1,
11,783.436283821984,12764.2798865724,-24.1280239622283,1223,65535,1244,21,0,0,0,1,1,1,
12,783.559003778332,12762.2807622398,-22.1288996296043,1273,65535,1289,16,0,0,0,1,1,1,
13,783.681715147445,12760.2824038309,-20.1305412207475,1198,65535,1230,32,0,0,0,1,1,1,
14,783.804417925602,12758.284810981,-18.1329483707741,1265,65535,1310.5,45.5,0,0,0,1,1,1,
15,783.927112109087,12756.2879833252,-16.136120715033,1257,65535,1334.5,77.5,0,0,0,1,1,1,
16,784.049797694179,12754.2919204993,-14.1400578891189,1258,65535,1427,169,0,0,0,1,1,1,
17,784.172474677162,12752.2966221391,-12.1447595288591,1241,65535,1907,666,0,0,0,1,1,1,
18,784.295143054315,12750.3020878805,-10.1502252703322,1250,65535,2317,1067,0,0,0,1,1,1,
19,784.417802821922,12748.30831736,-8.1564547498474,1221.5,65535,2605.5,1384,0,0,0,1,1,1,
20,784.540453976262,12746.3153102142,-6.16344760395987,1289,65535,3505,2216,0,0,0,1,1,1,
21,784.663096513618,12744.3230660797,-4.17120346946103,1283,65535,5202,3919,0,0,0,1,1,1,
22,784.785730430272,12742.3315845936,-2.1797219833843,1269,65535,6306,5037,0,0,0,1,1,1,
23,784.908355722504,12740.3408653932,-0.189002782999523,1222,65535,4403,3181,0,0,0,1,1,1,
24,785.030972386596,12738.350908116,1.80095449418513,1254.5,65535,2429.5,1175,0,0,0,1,1,1,
25,785.15358041883,12736.3617123998,3.7901502104105,1194,65535,1602.5,408.5,0,0,0,1,1,1,
26,785.276179815487,12734.3732778825,5.77858472769731,1185.5,65535,1565,379.5,0,0,0,1,1,1,
27,785.398770572849,12732.3856042024,7.76625840781526,1248.5,65535,1587.5,339,0,0,0,1,1,1,
28,785.521352687198,12730.3986909979,9.75317161230305,1207,65535,1247.5,40.5,0,0,0,1,1,1,
29,785.643926154813,12728.4125379078,11.7393247024465,1211.5,65535,1247.5,36,0,0,0,1,1,1,
30,785.766490971978,12726.4271445709,13.7247180393133,1172,65535,1195,23,0,0,0,1,1,1,
31,785.889047134974,12724.4425106265,15.7093519837217,1240,65535,1252,12,0,0,0,1,1,1,
32,786.011594640082,12722.4586357139,17.6932268962537,1277.5,65535,1293.5,16,0,0,0,1,1,1,
33,786.134133483583,12720.4755194729,19.6763431372528,1240,65535,1247.5,7.5,0,0,0,1,1,1,
34,786.25666366176,12718.4931615434,21.6587010668318,1235,65535,1238,3,0,0,0,1,1,1,
35,786.379185170893,12716.5115615653,23.6403010448576,1267.5,65535,1286,18.5,0,0,0,1,1,1,
36,786.501698007265,12714.5307191792,25.6211434309644,1347.5,65535,1373.5,26,0,0,0,1,1,1,
37,786.624202167156,12712.5506340257,27.60122858455,1255.5,65535,1296.5,41,0,0,0,1,1,1,
38,786.746697646848,12710.5713057454,29.5805568647775,1476.5,65535,1544,67.5,0,0,0,1,1,1,
39,786.869184442623,12708.5927339796,31.5591286305698,1431,65535,1623,192,0,0,0,1,1,1,
40,786.991662550762,12706.6149183696,33.5369442406154,1362,65535,1609.5,247.5,0,0,0,1,1,1,
41,787.114131967547,12704.6378585568,35.5140040533643,1345.5,65535,1712.5,367,0,0,0,1,1,1,
42,787.236592689259,12702.6615541832,37.4903084270354,1346,65535,1918.5,572.5,0,0,0,1,1,1,
43,787.359044712179,12700.6860048906,39.4658577196114,1483.5,65535,2253,769.5,0,0,0,1,1,1,
44,787.48148803259,12698.7112103214,41.4406522888366,1463.5,65535,2468.5,1005,0,0,0,1,1,1,
45,787.603922646772,12696.737170118,43.4146924922206,1546.5,65535,2640,1093.5,0,0,0,1,1,1,
46,787.726348551008,12694.7638839232,45.3879786870384,1708,65535,2841,1133,0,0,0,1,1,1,
47,787.848765741577,12692.7913513799,47.3605112303303,1806.5,65535,2996.5,1190,0,0,0,1,1,1,
48,787.971174214764,12690.8195721313,49.3322904789075,1873,65535,3063.5,1190.5,0,0,0,1,1,1,
49,788.093573966847,12688.8485458209,51.3033167893354,2015.5,65535,3201,1185.5,0,0,0,1,1,1,
50,788.21596499411,12686.8782720922,53.2735905179561,2074.5,65535,3389,1314.5,0,0,0,1,1,1,
51,788.338347292834,12684.9087505893,55.2431120208676,2196.5,65535,3528.5,1332,0,0,0,1,1,1,
52,788.460720859299,12682.9399809563,57.2118816539387,2309,65535,3685,1376,0,0,0,1,1,1,
53,788.583085689788,12680.9719628374,59.179899772811,2406,65535,3813,1407,0,0,0,1,1,1,
54,788.705441780582,12679.0046958773,61.1471667328824,2524,65535,3969.5,1445.5,0,0,0,1,1,1,
55,788.827789127963,12677.0381797209,63.1136828893214,2530,65535,4031,1501,0,0,0,1,1,1,
56,788.950127728212,12675.0724140131,65.0794485970673,2481,65535,4019,1538,0,0,0,1,1,1,
57,789.072457577611,12673.1073983994,67.0444642108196,2504,65535,4127.5,1623.5,0,0,0,1,1,1,
58,789.19477867244,12671.1431325252,69.0087300850446,2510.5,65535,4149,1638.5,0,0,0,1,1,1,
59,789.317091008982,12669.1796160362,70.9722465739851,2564.5,65535,4148,1583.5,0,0,0,1,1,1,
60,789.439394583518,12667.2168485786,72.9350140316456,2665.5,65535,4330,1664.5,0,0,0,1,1,1,
61,789.56168939233,12665.2548297984,74.8970328117921,2728.5,65535,4334,1605.5,0,0,0,1,1,1,
62,789.683975431699,12663.2935593422,76.8583032679744,2667,65535,4258.5,1591.5,0,0,0,1,1,1,
63,789.806252697906,12661.3330368567,78.8188257534912,2591,65535,4183.5,1592.5,0,0,0,1,1,1,
64,789.928521187234,12659.3732619888,80.7786006214246,2730,65535,4313,1583,0,0,0,1,1,1,
65,790.050780895963,12657.4142343856,82.7376282246223,2672.5,65535,4314.5,1642,0,0,0,1,1,1,
66,790.173031820375,12655.4559536945,84.6959089156935,2638,65535,4213,1575,0,0,0,1,1,1,
67,790.295273956751,12653.4984195632,86.6534430470238,2649,65535,4234.5,1585.5,0,0,0,1,1,1,
68,790.417507301374,12651.5416316394,88.6102309707621,2689,65535,4240,1551,0,0,0,1,1,1,
69,790.539731850524,12649.5855895714,90.566273038834,2678,65535,4223,1545,0,0,0,1,1,1,
70,790.661947600483,12647.6302930073,92.5215696029263,2712,65535,4210,1498,0,0,0,1,1,1,
71,790.784154547533,12645.6757415957,94.4761210145007,3131,65535,4660.5,1529.5,0,0,0,1,1,1,
72,790.906352687954,12643.7219349854,96.4299276247893,2678,65535,4152.5,1474.5,0,0,0,1,1,1,
73,791.02854201803,12641.7688728254,98.3829897847845,2723,65535,4186.5,1463.5,0,0,0,1,1,1,
74,791.15072253404,12639.8165547649,100.335307845264,2720,65535,4206.5,1486.5,0,0,0,1,1,1,
75,791.272894232267,12637.8649804534,102.286882156764,2633.5,65535,4085.5,1452,0,0,0,1,1,1,
76,791.395057108992,12635.9141495406,104.237713069599,2621.5,65535,4062,1440.5,0,0,0,1,1,1,
77,791.517211160496,12633.9640616764,106.187800933843,2639,65535,4082.5,1443.5,0,0,0,1,1,1,
78,791.639356383061,12632.0147165108,108.137146099358,2545.5,65535,3971,1425.5,0,0,0,1,1,1,
79,791.761492772969,12630.0661136944,110.085748915759,2615,65535,4029.5,1414.5,0,0,0,1,1,1,
80,791.8836203265,12628.1182528778,112.033609732445,2630.5,65535,4027,1396.5,0,0,0,1,1,1,
81,792.005739039938,12626.1711337116,113.980728898583,2664.5,65535,4058.5,1394,0,0,0,1,1,1,
82,792.127848909562,12624.2247558471,115.927106763107,2628.5,65535,3994,1365.5,0,0,0,1,1,1,
83,792.249949931655,12622.2791189355,117.87274367473,2694.5,65535,4076,1381.5,0,0,0,1,1,1,
84,792.372042102498,12620.3342226283,119.817639981929,2606,65535,3974.5,1368.5,0,0,0,1,1,1,
85,792.494125418372,12618.3900665772,121.761796032959,2669.5,65535,4027,1357.5,0,0,0,1,1,1,
86,792.616199875559,12616.4466504344,123.705212175848,2591,65535,3900.5,1309.5,0,0,0,1,1,1,
87,792.73826547034,12614.5039738518,125.647888758393,2589.5,65535,3850,1260.5,0,0,0,1,1,1,
88,792.860322198998,12612.562036482,127.589826128164,2579.5,65535,3873.5,1294,0,0,0,1,1,1,
89,792.982370057813,12610.6208379777,129.531024632504,2589.5,65535,3887,1297.5,0,0,0,1,1,1,
90,793.104409043067,12608.6803779917,131.471484618531,2689,65535,3969,1280,0,0,0,1,1,1,
91,793.226439151042,12606.7406561771,133.411206433135,2746.5,65535,4034,1287.5,0,0,0,1,1,1,
92,793.348460378018,12604.8016721872,135.35019042298,2680,65535,4021,1341,0,0,0,1,1,1,
93,793.470472720278,12602.8634256757,137.288436934499,2681.5,65535,3970,1288.5,0,0,0,1,1,1,
94,793.592476174103,12600.9259162963,139.225946313907,2754.5,65535,4083,1328.5,0,0,0,1,1,1,
95,793.714470735774,12598.989143703,141.162718907186,2684.5,65535,3964,1279.5,0,0,0,1,1,1,
96,793.836456401573,12597.0531075501,143.098755060095,2679,65535,3975,1296,0,0,0,1,1,1,
97,793.958433167782,12595.117807492,145.034055118169,2500,65535,3742.5,1242.5,0,0,0,1,1,1,
98,794.080401030681,12593.1832431835,146.968619426712,2607.5,65535,3847.5,1240,0,0,0,1,1,1,
99,794.202359986553,12591.2494142794,148.902448330808,2627.5,65535,3901.5,1274,0,0,0,1,1,1,
100,794.324310031679,12589.3163204349,150.835542175313,2656,65535,3938,1282,0,0,0,1,1,1,
101,794.44625116234,12587.3839613053,152.767901304856,2627.5,65535,3909,1281.5,0,0,0,1,1,1,
102,794.568183374818,12585.4523365464,154.699526063849,2672,65535,3959,1287,0,0,0,1,1,1,
103,794.690106665395,12583.5214458137,156.63041679647,2627.5,65535,3862.5,1235,0,0,0,1,1,1,
104,794.812021030352,12581.5912887635,158.560573846682,2653.5,65535,3857.5,1204,0,0,0,1,1,1,
105,794.93392646597,12579.661865052,160.489997558212,2732.5,65535,3929.5,1197,0,0,0,1,1,1,
106,795.05582296853,12577.7331743356,162.418688274569,2650,65535,3880.5,1230.5,0,0,0,1,1,1,
107,795.177710534315,12575.8052162712,164.346646339047,2689.5,65535,3927,1237.5,0,0,0,1,1,1,
108,795.299589159607,12573.8779905155,166.273872094696,2579.5,65535,3843,1263.5,0,0,0,1,1,1,
109,795.421458840685,12571.9514967258,168.200365884364,2637.5,65535,3903,1265.5,0,0,0,1,1,1,
110,795.543319573832,12570.0257345595,170.126128050659,2516,65535,3779.5,1263.5,0,0,0,1,1,1,
111,795.66517135533,12568.1007036742,172.051158935974,2535,65535,3834,1299,0,0,0,1,1,1,
112,795.78701418146,12566.1764037277,173.975458882476,2547,65535,3759.5,1212.5,0,0,0,1,1,1,
113,795.908848048503,12564.2528343781,175.899028232114,2530.5,65535,3837,1306.5,0,0,0,1,1,1,
114,796.030672952741,12562.3299952836,177.821867326607,2510,65535,3766,1256,0,0,0,1,1,1,
115,796.152488890455,12560.4078861027,179.743976507454,2414,65535,3685.5,1271.5,0,0,0,1,1,1,
116,796.274295857927,12558.4865064943,181.665356115935,2567.5,65535,3849,1281.5,0,0,0,1,1,1,
117,796.396093851438,12556.5658561171,183.5860064931,2569,65535,3827.5,1258.5,0,0,0,1,1,1,
118,796.517882867271,12554.6459346304,185.505927979792,2635,65535,3899,1264,0,0,0,1,1,1,
119,796.639662901705,12552.7267416936,187.425120916616,2639,65535,3895,1256,0,0,0,1,1,1,
120,796.761433951024,12550.8082769662,189.343585643961,2595,65535,3843.5,1248.5,0,0,0,1,1,1,
121,796.883196011508,12548.8905401082,191.261322501998,2692.5,65535,3975,1282.5,0,0,0,1,1,1,
122,797.004949079438,12546.9735307795,193.178331830672,2672,65535,3934.5,1262.5,0,0,0,1,1,1,
123,797.126693151097,12545.0572486405,195.094613969706,2591.5,65535,3866.5,1275,0,0,0,1,1,1,
124,797.248428222766,12543.1416933516,197.01016925861,2584.5,65535,3869.5,1285,0,0,0,1,1,1,
125,797.370154290726,12541.2268645735,198.924998036668,2605.5,65535,3855,1249.5,0,0,0,1,1,1,
126,797.491871351259,12539.3127619673,200.839100642937,2662.5,65535,3929,1266.5,0,0,0,1,1,1,
127,797.613579400646,12537.3993851939,202.752477416265,2706,65535,3939,1233,0,0,0,1,1,1,
128,797.735278435169,12535.4867339149,204.665128695269,2613,65535,3859,1246,0,0,0,1,1,1,
129,797.85696845111,12533.5748077918,206.577054818363,2618.5,65535,3838,1219.5,0,0,0,1,1,1,
130,797.978649444749,12531.6636064865,208.488256123717,2625,65535,3871,1246,0,0,0,1,1,1,
131,798.100321412369,12529.7531296609,210.398732949297,2551,65535,3816.5,1265.5,0,0,0,1,1,1,
132,798.22198435025,12527.8433769774,212.308485632848,2554.5,65535,3792.5,1238,0,0,0,1,1,1,
133,798.343638254675,12525.9343480983,214.217514511893,2580,65535,3843,1263,0,0,0,1,1,1,
134,798.465283121924,12524.0260426865,216.125819923733,2650,65535,3898.5,1248.5,0,0,0,1,1,1,
135,798.58691894828,12522.1184604047,218.033402205458,2593,65535,3871.5,1278.5,0,0,0,1,1,1,
136,798.708545730023,12520.2116009163,219.940261693931,2633,65535,3858,1225,0,0,0,1,1,1,
137,798.830163463436,12518.3054638844,221.8463987258,2619.5,65535,3867.5,1248,0,0,0,1,1,1,
138,798.951772144799,12516.4000489727,223.751813637493,2679.5,65535,3938.5,1259,0,0,0,1,1,1,
139,799.073371770395,12514.495355845,225.656506765223,2681,65535,3958,1277,0,0,0,1,1,1,
140,799.194962336505,12512.5913841652,227.560478444981,2589,65535,3831,1242,0,0,0,1,1,1,
141,799.31654383941,12510.6881335977,229.463729012537,2499.5,65535,3764.5,1265,0,0,0,1,1,1,
142,799.438116275391,12508.7856038067,231.366258803453,2541,65535,3792,1251,0,0,0,1,1,1,
143,799.559679640731,12506.8837944571,233.268068153067,2596,65535,3825.5,1229.5,0,0,0,1,1,1,
144,799.681233931711,12504.9827052137,235.169157396496,2551,65535,3792,1241,0,0,0,1,1,1,
145,799.802779144612,12503.0823357416,237.069526868645,2511,65535,3753.5,1242.5,0,0,0,1,1,1,
146,799.924315275715,12501.182685706,238.9691769042,2574.5,65535,3784.5,1210,0,0,0,1,1,1,
147,800.045842321303,12499.2837547726,240.868107837636,2682,65535,3873.5,1191.5,0,0,0,1,1,1,
148,800.167360277657,12497.385542607,242.766320003197,2635,65535,3838,1203,0,0,0,1,1,1,
149,800.288869141058,12495.4880488753,244.66381373492,2569.5,65535,3766,1196.5,0,0,0,1,1,1,
150,800.410368907787,12493.5912732436,246.560589366629,2503,65535,3717,1214,0,0,0,1,1,1,
151,800.531859574127,12491.6952153783,248.456647231922,2511.5,65535,3700,1188.5,0,0,0,1,1,1,
152,800.653341136359,12489.799874946,250.351987664188,2409,65535,3626.5,1217.5,0,0,0,1,1,1,
153,800.774813590763,12487.9052516136,252.246610996595,2495.5,65535,3705,1209.5,0,0,0,1,1,1,
154,800.896276933623,12486.0113450481,254.140517562102,2592.5,65535,3789.5,1197,0,0,0,1,1,1,
155,801.017731161218,12484.1181549168,256.033707693441,2494.5,65535,3709,1214.5,0,0,0,1,1,1,
156,801.139176269832,12482.2256808871,257.926181723144,2456.5,65535,3650,1193.5,0,0,0,1,1,1,
157,801.260612255744,12480.3339226267,259.817939983512,2477,65535,3718,1241,0,0,0,1,1,1,
158,801.382039115238,12478.4428798036,261.708982806638,2655,65535,3892,1237,0,0,0,1,1,1,
159,801.503456844593,12476.5525520858,263.599310524403,2658.5,65535,3887,1228.5,0,0,0,1,1,1,
160,801.624865440092,12474.6629391417,265.488923468469,2490,65535,3740.5,1250.5,0,0,0,1,1,1,
161,801.746264898017,12472.7740406399,267.377821970284,2511,65535,3782.5,1271.5,0,0,0,1,1,1,
162,801.867655214648,12470.8858562491,269.26600636108,2573,65535,3788.5,1215.5,0,0,0,1,1,1,
163,801.989036386267,12468.9983856383,271.153476971878,2599,65535,3799.5,1200.5,0,0,0,1,1,1,
164,802.110408409156,12467.1116284767,273.040234133483,2541.5,65535,3782,1240.5,0,0,0,1,1,1,
165,802.231771279596,12465.2255844337,274.926278176486,2406.5,65535,3652,1245.5,0,0,0,1,1,1,
166,802.353124993869,12463.3402531789,276.811609431265,2459.5,65535,3722,1262.5,0,0,0,1,1,1,
167,802.474469548256,12461.4556343822,278.69622822798,2509,65535,3785.5,1276.5,0,0,0,1,1,1,
168,802.595804939039,12459.5717277136,280.580134896583,2535,65535,3792,1257,0,0,0,1,1,1,
169,802.717131162499,12457.6885328434,282.463329766813,2520.5,65535,3766,1245.5,0,0,0,1,1,1,
170,802.838448214917,12455.806049442,284.345813168189,2901,65535,4148,1247,0,0,0,1,1,1,
171,802.959756092576,12453.9242771802,286.227585430024,2794.5,65535,3977.5,1183,0,0,0,1,1,1,
172,803.081054791756,12452.0432157288,288.108646881416,2547,65535,3741.5,1194.5,0,0,0,1,1,1,
173,803.202344308739,12450.162864759,289.988997851247,2572.5,65535,3812,1239.5,0,0,0,1,1,1,
174,803.323624639807,12448.283223942,291.868638668191,2523.5,65535,3750.5,1227,0,0,0,1,1,1,
175,803.444895781241,12446.4042929495,293.747569660709,2566,65535,3749.5,1183.5,0,0,0,1,1,1,
176,803.566157729323,12444.5260714532,295.625791157048,2554.5,65535,3785.5,1231,0,0,0,1,1,1,
177,803.687410480334,12442.648559125,297.503303485239,2555.5,65535,3765,1209.5,0,0,0,1,1,1,
178,803.808654030556,12440.7717556371,299.380106973114,2556.5,65535,3815.5,1259,0,0,0,1,1,1,
179,803.929888376269,12438.8956606619,301.256201948281,2491,65535,3779,1288,0,0,0,1,1,1,
180,804.051113513757,12437.0202738721,303.131588738137,2540.5,65535,3774,1233.5,0,0,0,1,1,1,
181,804.172329439299,12435.1455949403,305.006267669878,2524,65535,3753.5,1229.5,0,0,0,1,1,1,
182,804.293536149178,12433.2716235397,306.880239070475,2462.5,65535,3734,1271.5,0,0,0,1,1,1,
183,804.414733639675,12431.3983593435,308.753503266698,2541,65535,3802,1261,0,0,0,1,1,1,
184,804.535921907072,12429.5258020251,310.626060585104,2515,65535,3767,1252,0,0,0,1,1,1,
185,804.65710094765,12427.6539512582,312.49791135204,2658.5,65535,3863.5,1205,0,0,0,1,1,1,
186,804.77827075769,12425.7828067166,314.369055893634,2603,65535,3842,1239,0,0,0,1,1,1,
187,804.899431333475,12423.9123680744,316.239494535816,2597.5,65535,3834.5,1237,0,0,0,1,1,1,
188,805.020582671285,12422.0426350059,318.109227604295,2485,65535,3704.5,1219.5,0,0,0,1,1,1,
189,805.141724767402,12420.1736071856,319.978255424579,2489,65535,3699.5,1210.5,0,0,0,1,1,1,
190,805.262857618108,12418.3052842882,321.846578321964,2541,65535,3770,1229,0,0,0,1,1,1,
191,805.383981219684,12416.4376659887,323.714196621529,2587,65535,3780,1193,0,0,0,1,1,1,
192,805.505095568412,12414.5707519621,325.581110648151,2574,65535,3778.5,1204.5,0,0,0,1,1,1,
193,805.626200660572,12412.7045418837,327.447320726491,2615,65535,3779.5,1164.5,0,0,0,1,1,1,
194,805.747296492447,12410.8390354292,329.312827181013,2564,65535,3777,1213,0,0,0,1,1,1,
195,805.868383060318,12408.9742322742,331.177630335957,2658.5,65535,3834,1175.5,0,0,0,1,1,1,
196,805.989460360467,12407.1101320948,333.041730515366,2624,65535,3855.5,1231.5,0,0,0,1,1,1,
197,806.110528389175,12405.2467345671,334.905128043067,2517,65535,3702.5,1185.5,0,0,0,1,1,1,
198,806.231587142723,12403.3840393675,336.767823242679,2585.5,65535,3783,1197.5,0,0,0,1,1,1,
199,806.352636617394,12401.5220461726,338.629816437613,2430,65535,3628.5,1198.5,0,0,0,1,1,1,
200,806.473676809468,12399.6607546591,340.491107951078,2594.5,65535,3779.5,1185,0,0,0,1,1,1,
201,806.594707715226,12397.8001645041,342.351698106067,2591.5,65535,3750.5,1159,0,0,0,1,1,1,
202,806.715729330952,12395.9402753848,344.211587225367,2598.5,65535,3728,1129.5,0,0,0,1,1,1,
203,806.836741652926,12394.0810869786,346.070775631559,2528.5,65535,3726.5,1198,0,0,0,1,1,1,
204,806.957744677429,12392.2225989632,347.929263647009,2577,65535,3767.5,1190.5,0,0,0,1,1,1,
205,807.078738400743,12390.3648110163,349.787051593894,2585,65535,3738,1153,0,0,0,1,1,1,
206,807.199722819149,12388.507722816,351.644139794162,2641,65535,3796,1155,0,0,0,1,1,1,
207,807.32069792893,12386.6513340406,353.500528569564,2536.5,65535,3771,1234.5,0,0,0,1,1,1,
208,807.441663726366,12384.7956443686,355.356218241648,2546.5,65535,3740,1193.5,0,0,0,1,1,1,
209,807.56262020774,12382.9406534785,357.211209131747,2615,65535,3780,1165,0,0,0,1,1,1,
210,807.683567369331,12381.0863610492,359.065501560986,2470,65535,3634.5,1164.5,0,0,0,1,1,1,
211,807.804505207423,12379.2327667599,360.919095850299,2511,65535,3642.5,1131.5,0,0,0,1,1,1,
212,807.925433718296,12377.3798702898,362.771992320395,2511.5,65535,3695,1183.5,0,0,0,1,1,1,
213,808.046352898232,12375.5276713184,364.624191291785,2430,65535,3607,1177,0,0,0,1,1,1,
214,808.167262743513,12373.6761695254,366.475693084774,2536,65535,3686.5,1150.5,0,0,0,1,1,1,
215,808.28816325042,12371.8253645907,368.326498019464,2500,65535,3681.5,1181.5,0,0,0,1,1,1,
216,808.409054415234,12369.9752561945,370.176606415744,2529,65535,3691,1162,0,0,0,1,1,1,
217,808.529936234237,12368.1258440169,372.026018593304,2534.5,65535,3691,1156.5,0,0,0,1,1,1,
218,808.650808703711,12366.2771277386,373.874734871624,2454.5,65535,3619,1164.5,0,0,0,1,1,1,
219,808.771671819936,12364.4291070402,375.722755569981,2554,65535,3691,1137,0,0,0,1,1,1,
220,808.892525579195,12362.5817816028,377.570081007447,2428.5,65535,3578,1149.5,0,0,0,1,1,1,
221,809.013369977769,12360.7351511073,379.416711502885,2493,65535,3647.5,1154.5,0,0,0,1,1,1,
222,809.13420501194,12358.8892152352,381.262647374964,2482,65535,3619,1137,0,0,0,1,1,1,
223,809.255030677988,12357.0439736681,383.107888942135,2472.5,65535,3647,1174.5,0,0,0,1,1,1,
224,809.375846972196,12355.1994260875,384.952436522655,2454.5,65535,3579.5,1125,0,0,0,1,1,1,
225,809.496653890845,12353.3555721756,386.79629043457,2376,65535,3549,1173,0,0,0,1,1,1,
226,809.617451430216,12351.5124116145,388.639450995721,2418.5,65535,3560.5,1142,0,0,0,1,1,1,
227,809.738239586591,12349.6699440864,390.481918523754,2377,65535,3531,1154,0,0,0,1,1,1,
228,809.859018356252,12347.8281692741,392.323693336104,2373.5,65535,3495.5,1122,0,0,0,1,1,1,
229,809.97978773548,12345.9870868602,394.164775750001,2461,65535,3610.5,1149.5,0,0,0,1,1,1,
230,810.100547720556,12344.1466965277,396.005166082479,2471.5,65535,3633.5,1162,0,0,0,1,1,1,
231,810.221298307762,12342.3069979598,397.844864650357,2471,65535,3600,1129,0,0,0,1,1,1,
232,810.342039493379,12340.4679908399,399.683871770265,2532,65535,3678,1146,0,0,0,1,1,1,
233,810.46277127369,12338.6296748516,401.522187758617,2445.5,65535,3593,1147.5,0,0,0,1,1,1,
234,810.583493644974,12336.7920496786,403.359812931632,2406.5,65535,3524.5,1118,0,0,0,1,1,1,
235,810.704206603515,12334.9551150049,405.196747605327,2405.5,65535,3575.5,1170,0,0,0,1,1,1,
236,810.824910145593,12333.1188705147,407.032992095506,2365,65535,3549.5,1184.5,0,0,0,1,1,1,
237,810.94560426749,12331.2833158924,408.868546717782,2423,65535,3605.5,1182.5,0,0,0,1,1,1,
238,811.066288965488,12329.4484508226,410.703411787561,2402,65535,3540,1138,0,0,0,1,1,1,
239,811.186964235867,12327.6142749902,412.537587620049,2375,65535,3556.5,1181.5,0,0,0,1,1,1,
240,811.30763007491,12325.78078808,414.371074530249,2387.5,65535,3569,1181.5,0,0,0,1,1,1,
241,811.428286478897,12323.9479897772,416.203872832957,2505.5,65535,3730,1224.5,0,0,0,1,1,1,
242,811.548933444111,12322.1158797674,418.035982842777,2491.5,65535,3677.5,1186,0,0,0,1,1,1,
243,811.669570966833,12320.2844577361,419.867404874105,2474.5,65535,3738,1263.5,0,0,0,1,1,1,
244,811.790199043344,12318.4537233691,421.698139241136,2284,65535,3549,1265,0,0,0,1,1,1,
245,811.910817669926,12316.6236763523,423.528186257867,2326.5,65535,3563,1236.5,0,0,0,1,1,1,
246,812.031426842861,12314.7943163721,425.357546238092,2358.5,65535,3650.5,1292,0,0,0,1,1,1,
247,812.152026558429,12312.9656431148,427.186219495403,2349,65535,3603,1254,0,0,0,1,1,1,
248,812.272616812913,12311.137656267,429.014206343187,2336,65535,3540,1204,0,0,0,1,1,1,
249,812.393197602594,12309.3103555156,430.841507094647,2302,65535,3508,1206,0,0,0,1,1,1,
250,812.513768923753,12307.4837405474,432.668122062767,2354.5,65535,3559.5,1205,0,0,0,1,1,1,
251,812.634330772671,12305.6578110499,434.494051560343,2409.5,65535,3613,1203.5,0,0,0,1,1,1,
252,812.754883145632,12303.8325667102,436.319295899961,2345.5,65535,3562.5,1217,0,0,0,1,1,1,
253,812.875426038914,12302.0080072162,438.14385539401,2239.5,65535,3415.5,1176,0,0,0,1,1,1,
254,812.995959448802,12300.1841322555,439.967730354691,2279.5,65535,3407,1127.5,0,0,0,1,1,1,
255,813.116483371575,12298.3609415162,441.790921093985,2163.5,65535,3262.5,1099,0,0,0,1,1,1,
256,813.236997803516,12296.5384346865,443.613427923692,2059,65535,3171,1112,0,0,0,1,1,1,
257,813.357502740905,12294.7166114548,445.435251155401,2174,65535,3265.5,1091.5,0,0,0,1,1,1,
258,813.477998180025,12292.8954715097,447.256391100504,2222,65535,3354,1132,0,0,0,1,1,1,
259,813.598484117156,12291.07501454,449.076848070199,2245.5,65535,3357,1111.5,0,0,0,1,1,1,
260,813.718960548581,12289.2552402347,450.89662237548,2179.5,65535,3283.5,1104,0,0,0,1,1,1,
261,813.839427470581,12287.4361482831,452.715714327145,2151.5,65535,3268,1116.5,0,0,0,1,1,1,
262,813.959884879437,12285.6177383744,454.534124235792,2122,65535,3246,1124,0,0,0,1,1,1,
263,814.080332771431,12283.8000101984,456.351852411821,2251,65535,3317.5,1066.5,0,0,0,1,1,1,
264,814.200771142843,12281.9829634448,458.16889916543,2235.5,65535,3349.5,1114,0,0,0,1,1,1,
265,814.321199989957,12280.1665978036,459.985264806626,2203,65535,3262,1059,0,0,0,1,1,1,
266,814.441619309054,12278.350912965,461.800949645216,2186,65535,3273.5,1087.5,0,0,0,1,1,1,
267,814.562029096414,12276.5359086194,463.615953990806,2033.5,65535,3098.5,1065,0,0,0,1,1,1,
268,814.682429348319,12274.7215844574,465.430278152804,2010,65535,3108,1098,0,0,0,1,1,1,
269,814.802820061051,12272.9079401698,467.243922440422,1994,65535,3080.5,1086.5,0,0,0,1,1,1,
270,814.923201230891,12271.0949754475,469.056887162678,2163.5,65535,3231.5,1068,0,0,0,1,1,1,
271,815.043572854121,12269.2826899818,470.869172628391,2196.5,65535,3296,1099.5,0,0,0,1,1,1,
272,815.163934927023,12267.471083464,472.680779146182,2039.5,65535,3098,1058.5,0,0,0,1,1,1,
273,815.284287445877,12265.6601555857,474.491707024468,2038.5,65535,3102.5,1064,0,0,0,1,1,1,
274,815.404630406965,12263.8499060387,476.301956571482,2195,65535,3281.5,1086.5,0,0,0,1,1,1,
275,815.52496380657,12262.0403345149,478.111528095253,2349,65535,3420.5,1071.5,0,0,0,1,1,1,
276,815.645287640971,12260.2314407066,479.920421903618,2196,65535,3268.5,1072.5,0,0,0,1,1,1,
277,815.765601906451,12258.423224306,481.72863830421,2130.5,65535,3209,1078.5,0,0,0,1,1,1,
278,815.885906599292,12256.6156850057,483.536177604474,2060,65535,3157,1097,0,0,0,1,1,1,
279,816.006201715774,12254.8088224986,485.343040111651,1969.5,65535,3024,1054.5,0,0,0,1,1,1,
280,816.12648725218,12253.0026364774,487.149226132797,1819.5,65535,2880.5,1061,0,0,0,1,1,1,
281,816.24676320479,12251.1971266354,488.954735974761,1956.5,65535,3036.5,1080,0,0,0,1,1,1,
282,816.367029569886,12249.392292666,490.759569944203,2147,65535,3176,1029,0,0,0,1,1,1,
283,816.48728634375,12247.5881342626,492.563728347586,2135,65535,3154.5,1019.5,0,0,0,1,1,1,
284,816.607533522664,12245.784651119,494.367211491179,2181,65535,3241.5,1060.5,0,0,0,1,1,1,
285,816.727771102908,12243.9818429291,496.170019681054,1962,65535,3014.5,1052.5,0,0,0,1,1,1,
286,816.847999080764,12242.1797093871,497.972153223085,2068.5,65535,3098,1029.5,0,0,0,1,1,1,
287,816.968217452514,12240.3782501872,499.77361242296,2121,65535,3139,1018,0,0,0,1,1,1,
288,817.08842621444,12238.577465024,501.574397586164,2340.5,65535,3379,1038.5,0,0,0,1,1,1,
289,817.208625362822,12236.7773535922,503.374509017991,2267,65535,3290,1023,0,0,0,1,1,1,
290,817.328814893942,12234.9779155867,505.173947023542,2190,65535,3226.5,1036.5,0,0,0,1,1,1,
291,817.448994804082,12233.1791507025,506.972711907716,2010.5,65535,3059,1048.5,0,0,0,1,1,1,
292,817.569165089523,12231.381058635,508.770803975232,1911,65535,2984.5,1073.5,0,0,0,1,1,1,
293,817.689325746547,12229.5836390796,510.568223530603,1859,65535,2894,1035,0,0,0,1,1,1,
294,817.809476771435,12227.7868917321,512.364970878152,2116,65535,3165,1049,0,0,0,1,1,1,
295,817.929618160469,12225.9908162882,514.161046322009,2220,65535,3248.5,1028.5,0,0,0,1,1,1,
296,818.04974990993,12224.1954124441,515.956450166112,2100.5,65535,3148,1047.5,0,0,0,1,1,1,
297,818.169872016099,12222.400679896,517.751182714195,2233.5,65535,3278,1044.5,0,0,0,1,1,1,
298,818.289984475259,12220.6066183404,519.545244269821,2238.5,65535,3315,1076.5,0,0,0,1,1,1,
299,818.41008728369,12218.8132274739,521.338635136335,2177.5,65535,3232,1054.5,0,0,0,1,1,1,
300,818.530180437675,12217.0205069933,523.131355616908,2076.5,65535,3120.5,1044,0,0,0,1,1,1,
301,818.650263933494,12215.2284565957,524.923406014505,2038.5,65535,3071.5,1033,0,0,0,1,1,1,
302,818.77033776743,12213.4370759783,526.714786631906,2114.5,65535,3153,1038.5,0,0,0,1,1,1,
303,818.890401935763,12211.6463648385,528.505497771697,2201,65535,3218.5,1017.5,0,0,0,1,1,1,
304,819.010456434775,12209.8563228739,530.295539736278,2262,65535,3351,1089,0,0,0,1,1,1,
305,819.130501260748,12208.0669497824,532.084912827839,2029.5,65535,3069.5,1040,0,0,0,1,1,1,
306,819.250536409963,12206.2782452618,533.873617348396,2102.5,65535,3151.5,1049,0,0,0,1,1,1,
307,819.370561878702,12204.4902090104,535.661653599765,2203.5,65535,3200.5,997,0,0,0,1,1,1,
308,819.490577663246,12202.7028407266,537.449021883567,2129,65535,3165,1036,0,0,0,1,1,1,
309,819.610583759876,12200.916140109,539.235722501244,1998.5,65535,3013.5,1015,0,0,0,1,1,1,
310,819.730580164875,12199.1301068562,541.021755754035,2029.5,65535,3050,1020.5,0,0,0,1,1,1,
311,819.850566874523,12197.3447406672,542.807121942988,2032,65535,3101,1069,0,0,0,1,1,1,
312,819.970543885103,12195.5600412412,544.591821368967,2374,65535,3389.5,1015.5,0,0,0,1,1,1,
313,820.090511192895,12193.7760082776,546.37585433264,2405.5,65535,3454.5,1049,0,0,0,1,1,1,
314,820.210468794181,12191.9926414757,548.159221134483,2555,65535,3555.5,1000.5,0,0,0,1,1,1,
315,820.330416685243,12190.2099405354,549.941922074791,2502.5,65535,3540,1037.5,0,0,0,1,1,1,
316,820.450354862361,12188.4279051565,551.723957453652,2376.5,65535,3388.5,1012,0,0,0,1,1,1,
317,820.570283321819,12186.6465350392,553.505327570978,2351.5,65535,3376.5,1025,0,0,0,1,1,1,
318,820.690202059896,12184.8658298837,555.286032726481,2335.5,65535,3320.5,985,0,0,0,1,1,1,
319,820.810111072876,12183.0857893905,557.066073219688,2250,65535,3273.5,1023.5,0,0,0,1,1,1,
320,820.930010357038,12181.3064132603,558.845449349939,2326,65535,3316,990,0,0,0,1,1,1,
321,821.049899908665,12179.5277011938,560.624161416377,2236,65535,3242,1006,0,0,0,1,1,1,
322,821.169779724038,12177.7496528922,562.40220971796,2223,65535,3172.5,949.5,0,0,0,1,1,1,
323,821.289649799438,12175.9722680567,564.179594553454,2293.5,65535,3255,961.5,0,0,0,1,1,1,
324,821.409510131148,12174.1955463888,565.956316221434,2225,65535,3233,1008,0,0,0,1,1,1,
325,821.529360715448,12172.4194875899,567.732375020294,2166.5,65535,3186.5,1020,0,0,0,1,1,1,
326,821.64920154862,12170.644091362,569.507771248231,2158,65535,3151,993,0,0,0,1,1,1,
327,821.769032626946,12168.869357407,571.282505203249,2079.5,65535,3082,1002.5,0,0,0,1,1,1,
328,821.888853946707,12167.095285427,573.056577183179,2148,65535,3146,998,0,0,0,1,1,1,
329,822.008665504185,12165.3218751246,574.829987485648,2113,65535,3068,955,0,0,0,1,1,1,
330,822.12846729566,12163.5491262021,576.6027364081,2094.5,65535,3088,993.5,0,0,0,1,1,1,
331,822.248259317415,12161.7770383624,578.374824247796,2112.5,65535,3112.5,1000,0,0,0,1,1,1,
332,822.368041565731,12160.0056113084,580.146251301796,2023.5,65535,3005.5,982,0,0,0,1,1,1,
333,822.48781403689,12158.2348447432,581.917017866981,1826,65535,2823.5,997.5,0,0,0,1,1,1,
334,822.607576727173,12156.4647383702,583.687124240043,1662,65535,2654,992,0,0,0,1,1,1,
335,822.727329632861,12154.6952918927,585.45657071749,1714.5,65535,2706.5,992,0,0,0,1,1,1,
336,822.847072750237,12152.9265050146,587.225357595635,1718.5,65535,2724.5,1006,0,0,0,1,1,1,
337,822.96680607558,12151.1583774396,588.9934851706,1707.5,65535,2707.5,1000,0,0,0,1,1,1,
338,823.086529605174,12149.3909088719,590.760953738332,1942.5,65535,2886,943.5,0,0,0,1,1,1,
339,823.2062433353,12147.6240990156,592.527763594586,2009,65535,2974.5,965.5,0,0,0,1,1,1,
340,823.325947262238,12145.8579475753,594.293915034921,2080.5,65535,3078.5,998,0,0,0,1,1,1,
341,823.445641382271,12144.0924542555,596.059408354722,2192.5,65535,3181,988.5,0,0,0,1,1,1,
342,823.56532569168,12142.327618761,597.824243849183,2214.5,65535,3211.5,997,0,0,0,1,1,1,
343,823.685000186746,12140.5634407969,599.588421813303,2423,65535,3409.5,986.5,0,0,0,1,1,1,
344,823.804664863752,12138.7999200683,601.351942541907,2398.5,65535,3393.5,995,0,0,0,1,1,1,
345,823.924319718978,12137.0370562806,603.114806329624,2239,65535,3186,947,0,0,0,1,1,1,
346,824.043964748706,12135.2748491393,604.877013470903,2238.5,65535,3186.5,948,0,0,0,1,1,1,
347,824.163599949217,12133.5132983502,606.638564260005,2129.5,65535,3117.5,988,0,0,0,1,1,1,
348,824.283225316794,12131.7524036192,608.399458991002,2169.5,65535,3085,915.5,0,0,0,1,1,1,
349,824.402840847717,12129.9921646524,610.159697957783,2274.5,65535,3253,978.5,0,0,0,1,1,1,
350,824.522446538268,12128.2325811562,611.919281454051,2379.5,65535,3326,946.5,0,0,0,1,1,1,
351,824.642042384728,12126.4736528369,613.678209773321,2380.5,65535,3339,958.5,0,0,0,1,1,1,
352,824.76162838338,12124.7153794013,615.436483208929,2335,65535,3275,940,0,0,0,1,1,1,
353,824.881204530503,12122.9577605562,617.194102054018,2345.5,65535,3319,973.5,0,0,0,1,1,1,
354,825.000770822381,12121.2007960087,618.951066601549,2244.5,65535,3194.5,950,0,0,0,1,1,1,
355,825.120327255295,12119.4444854659,620.707377144301,2242.5,65535,3198.5,956,0,0,0,1,1,1,
356,825.239873825525,12117.6888286353,622.463033974862,2326,65535,3272.5,946.5,0,0,0,1,1,1,
357,825.359410529354,12115.9338252246,624.218037385641,2271.5,65535,3218.5,947,0,0,0,1,1,1,
358,825.478937363062,12114.1794749413,625.972387668859,2037.5,65535,3024.5,987,0,0,0,1,1,1,
359,825.598454322932,12112.4257774937,627.726085116552,2195,65535,3173.5,978.5,0,0,0,1,1,1,
360,825.717961405246,12110.6727325896,629.479130020578,2182,65535,3143,961,0,0,0,1,1,1,
361,825.837458606283,12108.9203399376,631.231522672599,2238.5,65535,3187,948.5,0,0,0,1,1,1,
362,825.956945922327,12107.1685992461,632.983263364104,2237,65535,3165,928,0,0,0,1,1,1,
363,826.076423349657,12105.4175102238,634.734352386393,2187,65535,3137,950,0,0,0,1,1,1,
364,826.195890884557,12103.6670725796,636.484790030583,2181.5,65535,3110.5,929,0,0,0,1,1,1,
365,826.315348523308,12101.9172860226,638.234576587611,2273,65535,3215,942,0,0,0,1,1,1,
366,826.43479626219,12100.168150262,639.983712348219,2359.5,65535,3289,929.5,0,0,0,1,1,1,
367,826.554234097485,12098.4196650072,641.73219760298,2334.5,65535,3288.5,954,0,0,0,1,1,1,
368,826.673662025476,12096.6718299679,643.480032642277,2313.5,65535,3315,1001.5,0,0,0,1,1,1,
369,826.793080042443,12094.9246448539,645.227217756308,2317,65535,3275.5,958.5,0,0,0,1,1,1,
370,826.912488144668,12093.1781093751,646.973753235096,2214.5,65535,3160,945.5,0,0,0,1,1,1,
371,827.031886328432,12091.4322232417,648.719639368464,2100,65535,3011,911,0,0,0,1,1,1,
372,827.151274590017,12089.6869861641,650.464876446078,2166,65535,3088.5,922.5,0,0,0,1,1,1,
373,827.270652925705,12087.9423978528,652.209464757396,1945,65535,2874,929,0,0,0,1,1,1,
374,827.390021331776,12086.1984580185,653.95340459171,2052.5,65535,2997,944.5,0,0,0,1,1,1,
375,827.509379804513,12084.4551663721,655.696696238127,2062,65535,3015,953,0,0,0,1,1,1,
376,827.628728340197,12082.7125226246,657.439339985565,2194.5,65535,3106.5,912,0,0,0,1,1,1,
377,827.748066935109,12080.9705264874,659.181336122767,2110.5,65535,3037.5,927,0,0,0,1,1,1,
378,827.867395585531,12079.2291776719,660.92268493829,2130.5,65535,3094,963.5,0,0,0,1,1,1,
379,827.986714287744,12077.4884758897,662.663386720513,2025,65535,2976,951,0,0,0,1,1,1,
380,828.106023038031,12075.7484208526,664.403441757631,2130,65535,3040.5,910.5,0,0,0,1,1,1,
381,828.225321832671,12074.0090122725,666.142850337659,2276,65535,3223.5,947.5,0,0,0,1,1,1,
382,828.344610667948,12072.2702498618,667.881612748426,2315,65535,3220.5,905.5,0,0,0,1,1,1,
383,828.463889540142,12070.5321333326,669.619729277587,2215.5,65535,3128.5,913,0,0,0,1,1,1,
384,828.583158445534,12068.7946623976,671.357200212613,2018,65535,2949.5,931.5,0,0,0,1,1,1,
385,828.702417380407,12067.0578367694,673.09402584079,2025.5,65535,2961,935.5,0,0,0,1,1,1,
386,828.821666341042,12065.321656161,674.830206449229,2145.5,65535,3083,937.5,0,0,0,1,1,1,
387,828.94090532372,12063.5861202853,676.565742324861,2203,65535,3138,935,0,0,0,1,1,1,
388,829.060134324724,12061.8512288558,678.300633754428,2143.5,65535,3106.5,963,0,0,0,1,1,1,
389,829.179353340333,12060.1169815857,680.0348810245,1969,65535,2888.5,919.5,0,0,0,1,1,1,
390,829.29856236683,12058.3833781887,681.768484421467,2029,65535,2940.5,911.5,0,0,0,1,1,1,
391,829.417761400497,12056.6504183787,683.501444231533,2121,65535,2986,865,0,0,0,1,1,1,
392,829.536950437614,12054.9181018695,685.233760740726,2236.5,65535,3131,894.5,0,0,0,1,1,1,
393,829.656129474464,12053.1864283753,686.965434234891,2239,65535,3164.5,925.5,0,0,0,1,1,1,
394,829.775298507328,12051.4553976105,688.696464999701,2154.5,65535,3068.5,914,0,0,0,1,1,1,
395,829.894457532486,12049.7250092896,690.426853320636,2009,65535,2929.5,920.5,0,0,0,1,1,1,
396,830.013606546222,12047.9952631272,692.156599483014,2178,65535,3105.5,927.5,0,0,0,1,1,1,
397,830.132745544816,12046.2661588382,693.885703771959,2131.5,65535,3056.5,925,0,0,0,1,1,1,
398,830.25187452455,12044.5376961378,695.614166472422,2046.5,65535,2930,883.5,0,0,0,1,1,1,
399,830.370993481705,12042.809874741,697.341987869173,1968,65535,2845.5,877.5,0,0,0,1,1,1,
400,830.490102412563,12041.0826943634,699.069168246802,2147,65535,3045,898,0,0,0,1,1,1,
401,830.609201313405,12039.3561547205,700.795707889734,2174.5,65535,3073,898.5,0,0,0,1,1,1,
402,830.728290180513,12037.630255528,702.521607082192,2218,65535,3140,922,0,0,0,1,1,1,
403,830.847369010169,12035.904996502,704.246866108238,2117.5,65535,3013.5,896,0,0,0,1,1,1,
404,830.966437798653,12034.1803773585,705.97148525175,2157.5,65535,3058.5,901,0,0,0,1,1,1,
405,831.085496542247,12032.4563978138,707.695464796425,2097,65535,2960.5,863.5,0,0,0,1,1,1,
406,831.204545237233,12030.7330575844,709.418805025789,2187.5,65535,3083.5,896,0,0,0,1,1,1,
407,831.323583879893,12029.010356387,711.141506223184,2246.5,65535,3096,849.5,0,0,0,1,1,1,
408,831.442612466507,12027.2882939384,712.863568671777,2145,65535,3013.5,868.5,0,0,0,1,1,1,
409,831.561630993357,12025.5668699556,714.584992654554,2246.5,65535,3109.5,863,0,0,0,1,1,1,
410,831.680639456725,12023.8460841559,716.305778454329,2074.5,65535,2954.5,880,0,0,0,1,1,1,
411,831.799637852893,12022.1259362565,718.025926353735,2223.5,65535,3096,872.5,0,0,0,1,1,1,
412,831.918626178141,12020.406425975,719.745436635227,1995.5,65535,2869,873.5,0,0,0,1,1,1,
413,832.037604428752,12018.6875530291,721.464309581086,1954,65535,2842,888,0,0,0,1,1,1,
414,832.156572601006,12016.9693171368,723.182545473413,2205,65535,3106,901,0,0,0,1,1,1,
415,832.275530691185,12015.2517180161,724.900144594132,2277.5,65535,3206,928.5,0,0,0,1,1,1,
416,832.394478695571,12013.5347553852,726.617107224991,2320.5,65535,3242.5,922,0,0,0,1,1,1,
417,832.513416610446,12011.8184289626,728.333433647569,2216.5,65535,3098,881.5,0,0,0,1,1,1,
418,832.63234443209,12010.102738467,730.049124143252,2135.5,65535,3012,876.5,0,0,0,1,1,1,
419,832.751262156785,12008.3876836169,731.764178993264,2075,65535,2957,882,0,0,0,1,1,1,
420,832.870169780814,12006.6732641316,733.47859847865,2223.5,65535,3119.5,896,0,0,0,1,1,1,
421,832.989067300456,12004.9594797299,735.19238288027,2094.5,65535,2983.5,889,0,0,0,1,1,1,
422,833.107954711994,12003.2463301314,736.905532478821,2081,65535,2967,886,0,0,0,1,1,1,
423,833.226832011709,12001.5338150554,738.618047554814,2087,65535,2974,887,0,0,0,1,1,1,
424,833.345699195883,11999.8219342216,740.329928388594,2075.5,65535,2925,849.5,0,0,0,1,1,1,
425,833.464556260797,11998.1106873499,742.041175260318,2168,65535,3038,870,0,0,0,1,1,1,
426,833.583403202733,11996.4000741602,743.751788449978,2176,65535,3088.5,912.5,0,0,0,1,1,1,
427,833.702240017972,11994.6900943728,745.461768237383,2028.5,65535,2875.5,847,0,0,0,1,1,1,
428,833.821066702796,11992.980747708,747.171114902176,1973,65535,2853.5,880.5,0,0,0,1,1,1,
429,833.939883253486,11991.2720338864,748.879828723819,2238,65535,3094.5,856.5,0,0,0,1,1,1,
430,834.058689666323,11989.5639526286,750.587909981596,2200,65535,3099,899,0,0,0,1,1,1,
431,834.17748593759,11987.8565036556,752.295358954623,2499,65535,3402.5,903.5,0,0,0,1,1,1,
432,834.296272063568,11986.1496866884,754.00217592184,2269,65535,3124,855,0,0,0,1,1,1,
433,834.415048040537,11984.4435014482,755.708361162007,2210.5,65535,3050,839.5,0,0,0,1,1,1,
434,834.533813864781,11982.7379476565,757.413914953717,2239.5,65535,3154.5,915,0,0,0,1,1,1,
435,834.652569532579,11981.0330250348,759.118837575385,2524.5,65535,3410.5,886,0,0,0,1,1,1,
436,834.771315040214,11979.328733305,760.82312930525,2179.5,65535,3041,861.5,0,0,0,1,1,1,
437,834.890050383968,11977.6250721888,762.52679042138,2112,65535,3018.5,906.5,0,0,0,1,1,1,
438,835.00877556012,11975.9220414085,764.229821201665,2276.5,65535,3178,901.5,0,0,0,1,1,1,
439,835.127490564955,11974.2196406864,765.932221923833,2199,65535,3058,859,0,0,0,1,1,1,
440,835.246195394751,11972.5178697448,767.633992865425,2200.5,65535,3095.5,895,0,0,0,1,1,1,
441,835.364890045792,11970.8167283064,769.335134303812,2169.5,65535,3020.5,851,0,0,0,1,1,1,
442,835.483574514359,11969.116216094,771.035646516195,2177,65535,3002.5,825.5,0,0,0,1,1,1,
443,835.602248796733,11967.4163328306,772.735529779597,2192.5,65535,3086,893.5,0,0,0,1,1,1,
444,835.720912889195,11965.7170782393,774.434784370877,2143.5,65535,2981,837.5,0,0,0,1,1,1,
445,835.839566788027,11964.0184520435,776.133410566708,2264.5,65535,3152,887.5,0,0,0,1,1,1,
446,835.958210489512,11962.3204539666,777.831408643602,2121.5,65535,3015.5,894,0,0,0,1,1,1,
447,836.076843989929,11960.6230837323,779.528778877891,2146,65535,2979,833,0,0,0,1,1,1,
448,836.195467285561,11958.9263410645,781.225521545737,2176.5,65535,3023.5,847,0,0,0,1,1,1,
449,836.314080372688,11957.2302256871,782.921636923127,2280,65535,3111.5,831.5,0,0,0,1,1,1,
450,836.432683247594,11955.5347373243,784.61712528588,2234,65535,3032,798,0,0,0,1,1,1,
451,836.551275906559,11953.8398757006,786.311986909644,2088.5,65535,2947.5,859,0,0,0,1,1,1,
452,836.669858345864,11952.1456405403,788.006222069889,2228,65535,3065,837,0,0,0,1,1,1,
453,836.788430561791,11950.4520315683,789.699831041913,2510.5,65535,3332,821.5,0,0,0,1,1,1,
454,836.906992550622,11948.7590485094,791.392814100845,2249.5,65535,3092,842.5,0,0,0,1,1,1,
455,837.025544308638,11947.0666910886,793.085171521647,2311.5,65535,3135,823.5,0,0,0,1,1,1,
456,837.144085832121,11945.3749590311,794.776903579101,2184,65535,3019.5,835.5,0,0,0,1,1,1,
457,837.262617117352,11943.6838520624,796.468010547824,2160.5,65535,3038,877.5,0,0,0,1,1,1,
458,837.381138160612,11941.9933699079,798.158492702256,2172,65535,3028,856,0,0,0,1,1,1,
459,837.499648958183,11940.3035122935,799.848350316668,2167,65535,2977,810,0,0,0,1,1,1,
460,837.618149506347,11938.614278945,801.537583665162,2263,65535,3103.5,840.5,0,0,0,1,1,1,
461,837.736639801385,11936.9256695885,803.226193021668,2249,65535,3082,833,0,0,0,1,1,1,
462,837.855119839579,11935.2376839503,804.914178659947,2286,65535,3130,844,0,0,0,1,1,1,
463,837.97358961721,11933.5503217566,806.601540853584,2274.5,65535,3101,826.5,0,0,0,1,1,1,
464,838.092049130559,11931.8635827342,808.288279875998,2260,65535,3089,829,0,0,0,1,1,1,
465,838.210498375908,11930.1774666098,809.974396000436,2189.5,65535,3004,814.5,0,0,0,1,1,1,
466,838.328937349539,11928.4919731102,811.659889499977,2223.5,65535,3050,826.5,0,0,0,1,1,1,
467,838.447366047733,11926.8071019627,813.344760647526,2264.5,65535,3090,825.5,0,0,0,1,1,1,
468,838.565784466771,11925.1228528944,815.029009715818,2126.5,65535,2964,837.5,0,0,0,1,1,1,
469,838.684192602936,11923.4392256328,816.712636977423,2211.5,65535,3065.5,854,0,0,0,1,1,1,
470,838.802590452508,11921.7562199055,818.395642704736,2283.5,65535,3144,860.5,0,0,0,1,1,1,
471,838.920978011769,11920.0738354402,820.078027169986,2268,65535,3128,860,0,0,0,1,1,1,
472,839.039355277,11918.392071965,821.75979064523,2330.5,65535,3186.5,856,0,0,0,1,1,1,
473,839.157722244484,11916.7109292078,823.440933402358,2198,65535,3025.5,827.5,0,0,0,1,1,1,
474,839.276078910501,11915.0304068971,825.121455713088,2253,65535,3084,831,0,0,0,1,1,1,
475,839.394425271333,11913.3505047612,826.80135784897,2316.5,65535,3157.5,841,0,0,0,1,1,1,
476,839.512761323262,11911.6712225288,828.480640081383,2182,65535,2986.5,804.5,0,0,0,1,1,1,
477,839.631087062568,11909.9925599287,830.159302681543,2304,65535,3159.5,855.5,0,0,0,1,1,1,
478,839.749402485534,11908.3145166897,831.83734592049,2219.5,65535,2990.5,771,0,0,0,1,1,1,
479,839.867707588442,11906.6370925411,833.514770069103,2270.5,65535,3134,863.5,0,0,0,1,1,1,
480,839.986002367571,11904.9602872121,835.191575398083,2213,65535,3049,836,0,0,0,1,1,1,
481,840.104286819205,11903.2841004322,836.86776217797,2165.5,65535,2985.5,820,0,0,0,1,1,1,
482,840.222560939624,11901.6085319311,838.543330679133,2191.5,65535,3051,859.5,0,0,0,1,1,1,
483,840.34082472511,11899.9335814384,840.218281171776,2228.5,65535,3059,830.5,0,0,0,1,1,1,
484,840.459078171945,11898.2592486843,841.892613925927,2219,65535,3060.5,841.5,0,0,0,1,1,1,
485,840.577321276409,11896.5855333987,843.566329211457,2196,65535,3082,886,0,0,0,1,1,1,
486,840.695554034785,11894.9124353121,845.23942729806,2271,65535,3098.5,827.5,0,0,0,1,1,1,
487,840.813776443354,11893.2399541549,846.911908455264,2227.5,65535,3055.5,828,0,0,0,1,1,1,
488,840.931988498398,11891.5680896578,848.583772952437,2260,65535,3066,806,0,0,0,1,1,1,
489,841.050190196197,11889.8968415514,850.255021058767,2200,65535,3022,822,0,0,0,1,1,1,
490,841.168381533034,11888.2262095669,851.925653043289,2207.5,65535,3046,838.5,0,0,0,1,1,1,
491,841.28656250519,11886.5561934353,853.595669174858,2211.5,65535,3038,826.5,0,0,0,1,1,1,
492,841.404733108946,11884.886792888,855.265069722167,2218,65535,3048,830,0,0,0,1,1,1,
493,841.522893340585,11883.2180076565,856.933854953746,2276,65535,3115.5,839.5,0,0,0,1,1,1,
494,841.641043196386,11881.5498374722,858.602025137954,2164,65535,2975.5,811.5,0,0,0,1,1,1,
495,841.759182672633,11879.8822820672,860.269580542981,2174,65535,3025,851,0,0,0,1,1,1,
496,841.877311765606,11878.2153411733,861.936521436857,2900,65535,3729.5,829.5,0,0,0,1,1,1,
497,841.995430471587,11876.5490145228,863.602848087439,2263.5,65535,3099,835.5,0,0,0,1,1,1,
498,842.113538786858,11874.8833018478,865.268560762423,2314.5,65535,3136.5,822,0,0,0,1,1,1,
499,842.231636707699,11873.2182028809,866.933659729335,2242.5,65535,3077,834.5,0,0,0,1,1,1,
500,842.349724230393,11871.5537173547,868.598145255537,2235,65535,3042,807,0,0,0,1,1,1,
501,842.467801351221,11869.889845002,870.262017608224,2196,65535,3001,805,0,0,0,1,1,1,
502,842.585868066464,11868.2265855558,871.925277054426,2234,65535,3059.5,825.5,0,0,0,1,1,1,
503,842.703924372404,11866.5639387492,873.587923861005,2374,65535,3169.5,795.5,0,0,0,1,1,1,
504,842.821970265323,11864.9019043155,875.249958294664,2299.5,65535,3123,823.5,0,0,0,1,1,1,
505,842.940005741501,11863.2404819883,876.91138062193,2257,65535,3065,808,0,0,0,1,1,1,
506,843.058030797221,11861.579671501,878.572191109175,2357,65535,3185.5,828.5,0,0,0,1,1,1,
507,843.176045428764,11859.9194725876,880.232390022602,2326,65535,3098.5,772.5,0,0,0,1,1,1,
508,843.294049632411,11858.259884982,881.891977628242,2129,65535,2967.5,838.5,0,0,0,1,1,1,
509,843.412043404443,11856.6009084182,883.550954191973,2250.5,65535,3046.5,796,0,0,0,1,1,1,
510,843.530026741144,11854.9425426307,885.209319979502,2169,65535,2993.5,824.5,0,0,0,1,1,1,
511,843.647999638793,11853.2847873538,886.867075256368,2177,65535,2981,804,0,0,0,1,1,1,
512,843.765962093673,11851.6276423222,888.524220287953,2199,65535,3027.5,828.5,0,0,0,1,1,1,
513,843.883914102064,11849.9711072707,890.18075533947,2202,65535,3018.5,816.5,0,0,0,1,1,1,
514,844.001855660249,11848.3151819342,891.836680675964,2313,65535,3098,785,0,0,0,1,1,1,
515,844.119786764509,11846.6598660479,893.491996562323,2186.5,65535,2994.5,808,0,0,0,1,1,1,
516,844.237707411125,11845.0051593469,895.146703263272,2126,65535,2947,821,0,0,0,1,1,1,
517,844.355617596379,11843.3510615668,896.800801043362,2104,65535,2905,801,0,0,0,1,1,1,
518,844.473517316552,11841.6975724432,898.45429016699,2161.5,65535,2939.5,778,0,0,0,1,1,1,
519,844.591406567926,11840.0446917118,900.10717089838,2230.5,65535,3054.5,824,0,0,0,1,1,1,
520,844.709285346783,11838.3924191086,901.759443501602,2243.5,65535,2998,754.5,0,0,0,1,1,1,
521,844.827153649403,11836.7407543696,903.411108240556,2264.5,65535,3063.5,799,0,0,0,1,1,1,
522,844.945011472069,11835.0896972312,905.062165378984,2231,65535,3015,784,0,0,0,1,1,1,
523,845.062858811062,11833.4392474297,906.712615180455,2175,65535,2973,798,0,0,0,1,1,1,
524,845.180695662663,11831.7894047018,908.362457908388,2213.5,65535,3010,796.5,0,0,0,1,1,1,
525,845.298522023153,11830.1401687842,910.011693826027,2232,65535,3039.5,807.5,0,0,0,1,1,1,
526,845.416337888815,11828.4915394137,911.660323196462,2270.5,65535,3030,759.5,0,0,0,1,1,1,
527,845.53414325593,11826.8435163276,913.308346282616,2191.5,65535,2985.5,794,0,0,0,1,1,1,
528,845.65193812078,11825.196099263,914.955763347247,2239.5,65535,3008,768.5,0,0,0,1,1,1,
529,845.769722479644,11823.5492879572,916.602574652954,2213,65535,3005.5,792.5,0,0,0,1,1,1,
530,845.887496328807,11821.903082148,918.248780462172,2197,65535,2950,753,0,0,0,1,1,1,
531,846.005259664548,11820.257481573,919.89438103718,2169,65535,2900.5,731.5,0,0,0,1,1,1,
532,846.123012483149,11818.6124859701,921.539376640083,2369.5,65535,3121.5,752,0,0,0,1,1,1,
533,846.240754780893,11816.9680950774,923.183767532832,2316.5,65535,3058,741.5,0,0,0,1,1,1,
534,846.358486554059,11815.324308633,924.827553977215,2205,65535,2963.5,758.5,0,0,0,1,1,1,
535,846.476207798931,11813.6811263753,926.470736234858,2280.5,65535,3080.5,800,0,0,0,1,1,1,
536,846.593918511788,11812.038548043,928.113314567219,2201.5,65535,2976,774.5,0,0,0,1,1,1,
537,846.711618688914,11810.3965733746,929.755289235609,2192,65535,2932,740,0,0,0,1,1,1,
538,846.829308326588,11808.755202109,931.396660501159,2253.5,65535,2993.5,740,0,0,0,1,1,1,
539,846.946987421094,11807.1144339853,933.037428624855,2231,65535,2982.5,751.5,0,0,0,1,1,1,
540,847.064655968711,11805.4742687427,934.677593867513,2179,65535,2944.5,765.5,0,0,0,1,1,1,
541,847.182313965723,11803.8347061204,936.317156489788,2173.5,65535,2936,762.5,0,0,0,1,1,1,
542,847.29996140841,11802.195745858,937.956116752177,2204,65535,2953.5,749.5,0,0,0,1,1,1,
543,847.417598293053,11800.5573876952,939.594474915015,2259,65535,2982,723,0,0,0,1,1,1,
544,847.535224615935,11798.9196313717,941.232231238477,2195.5,65535,2956,760.5,0,0,0,1,1,1,
545,847.652840373337,11797.2824766276,942.869385982573,2557,65535,3322.5,765.5,0,0,0,1,1,1,
546,847.770445561539,11795.645923203,944.505939407158,2199,65535,2958.5,759.5,0,0,0,1,1,1,
547,847.888040176825,11794.0099708383,946.141891771922,2198,65535,2935.5,737.5,0,0,0,1,1,1,
548,848.005624215475,11792.3746192738,947.777243336401,2147,65535,2900.5,753.5,0,0,0,1,1,1,
549,848.12319767377,11790.7398682502,949.411994359964,2152,65535,2878,726,0,0,0,1,1,1,
550,848.240760547993,11789.1057175084,951.046145101822,2233,65535,2955.5,722.5,0,0,0,1,1,1,
551,848.358312834425,11787.4721667892,952.679695821031,2137,65535,2818.5,681.5,0,0,0,1,1,1,
552,848.475854529346,11785.8392158337,954.312646776476,2200.5,65535,2928,727.5,0,0,0,1,1,1,
553,848.59338562904,11784.2068643833,955.944998226892,2194,65535,2955,761,0,0,0,1,1,1,
554,848.710906129786,11782.5751121793,957.576750430857,2151,65535,2913.5,762.5,0,0,0,1,1,1,
555,848.828416027868,11780.9439589634,959.207903646779,2164.5,65535,2952.5,788,0,0,0,1,1,1,
556,848.945915319565,11779.3134044773,960.83845813291,2242,65535,2973,731,0,0,0,1,1,1,
557,849.063404001161,11777.6834484629,962.468414147348,2287.5,65535,3038,750.5,0,0,0,1,1,1,
558,849.180882068935,11776.0540906622,964.097771948025,2209,65535,2923.5,714.5,0,0,0,1,1,1,
559,849.29834951917,11774.4253308175,965.726531792719,2133,65535,2848.5,715.5,0,0,0,1,1,1,
560,849.415806348148,11772.7971686712,967.354693939049,2050,65535,2775.5,725.5,0,0,0,1,1,1,
561,849.533252552149,11771.1696039657,968.982258644472,2041.5,65535,2739.5,698,0,0,0,1,1,1,
562,849.650688127455,11769.5426364439,970.609226166283,1942,65535,2662.5,720.5,0,0,0,1,1,1,
563,849.768113070348,11767.9162658486,972.235596761629,1967,65535,2644,677,0,0,0,1,1,1,
564,849.885527377109,11766.2904919227,973.861370687495,2106,65535,2867,761,0,0,0,1,1,1,
565,850.00293104402,11764.6653144095,975.486548200699,2069,65535,2787,718,0,0,0,1,1,1,
566,850.120324067363,11763.0407330523,977.11112955791,2132,65535,2875,743,0,0,0,1,1,1,
567,850.237706443417,11761.4167475946,978.735115015636,2198,65535,2937.5,739.5,0,0,0,1,1,1,
568,850.355078168466,11759.79335778,980.358504830228,2248,65535,2950.5,702.5,0,0,0,1,1,1,
569,850.472439238791,11758.1705633523,981.981299257874,2260.5,65535,3012.5,752,0,0,0,1,1,1,
570,850.589789650673,11756.5483640556,983.603498554616,2145.5,65535,2882,736.5,0,0,0,1,1,1,
571,850.707129400393,11754.9267596339,985.225102976321,2240.5,65535,3005.5,765,0,0,0,1,1,1,
572,850.824458484233,11753.3057498315,986.846112778716,2194,65535,2946.5,752.5,0,0,0,1,1,1,
573,850.941776898475,11751.6853343928,988.466528217361,2152,65535,2918.5,766.5,0,0,0,1,1,1,
574,851.059084639401,11750.0655130625,990.086349547661,2130.5,65535,2879,748.5,0,0,0,1,1,1,
575,851.176381703291,11748.4462855853,991.705577024859,2164,65535,2903,739,0,0,0,1,1,1,
576,851.293668086427,11746.8276517062,993.324210904051,2148.5,65535,2910,761.5,0,0,0,1,1,1,
577,851.410943785091,11745.20961117,994.942251440167,2172.5,65535,2951.5,779,0,0,0,1,1,1,
578,851.528208795564,11743.5921637222,996.559698887982,2193,65535,2996.5,803.5,0,0,0,1,1,1,
579,851.645463114127,11741.9753091081,998.176553502119,2223.5,65535,2982,758.5,0,0,0,1,1,1,
580,851.762706737063,11740.3590470732,999.792815537039,2203,65535,3011,808,0,0,0,1,1,1,
581,851.879939660652,11738.7433773632,1001.40848524705,2173.5,65535,2992.5,819,0,0,0,1,1,1,
582,851.997161881177,11737.1282997239,1003.0235628863,2193.5,65535,2925.5,732,0,0,0,1,1,1,
583,852.114373394917,11735.5138139014,1004.63804870879,2122.5,65535,2902.5,780,0,0,0,1,1,1,
584,852.231574198157,11733.8999196419,1006.25194296835,2221,65535,2955,734,0,0,0,1,1,1,
585,852.348764287175,11732.2866166915,1007.86524591866,2164,65535,2925,761,0,0,0,1,1,1,
586,852.465943658255,11730.6739047969,1009.47795781325,2105.5,65535,2815.5,710,0,0,0,1,1,1,
587,852.583112307678,11729.0617837047,1011.09007890549,2096.5,65535,2821,724.5,0,0,0,1,1,1,
588,852.700270231724,11727.4502531616,1012.7016094486,2209,65535,2922.5,713.5,0,0,0,1,1,1,
589,852.817417426676,11725.8393129146,1014.31254969563,2198,65535,2881,683,0,0,0,1,1,1,
590,852.934553888815,11724.2289627107,1015.92289989948,2181,65535,2844,663,0,0,0,1,1,1,
591,853.051679614423,11722.6192022973,1017.5326603129,2229.5,65535,2936,706.5,0,0,0,1,1,1,
592,853.168794599781,11721.0100314217,1019.14183118849,2063.5,65535,2829,765.5,0,0,0,1,1,1,
593,853.28589884117,11719.4014498315,1020.75041277869,2224.5,65535,2868.5,644,0,0,0,1,1,1,
594,853.402992334873,11717.7934572744,1022.35840533577,2141.5,65535,2864,722.5,0,0,0,1,1,1,
595,853.52007507717,11716.1860534983,1023.96580911186,2070.5,65535,2739,668.5,0,0,0,1,1,1,
596,853.637147064343,11714.5792382513,1025.57262435893,2009.5,65535,2688,678.5,0,0,0,1,1,1,
597,853.754208292674,11712.9730112814,1027.17885132881,1916,65535,2610,694,0,0,0,1,1,1,
598,853.871258758444,11711.367372337,1028.78449027316,1745,65535,2441,696,0,0,0,1,1,1,
599,853.988298457934,11709.7623211667,1030.38954144348,1807.5,65535,2522,714.5,0,0,0,1,1,1,
600,854.105327387426,11708.1578575191,1031.99400509112,1685.5,65535,2364,678.5,0,0,0,1,1,1,
601,854.222345543202,11706.5539811429,1033.5978814673,1856,65535,2552,696,0,0,0,1,1,1,
602,854.339352921543,11704.9506917871,1035.20117082306,1944.5,65535,2631,686.5,0,0,0,1,1,1,
603,854.456349518731,11703.3479892009,1036.80387340928,1992,65535,2744.5,752.5,0,0,0,1,1,1,
604,854.573335331046,11701.7458731335,1038.4059894767,2133,65535,2835,702,0,0,0,1,1,1,
605,854.690310354771,11700.1443433343,1040.00751927592,2094.5,65535,2778.5,684,0,0,0,1,1,1,
606,854.807274586187,11698.5433995528,1041.60846305736,2075,65535,2802.5,727.5,0,0,0,1,1,1,
607,854.924228021576,11696.9430415389,1043.20882107129,2089,65535,2770,681,0,0,0,1,1,1,
608,855.041170657219,11695.3432690424,1044.80859356784,2295.5,65535,2989,693.5,0,0,0,1,1,1,
609,855.158102489397,11693.7440818132,1046.40778079699,2100,65535,2784.5,684.5,0,0,0,1,1,1,
610,855.275023514392,11692.1454796017,1048.00638300854,2085,65535,2798,713,0,0,0,1,1,1,
611,855.391933728486,11690.547462158,1049.60440045217,2098,65535,2799.5,701.5,0,0,0,1,1,1,
612,855.508833127959,11688.9500292328,1051.20183337738,2148,65535,2850,702,0,0,0,1,1,1,
613,855.625721709094,11687.3531805767,1052.79868203352,2079,65535,2812.5,733.5,0,0,0,1,1,1,
614,855.742599468173,11685.7569159404,1054.39494666982,2050,65535,2746,696,0,0,0,1,1,1,
615,855.859466401475,11684.1612350749,1055.99062753531,2133,65535,2856.5,723.5,0,0,0,1,1,1,
616,855.976322505284,11682.5661377313,1057.5857248789,2056.5,65535,2775,718.5,0,0,0,1,1,1,
617,856.09316777588,11680.9716236609,1059.18023894933,2161.5,65535,2894.5,733,0,0,0,1,1,1,
618,856.210002209545,11679.377692615,1060.7741699952,2135,65535,2856,721,0,0,0,1,1,1,
619,856.326825802561,11677.7843443452,1062.36751826496,2112,65535,2827,715,0,0,0,1,1,1,
620,856.443638551208,11676.1915786033,1063.96028400689,2113.5,65535,2850,736.5,0,0,0,1,1,1,
621,856.560440451769,11674.5993951411,1065.55246746913,2117.5,65535,2825.5,708,0,0,0,1,1,1,
622,856.677231500526,11673.0077937105,1067.14406889967,2104,65535,2840.5,736.5,0,0,0,1,1,1,
623,856.794011693758,11671.4167740639,1068.73508854633,2221.5,65535,2847,625.5,0,0,0,1,1,1,
624,856.910781027748,11669.8263359534,1070.32552665682,2105.5,65535,2764.5,659,0,0,0,1,1,1,
625,857.027539498778,11668.2364791316,1071.91538347865,2155,65535,2884.5,729.5,0,0,0,1,1,1,
626,857.144287103129,11666.647203351,1073.50465925921,2116.5,65535,2804,687.5,0,0,0,1,1,1,
627,857.261023837082,11665.0585083645,1075.09335424573,2177.5,65535,2885.5,708,0,0,0,1,1,1,
628,857.37774969692,11663.4703939249,1076.68146868527,2115.5,65535,2786.5,671,0,0,0,1,1,1,
629,857.494464678922,11661.8828597854,1078.26900282478,2131.5,65535,2839,707.5,0,0,0,1,1,1,
630,857.611168779372,11660.2959056992,1079.85595691102,2200.5,65535,2916.5,716,0,0,0,1,1,1,
631,857.72786199455,11658.7095314196,1081.44233119062,2128,65535,2842.5,714.5,0,0,0,1,1,1,
632,857.844544320738,11657.1237367002,1083.02812591005,2212.5,65535,2961.5,749,0,0,0,1,1,1,
633,857.961215754218,11655.5385212946,1084.61334131564,2125.5,65535,2848.5,723,0,0,0,1,1,1,
634,858.07787629127,11653.9538849567,1086.19797765355,2187.5,65535,2875.5,688,0,0,0,1,1,1,
635,858.194525928177,11652.3698274404,1087.78203516981,2134.5,65535,2860,725.5,0,0,0,1,1,1,
636,858.311164661219,11650.7863484999,1089.36551411028,2210.5,65535,2867,656.5,0,0,0,1,1,1,
637,858.427792486679,11649.2034478895,1090.9484147207,2270,65535,2966,696,0,0,0,1,1,1,
638,858.544409400838,11647.6211253636,1092.53073724662,2168.5,65535,2861,692.5,0,0,0,1,1,1,
639,858.661015399978,11646.0393806767,1094.11248193348,2200.5,65535,2919.5,719,0,0,0,1,1,1,
640,858.777610480379,11644.4582135837,1095.69364902654,2809.5,65535,3541.5,732,0,0,0,1,1,1,
641,858.894194638324,11642.8776238393,1097.27423877092,2139,65535,2852.5,713.5,0,0,0,1,1,1,
642,859.010767870093,11641.2976111986,1098.8542514116,2149,65535,2871,722,0,0,0,1,1,1,
643,859.127330171969,11639.7181754168,1100.43368719338,2099,65535,2784.5,685.5,0,0,0,1,1,1,
644,859.243881540233,11638.1393162492,1102.01254636096,2068.5,65535,2749,680.5,0,0,0,1,1,1,
645,859.360421971166,11636.5610334514,1103.59082915883,2132.5,65535,2804.5,672,0,0,0,1,1,1,
646,859.476951461051,11634.9833267788,1105.1685358314,2164.5,65535,2839,674.5,0,0,0,1,1,1,
647,859.593470006167,11633.4061959873,1106.74566662286,2027,65535,2674.5,647.5,0,0,0,1,1,1,
648,859.709977602797,11631.8296408329,1108.32222177731,2154,65535,2818,664,0,0,0,1,1,1,
649,859.826474247223,11630.2536610715,1109.89820153866,2167,65535,2819,652,0,0,0,1,1,1,
650,859.942959935726,11628.6782564595,1111.4736061507,2218,65535,2881,663,0,0,0,1,1,1,
651,860.059434664587,11627.1034267532,1113.04843585704,2110.5,65535,2797.5,687,0,0,0,1,1,1,
652,860.175898430088,11625.529171709,1114.62269090118,2164,65535,2830.5,666.5,0,0,0,1,1,1,
653,860.29235122851,11623.9554910838,1116.19637152644,2135.5,65535,2872,736.5,0,0,0,1,1,1,
654,860.408793056135,11622.3823846342,1117.769477976,2065.5,65535,2772.5,707,0,0,0,1,1,1,
655,860.525223909244,11620.8098521173,1119.34201049289,2110.5,65535,2771,660.5,0,0,0,1,1,1,
656,860.641643784119,11619.2378932902,1120.91396932001,2092,65535,2759,667,0,0,0,1,1,1,
657,860.758052677042,11617.6665079101,1122.48535470009,2129.5,65535,2829,699.5,0,0,0,1,1,1,
658,860.874450584293,11616.0956957345,1124.05616687572,2180.5,65535,2841.5,661,0,0,0,1,1,1,
659,860.990837502155,11614.5254565209,1125.62640608934,2087.5,65535,2754.5,667,0,0,0,1,1,1,
660,861.107213426909,11612.955790027,1127.19607258324,2112.5,65535,2786,673.5,0,0,0,1,1,1,
661,861.223578354835,11611.3866960106,1128.76516659958,2150,65535,2808.5,658.5,0,0,0,1,1,1,
662,861.339932282217,11609.8181742299,1130.33368838034,2203.5,65535,2881.5,678,0,0,0,1,1,1,
663,861.456275205335,11608.2502244428,1131.90163816739,2119,65535,2805.5,686.5,0,0,0,1,1,1,
664,861.572607120471,11606.6828464078,1133.46901620242,2146,65535,2801.5,655.5,0,0,0,1,1,1,
665,861.688928023906,11605.1160398832,1135.03582272699,2084,65535,2737.5,653.5,0,0,0,1,1,1,
666,861.805237911922,11603.5498046277,1136.60205798251,2083.5,65535,2722,638.5,0,0,0,1,1,1,
667,861.9215367808,11601.9841404,1138.16772221025,2148,65535,2771.5,623.5,0,0,0,1,1,1,
668,862.037824626822,11600.4190469589,1139.73281565131,2071.5,65535,2679,607.5,0,0,0,1,1,1,
669,862.154101446269,11598.8545240635,1141.29733854666,2049.5,65535,2719,669.5,0,0,0,1,1,1,
670,862.270367235424,11597.2905714731,1142.86129113713,2083.5,65535,2714,630.5,0,0,0,1,1,1,
671,862.386621990566,11595.7271889468,1144.42467366339,2082.5,65535,2735,652.5,0,0,0,1,1,1,
672,862.502865707978,11594.1643762442,1145.98748636597,2189.5,65535,2833.5,644,0,0,0,1,1,1,
673,862.619098383941,11592.6021331249,1147.54972948525,2196.5,65535,2880.5,684,0,0,0,1,1,1,
674,862.735320014738,11591.0404593487,1149.11140326147,2064,65535,2722.5,658.5,0,0,0,1,1,1,
675,862.851530596648,11589.4793546755,1150.67250793471,2072,65535,2696.5,624.5,0,0,0,1,1,1,
676,862.967730125955,11587.9188188653,1152.23304374493,2081.5,65535,2743,661.5,0,0,0,1,1,1,
677,863.083918598938,11586.3588516783,1153.7930109319,2082,65535,2700,618,0,0,0,1,1,1,
678,863.20009601188,11584.7994528749,1155.35240973529,2274,65535,2915.5,641.5,0,0,0,1,1,1,
679,863.316262361063,11583.2406222156,1156.91124039461,2164.5,65535,2806,641.5,0,0,0,1,1,1,
680,863.432417642767,11581.682359461,1158.4695031492,2111.5,65535,2762.5,651,0,0,0,1,1,1,
681,863.548561853274,11580.1246643719,1160.02719823829,2147.5,65535,2779.5,632,0,0,0,1,1,1,
682,863.664694988867,11578.5675367093,1161.58432590094,2182,65535,2771.5,589.5,0,0,0,1,1,1,
683,863.780817045825,11577.0109762341,1163.14088637608,2102,65535,2741,639,0,0,0,1,1,1,
684,863.896928020431,11575.4549827077,1164.69687990248,2100.5,65535,2711.5,611,0,0,0,1,1,1,
685,864.013027908967,11573.8995558914,1166.25230671877,2110,65535,2731,621,0,0,0,1,1,1,
686,864.129116707713,11572.3446955467,1167.80716706346,2120.5,65535,2726,605.5,0,0,0,1,1,1,
687,864.245194412952,11570.7904014353,1169.36146117486,2118,65535,2728,610,0,0,0,1,1,1,
688,864.361261020964,11569.236673319,1170.91518929119,2129.5,65535,2765,635.5,0,0,0,1,1,1,
689,864.477316528031,11567.6835109597,1172.4683516505,2111,65535,2724,613,0,0,0,1,1,1,
690,864.593360930435,11566.1309141195,1174.02094849068,2087.5,65535,2734.5,647,0,0,0,1,1,1,
691,864.709394224457,11564.5788825607,1175.57298004952,2002,65535,2601,599,0,0,0,1,1,1,
692,864.825416406379,11563.0274160456,1177.12444656462,2078,65535,2667.5,589.5,0,0,0,1,1,1,
693,864.941427472483,11561.4765143367,1178.67534827347,2131,65535,2758.5,627.5,0,0,0,1,1,1,
694,865.057427419049,11559.9261771968,1180.22568541338,2128.5,65535,2697,568.5,0,0,0,1,1,1,
695,865.173416242358,11558.3764043887,1181.77545822155,2142,65535,2711,569,0,0,0,1,1,1,
696,865.289393938694,11556.8271956752,1183.32466693502,2045,65535,2584.5,539.5,0,0,0,1,1,1,
697,865.405360504337,11555.2785508195,1184.87331179068,2819.5,65535,3453.5,634,0,0,0,1,1,1,
698,865.521315935569,11553.7304695849,1186.4213930253,2067,65535,2635,568,0,0,0,1,1,1,
699,865.637260228671,11552.1829517347,1187.96891087548,2047,65535,2660.5,613.5,0,0,0,1,1,1,
700,865.753193379924,11550.6359970325,1189.51586557769,2139.5,65535,2727.5,588,0,0,0,1,1,1,
701,865.869115385611,11549.0896052419,1191.06225736825,1847.5,65535,2412,564.5,0,0,0,1,1,1,
702,865.985026242012,11547.5437761269,1192.60808648335,1830,65535,2425,595,0,0,0,1,1,1,
703,866.10092594541,11545.9985094512,1194.15335315901,1711.5,65535,2296.5,585,0,0,0,1,1,1,
704,866.216814492085,11544.4538049791,1195.69805763113,1813.5,65535,2416.5,603,0,0,0,1,1,1,
705,866.332691878319,11542.9096624747,1197.24220013547,2035.5,65535,2622,586.5,0,0,0,1,1,1,
706,866.448558100394,11541.3660817026,1198.78578090762,2046.5,65535,2639,592.5,0,0,0,1,1,1,
707,866.564413154591,11539.8230624271,1200.32880018306,2021,65535,2616.5,595.5,0,0,0,1,1,1,
708,866.680257037192,11538.2806044131,1201.8712581971,2022.5,65535,2615,592.5,0,0,0,1,1,1,
709,866.796089744478,11536.7387074253,1203.41315518492,2052,65535,2665,613,0,0,0,1,1,1,
710,866.911911272731,11535.1973712286,1204.95449138156,1997,65535,2643,646,0,0,0,1,1,1,
711,867.027721618231,11533.6565955883,1206.49526702192,2154,65535,2727.5,573.5,0,0,0,1,1,1,
712,867.143520777262,11532.1163802695,1208.03548234073,1992,65535,2602.5,610.5,0,0,0,1,1,1,
713,867.259308746103,11530.5767250376,1209.57513757262,2091,65535,2718.5,627.5,0,0,0,1,1,1,
714,867.375085521037,11529.0376296582,1211.11423295205,2205,65535,2761,556,0,0,0,1,1,1,
715,867.490851098345,11527.4990938969,1212.65276871333,2130,65535,2710,580,0,0,0,1,1,1,
716,867.606605474309,11525.9611175195,1214.19074509067,2118.5,65535,2668,549.5,0,0,0,1,1,1,
717,867.72234864521,11524.4237002921,1215.72816231809,2110,65535,2665.5,555.5,0,0,0,1,1,1,
718,867.83808060733,11522.8868419807,1217.26502062949,2110.5,65535,2709.5,599,0,0,0,1,1,1,
719,867.953801356949,11521.3505423516,1218.80132025863,2068.5,65535,2664,595.5,0,0,0,1,1,1,
720,868.069510890351,11519.8148011711,1220.33706143912,2113.5,65535,2691,577.5,0,0,0,1,1,1,
721,868.185209203815,11518.2796182058,1221.87224440445,2120,65535,2667,547,0,0,0,1,1,1,
722,868.300896293624,11516.7449932223,1223.40686938793,2055,65535,2648,593,0,0,0,1,1,1,
723,868.416572156059,11515.2109259874,1224.94093662277,2110.5,65535,2699.5,589,0,0,0,1,1,1,
724,868.532236787402,11513.6774162682,1226.47444634202,2118,65535,2676.5,558.5,0,0,0,1,1,1,
725,868.647890183933,11512.1444638316,1228.00739877856,2089.5,65535,2630,540.5,0,0,0,1,1,1,
726,868.763532341936,11510.612068445,1229.53979416519,2030.5,65535,2592,561.5,0,0,0,1,1,1,
727,868.87916325769,11509.0802298757,1231.07163273453,2018.5,65535,2581.5,563,0,0,0,1,1,1,
728,868.994782927478,11507.5489478912,1232.60291471905,2075.5,65535,2628,552.5,0,0,0,1,1,1,
729,869.110391347581,11506.0182222591,1234.1336403511,2050.5,65535,2600.5,550,0,0,0,1,1,1,
730,869.225988514281,11504.4880527473,1235.6638098629,1969.5,65535,2578.5,609,0,0,0,1,1,1,
731,869.341574423858,11502.9584391237,1237.1934234865,2075.5,65535,2664.5,589,0,0,0,1,1,1,
732,869.457149072595,11501.4293811564,1238.72248145383,2111.5,65535,2705.5,594,0,0,0,1,1,1,
733,869.572712456773,11499.9008786135,1240.25098399667,2096.5,65535,2692,595.5,0,0,0,1,1,1,
734,869.688264572674,11498.3729312635,1241.77893134666,2061.5,65535,2662,600.5,0,0,0,1,1,1,
735,869.803805416579,11496.8455388749,1243.30632373531,2079,65535,2656,577,0,0,0,1,1,1,
736,869.919334984769,11495.3187012162,1244.83316139398,2027,65535,2618.5,591.5,0,0,0,1,1,1,
737,870.034853273527,11493.7924180563,1246.35944455389,2045.5,65535,2645.5,600,0,0,0,1,1,1,
738,870.150360279133,11492.2666891641,1247.88517344612,2061,65535,2643.5,582.5,0,0,0,1,1,1,
739,870.265855997869,11490.7415143086,1249.41034830163,2110,65535,2699.5,589.5,0,0,0,1,1,1,
740,870.381340426016,11489.216893259,1250.9349693512,2117,65535,2692,575,0,0,0,1,1,1,
741,870.496813559857,11487.6928257847,1252.45903682551,2099.5,65535,2700.5,601,0,0,0,1,1,1,
742,870.612275395672,11486.1693116551,1253.98255095508,2066,65535,2656.5,590.5,0,0,0,1,1,1,
743,870.727725929743,11484.6463506399,1255.5055119703,2016,65535,2562,546,0,0,0,1,1,1,
744,870.843165158351,11483.1239425088,1257.02792010141,2114,65535,2726,612,0,0,0,1,1,1,
745,870.958593077779,11481.6020870317,1258.54977557853,1992,65535,2541,549,0,0,0,1,1,1,
746,871.074009684307,11480.0807839786,1260.0710786316,2035.5,65535,2630,594.5,0,0,0,1,1,1,
747,871.189414974217,11478.5600331197,1261.59182949048,2016.5,65535,2614.5,598,0,0,0,1,1,1,
748,871.304808943791,11477.0398342254,1263.11202838484,2118,65535,2693,575,0,0,0,1,1,1,
749,871.420191589309,11475.520187066,1264.63167554425,2054.5,65535,2637,582.5,0,0,0,1,1,1,
750,871.535562907054,11474.0010914121,1266.1507711981,1998.5,65535,2526,527.5,0,0,0,1,1,1,
751,871.650922893307,11472.4825470345,1267.66931557568,1945.5,65535,2541,595.5,0,0,0,1,1,1,
752,871.76627154435,11470.9645537041,1269.18730890613,1989,65535,2544,555,0,0,0,1,1,1,
753,871.881608856463,11469.4471111918,1270.70475141843,2041.5,65535,2617,575.5,0,0,0,1,1,1,
754,871.996934825929,11467.9302192688,1272.22164334145,2144,65535,2709.5,565.5,0,0,0,1,1,1,
755,872.112249449029,11466.4138777063,1273.73798490391,2024,65535,2568.5,544.5,0,0,0,1,1,1,
756,872.227552722045,11464.8980862758,1275.2537763344,2038,65535,2613,575,0,0,0,1,1,1,
757,872.342844641257,11463.3828447489,1276.76901786135,2155.5,65535,2705.5,550,0,0,0,1,1,1,
758,872.458125202948,11461.8681528971,1278.28370971308,2090,65535,2640,550,0,0,0,1,1,1,
759,872.573394403399,11460.3540104925,1279.79785211775,1962,65535,2508.5,546.5,0,0,0,1,1,1,
760,872.688652238891,11458.8404173068,1281.3114453034,1940,65535,2457,517,0,0,0,1,1,1,
761,872.803898705706,11457.3273731123,1282.82448949793,1993,65535,2553.5,560.5,0,0,0,1,1,1,
762,872.919133800126,11455.8148776811,1284.33698492908,1952.5,65535,2509.5,557,0,0,0,1,1,1,
763,873.034357518431,11454.3029307857,1285.84893182448,2041,65535,2599.5,558.5,0,0,0,1,1,1,
764,873.149569856904,11452.7915321986,1287.36033041161,2053.5,65535,2604,550.5,0,0,0,1,1,1,
765,873.264770811826,11451.2806816924,1288.87118091781,2093,65535,2658,565,0,0,0,1,1,1,
766,873.379960379479,11449.7703790399,1290.3814835703,1928.5,65535,2489.5,561,0,0,0,1,1,1,
767,873.495138556143,11448.2606240141,1291.89123859614,1955,65535,2525,570,0,0,0,1,1,1,
768,873.610305338101,11446.7514163879,1293.40044622227,1960,65535,2544.5,584.5,0,0,0,1,1,1,
769,873.725460721633,11445.2427559347,1294.90910667548,1954.5,65535,2523.5,569,0,0,0,1,1,1,
770,873.840604703022,11443.7346424278,1296.41722018244,2033,65535,2612,579,0,0,0,1,1,1,
771,873.955737278549,11442.2270756405,1297.92478696967,1993.5,65535,2552,558.5,0,0,0,1,1,1,
772,874.070858444496,11440.7200553466,1299.43180726356,1990.5,65535,2557.5,567,0,0,0,1,1,1,
773,874.185968197143,11439.2135813198,1300.93828129036,2035,65535,2623,588,0,0,0,1,1,1,
774,874.301066532773,11437.707653334,1302.44420927617,1996.5,65535,2575.5,579,0,0,0,1,1,1,
775,874.416153447666,11436.2022711632,1303.94959144699,2011,65535,2564,553,0,0,0,1,1,1,
776,874.531228938105,11434.6974345815,1305.45442802866,2014.5,65535,2645.5,631,0,0,0,1,1,1,
777,874.646293000371,11433.1931433633,1306.95871924687,2002.5,65535,2588.5,586,0,0,0,1,1,1,
778,874.761345630745,11431.689397283,1308.4624653272,1995.5,65535,2609,613.5,0,0,0,1,1,1,
779,874.876386825509,11430.1861961151,1309.96566649509,1960.5,65535,2536,575.5,0,0,0,1,1,1,
780,874.991416580945,11428.6835396344,1311.46832297584,1997.5,65535,2578,580.5,0,0,0,1,1,1,
781,875.106434893333,11427.1814276156,1312.9704349946,2039.5,65535,2577,537.5,0,0,0,1,1,1,
782,875.221441758956,11425.6798598338,1314.47200277641,1984.5,65535,2568.5,584,0,0,0,1,1,1,
783,875.336437174095,11424.178836064,1315.97302654615,2157.5,65535,2769.5,612,0,0,0,1,1,1,
784,875.451421135031,11422.6783560816,1317.47350652859,2119.5,65535,2661,541.5,0,0,0,1,1,1,
785,875.566393638046,11421.1784196619,1318.97344294835,1958,65535,2537.5,579.5,0,0,0,1,1,1,
786,875.681354679421,11419.6790265803,1320.47283602991,1968.5,65535,2585,616.5,0,0,0,1,1,1,
787,875.796304255438,11418.1801766126,1321.97168599762,1973,65535,2591.5,618.5,0,0,0,1,1,1,
788,875.911242362378,11416.6818695345,1323.4699930757,2032,65535,2633.5,601.5,0,0,0,1,1,1,
789,876.026168996523,11415.184105122,1324.96775748824,2067.5,65535,2652,584.5,0,0,0,1,1,1,
790,876.141084154155,11413.686883151,1326.46497945918,2028.5,65535,2621.5,593,0,0,0,1,1,1,
791,876.255987831554,11412.1902033979,1327.96165921232,1998.5,65535,2634.5,636,0,0,0,1,1,1,
792,876.370880025003,11410.6940656389,1329.45779697135,1988.5,65535,2603,614.5,0,0,0,1,1,1,
793,876.485760730783,11409.1984696504,1330.95339295982,1967,65535,2621,654,0,0,0,1,1,1,
794,876.600629945175,11407.7034152091,1332.44844740112,1994,65535,2586,592,0,0,0,1,1,1,
795,876.71548766446,11406.2089020917,1333.94296051854,2009.5,65535,2620.5,611,0,0,0,1,1,1,
796,876.830333884921,11404.714930075,1335.43693253521,2096.5,65535,2674,577.5,0,0,0,1,1,1,
797,876.945168602839,11403.2214989361,1336.93036367414,1911,65535,2490,579,0,0,0,1,1,1,
798,877.059991814495,11401.728608452,1338.42325415821,1899,65535,2485.5,586.5,0,0,0,1,1,1,
799,877.174803516171,11400.2362584001,1339.91560421015,2026.5,65535,2603.5,577,0,0,0,1,1,1,
800,877.289603704148,11398.7444485576,1341.40741405256,1996.5,65535,2604,607.5,0,0,0,1,1,1,
801,877.404392374708,11397.2531787023,1342.89868390791,1961.5,65535,2536,574.5,0,0,0,1,1,1,
802,877.519169524133,11395.7624486117,1344.38941399855,2068,65535,2635.5,567.5,0,0,0,1,1,1,
803,877.633935148703,11394.2722580635,1345.87960454667,1919,65535,2525,606,0,0,0,1,1,1,
804,877.7486892447,11392.7826068359,1347.36925577434,1906,65535,2475,569,0,0,0,1,1,1,
805,877.863431808407,11391.2934947067,1348.8583679035,2039,65535,2581,542,0,0,0,1,1,1,
806,877.978162836103,11389.8049214542,1350.34694115596,2028.5,65535,2586.5,558,0,0,0,1,1,1,
807,878.092882324071,11388.3168868568,1351.83497575338,2116.5,65535,2691.5,575,0,0,0,1,1,1,
808,878.207590268593,11386.8293906929,1353.3224719173,1958.5,65535,2517,558.5,0,0,0,1,1,1,
809,878.322286665949,11385.3424327411,1354.80942986913,1974.5,65535,2518.5,544,0,0,0,1,1,1,
810,878.436971512422,11383.8560127801,1356.29584983013,2005.5,65535,2532.5,527,0,0,0,1,1,1,
811,878.551644804292,11382.3701305888,1357.78173202145,1994,65535,2560.5,566.5,0,0,0,1,1,1,
812,878.666306537842,11380.8847859461,1359.26707666407,1955,65535,2509.5,554.5,0,0,0,1,1,1,
813,878.780956709352,11379.3999786313,1360.7518839789,1970.5,65535,2478,507.5,0,0,0,1,1,1,
814,878.895595315105,11377.9157084236,1362.23615418665,1915,65535,2462.5,547.5,0,0,0,1,1,1,
815,879.010222351381,11376.4319751023,1363.71988750794,2001.5,65535,2557,555.5,0,0,0,1,1,1,
816,879.124837814463,11374.948778447,1365.20308416325,1954.5,65535,2502,547.5,0,0,0,1,1,1,
817,879.239441700631,11373.4661182373,1366.68574437291,1914.5,65535,2489.5,575,0,0,0,1,1,1,
818,879.354034006168,11371.9839942531,1368.16786835714,1981,65535,2475,494,0,0,0,1,1,1,
819,879.468614727354,11370.5024062742,1369.64945633602,2024.5,65535,2592.5,568,0,0,0,1,1,1,
820,879.583183860471,11369.0213540807,1371.13050852949,1956.5,65535,2491.5,535,0,0,0,1,1,1,
821,879.697741401802,11367.5408374528,1372.61102515737,1997,65535,2540.5,543.5,0,0,0,1,1,1,
822,879.812287347626,11366.0608561709,1374.09100643934,1851.5,65535,2383.5,532,0,0,0,1,1,1,
823,879.926821694226,11364.5814100152,1375.57045259496,2019,65535,2550,531,0,0,0,1,1,1,
824,880.041344437884,11363.1024987666,1377.04936384364,1934.5,65535,2454,519.5,0,0,0,1,1,1,
825,880.15585557488,11361.6241222055,1378.52774040467,2027,65535,2531.5,504.5,0,0,0,1,1,1,
826,880.270355101496,11360.146280113,1380.00558249722,1965,65535,2531,566,0,0,0,1,1,1,
827,880.384843014014,11358.6689722699,1381.48289034029,1947,65535,2435.5,488.5,0,0,0,1,1,1,
828,880.499319308715,11357.1921984574,1382.9596641528,1771,65535,2332,561,0,0,0,1,1,1,
829,880.613783981881,11355.7159584567,1384.43590415349,1873,65535,2392,519,0,0,0,1,1,1,
830,880.728237029793,11354.2402520492,1385.91161056101,1918.5,65535,2470,551.5,0,0,0,1,1,1,
831,880.842678448733,11352.7650790163,1387.38678359386,1945.5,65535,2496,550.5,0,0,0,1,1,1,
832,880.957108234982,11351.2904391398,1388.8614234704,1896.5,65535,2384.5,488,0,0,0,1,1,1,
833,881.071526384822,11349.8163322013,1390.33553040888,1961.5,65535,2460,498.5,0,0,0,1,1,1,
834,881.185932894533,11348.3427579828,1391.8091046274,1959,65535,2491.5,532.5,0,0,0,1,1,1,
835,881.300327760399,11346.8697162663,1393.28214634394,1984,65535,2494.5,510.5,0,0,0,1,1,1,
836,881.4147109787,11345.3972068338,1394.75465577636,1955,65535,2455.5,500.5,0,0,0,1,1,1,
837,881.529082545717,11343.9252294678,1396.22663314236,2028,65535,2516.5,488.5,0,0,0,1,1,1,
838,881.643442457733,11342.4537839507,1397.69807865954,1989,65535,2525,536,0,0,0,1,1,1,
839,881.757790711028,11340.9828700649,1399.16899254534,1939,65535,2461,522,0,0,0,1,1,1,
840,881.872127301884,11339.5124875931,1400.63937501711,1960.5,65535,2423,462.5,0,0,0,1,1,1,
841,881.986452226583,11338.0426363182,1402.10922629203,1941,65535,2467.5,526.5,0,0,0,1,1,1,
842,882.100765481406,11336.573316023,1403.57854658717,1916,65535,2464,548,0,0,0,1,1,1,
843,882.215067062635,11335.1045264907,1405.04733611947,1914.5,65535,2431,516.5,0,0,0,1,1,1,
844,882.329356966551,11333.6362675045,1406.51559510573,1974.5,65535,2497.5,523,0,0,0,1,1,1,
845,882.443635189435,11332.1685388476,1407.98332376263,1925.5,65535,2451.5,526,0,0,0,1,1,1,
846,882.55790172757,11330.7013403035,1409.45052230672,1966,65535,2492.5,526.5,0,0,0,1,1,1,
847,882.672156577236,11329.2346716558,1410.91719095442,2018.5,65535,2527.5,509,0,0,0,1,1,1,
848,882.786399734715,11327.7685326882,1412.38332992202,2008,65535,2482.5,474.5,0,0,0,1,1,1,
849,882.900631196289,11326.3029231845,1413.84893942567,1958,65535,2476.5,518.5,0,0,0,1,1,1,
850,883.01485095824,11324.8378429288,1415.31401968141,1888,65535,2389.5,501.5,0,0,0,1,1,1,
851,883.129059016847,11323.3732917051,1416.77857090513,1972.5,65535,2503.5,531,0,0,0,1,1,1,
852,883.243255368394,11321.9092692976,1418.24259331261,1961,65535,2441.5,480.5,0,0,0,1,1,1,
853,883.357440009162,11320.4457754907,1419.70608711949,2039.5,65535,2511,471.5,0,0,0,1,1,1,
854,883.471612935431,11318.9828100689,1421.16905254129,1953,65535,2465,512,0,0,0,1,1,1,
855,883.585774143484,11317.5203728168,1422.63148979339,2090.5,65535,2563,472.5,0,0,0,1,1,1,
856,883.699923629602,11316.0584635192,1424.09339909104,1877,65535,2405,528,0,0,0,1,1,1,
857,883.814061390067,11314.5970819608,1425.55478064938,1927,65535,2408.5,481.5,0,0,0,1,1,1,
858,883.92818742116,11313.1362279268,1427.0156346834,2004.5,65535,2546,541.5,0,0,0,1,1,1,
859,884.042301719163,11311.6759012022,1428.47596140798,1982.5,65535,2517.5,535,0,0,0,1,1,1,
860,884.156404280356,11310.2161015724,1429.93576103785,1955,65535,2466.5,511.5,0,0,0,1,1,1,
861,884.270495101022,11308.7568288226,1431.39503378764,1962,65535,2474,512,0,0,0,1,1,1,
862,884.384574177443,11307.2980827384,1432.85377987182,1890,65535,2378.5,488.5,0,0,0,1,1,1,
863,884.498641505898,11305.8398631054,1434.31199950476,1892.5,65535,2380,487.5,0,0,0,1,1,1,
864,884.612697082671,11304.3821697095,1435.76969290068,1895,65535,2404,509,0,0,0,1,1,1,
865,884.726740904043,11302.9250023365,1437.22686027369,1945,65535,2497,552,0,0,0,1,1,1,
866,884.840772966294,11301.4683607724,1438.68350183777,2071,65535,2610.5,539.5,0,0,0,1,1,1,
867,884.954793265707,11300.0122448035,1440.13961780675,1857.5,65535,2375.5,518,0,0,0,1,1,1,
868,885.068801798563,11298.5566542158,1441.59520839436,1848,65535,2378.5,530.5,0,0,0,1,1,1,
869,885.182798561144,11297.101588796,1443.05027381419,1920,65535,2435.5,515.5,0,0,0,1,1,1,
870,885.296783549731,11295.6470483305,1444.5048142797,1944.5,65535,2434.5,490,0,0,0,1,1,1,
871,885.410756760605,11294.193032606,1445.95883000423,1825.5,65535,2362.5,537,0,0,0,1,1,1,
872,885.524718190048,11292.7395414092,1447.41232120099,1903.5,65535,2395.5,492,0,0,0,1,1,1,
873,885.638667834342,11291.2865745271,1448.86528808306,1883.5,65535,2383,499.5,0,0,0,1,1,1,
874,885.752605689767,11289.8341317468,1450.3177308634,1899,65535,2403.5,504.5,0,0,0,1,1,1,
875,885.866531752607,11288.3822128554,1451.76964975483,1849.5,65535,2368,518.5,0,0,0,1,1,1,
876,885.980446019141,11286.9308176401,1453.22104497006,1869.5,65535,2406.5,537,0,0,0,1,1,1,
877,886.094348485652,11285.4799458885,1454.67191672166,1913.5,65535,2401,487.5,0,0,0,1,1,1,
878,886.208239148421,11284.0295973881,1456.12226522207,1830,65535,2311,481,0,0,0,1,1,1,
879,886.322118003729,11282.5797719266,1457.57209068362,1997.5,65535,2462.5,465,0,0,0,1,1,1,
880,886.435985047858,11281.1304692917,1459.0213933185,1839.5,65535,2369.5,530,0,0,0,1,1,1,
881,886.54984027709,11279.6816892714,1460.47017333878,1812,65535,2299,487,0,0,0,1,1,1,
882,886.663683687706,11278.2334316538,1461.9184309564,1885,65535,2351,466,0,0,0,1,1,1,
883,886.777515275987,11276.785696227,1463.36616638317,1858.5,65535,2391,532.5,0,0,0,1,1,1,
884,886.891335038216,11275.3384827794,1464.81337983079,1855.5,65535,2353,497.5,0,0,0,1,1,1,
885,887.005142970673,11273.8917910994,1466.26007151082,1890.5,65535,2419.5,529,0,0,0,1,1,1,
886,887.118939069639,11272.4456209755,1467.70624163469,2012.5,65535,2472.5,460,0,0,0,1,1,1,
887,887.232723331398,11270.9999721965,1469.15189041371,1914.5,65535,2418,503.5,0,0,0,1,1,1,
888,887.346495752229,11269.5548445511,1470.59701805907,2008,65535,2467.5,459.5,0,0,0,1,1,1,
889,887.460256328414,11268.1102378284,1472.04162478183,1922,65535,2408.5,486.5,0,0,0,1,1,1,
890,887.574005056236,11266.6661518173,1473.48571079292,1865,65535,2337.5,472.5,0,0,0,1,1,1,
891,887.687741931975,11265.2225863071,1474.92927630314,1862,65535,2290.5,428.5,0,0,0,1,1,1,
892,887.801466951913,11263.779541087,1476.37232152319,1950,65535,2407.5,457.5,0,0,0,1,1,1,
893,887.915180112332,11262.3370159466,1477.81484666361,1891.5,65535,2342.5,451,0,0,0,1,1,1,
894,888.028881409512,11260.8950106754,1479.25685193484,1906,65535,2364.5,458.5,0,0,0,1,1,1,
895,888.142570839736,11259.453525063,1480.69833754718,1958.5,65535,2398,439.5,0,0,0,1,1,1,
896,888.256248399285,11258.0125588994,1482.13930371082,1881.5,65535,2353,471.5,0,0,0,1,1,1,
897,888.369914084441,11256.5721119744,1483.57975063581,1889.5,65535,2308,418.5,0,0,0,1,1,1,
898,888.483567891484,11255.1321840781,1485.01967853208,1966,65535,2432.5,466.5,0,0,0,1,1,1,
899,888.597209816697,11253.6927750008,1486.45908760943,1937,65535,2372.5,435.5,0,0,0,1,1,1,
900,888.71083985636,11252.2538845326,1487.89797807756,1981.5,65535,2407,425.5,0,0,0,1,1,1,
901,888.824458006756,11250.8155124642,1489.336350146,1887,65535,2297.5,410.5,0,0,0,1,1,1,
902,888.938064264166,11249.377658586,1490.7742040242,1915,65535,2371.5,456.5,0,0,0,1,1,1,
903,889.051658624872,11247.9403226887,1492.21153992146,1867,65535,2310.5,443.5,0,0,0,1,1,1,
904,889.165241085154,11246.5035045632,1493.64835804696,1819,65535,2286.5,467.5,0,0,0,1,1,1,
905,889.278811641295,11245.0672040004,1495.08465860977,1855,65535,2314,459,0,0,0,1,1,1,
906,889.392370289575,11243.6314207914,1496.52044181881,1911.5,65535,2334.5,423,0,0,0,1,1,1,
907,889.505917026277,11242.1961547273,1497.9557078829,1861,65535,2274,413,0,0,0,1,1,1,
908,889.619451847682,11240.7614055995,1499.39045701072,1825,65535,2234,409,0,0,0,1,1,1,
909,889.732974750072,11239.3271731994,1500.82468941082,1926.5,65535,2335,408.5,0,0,0,1,1,1,
910,889.846485729727,11237.8934573185,1502.25840529165,1960.5,65535,2416,455.5,0,0,0,1,1,1,
911,889.959984782929,11236.4602577487,1503.69160486153,1880.5,65535,2280,399.5,0,0,0,1,1,1,
912,890.073471905961,11235.0275742816,1505.12428832864,1878.5,65535,2316,437.5,0,0,0,1,1,1,
913,890.186947095103,11233.5954067092,1506.55645590104,1818.5,65535,2230,411.5,0,0,0,1,1,1,
914,890.300410346636,11232.1637548235,1507.98810778668,1818,65535,2271.5,453.5,0,0,0,1,1,1,
915,890.413861656844,11230.7326184168,1509.41924419338,2001,65535,2390.5,389.5,0,0,0,1,1,1,
916,890.527301022006,11229.3019972814,1510.84986532883,1929.5,65535,2353.5,424,0,0,0,1,1,1,
917,890.640728438404,11227.8718912096,1512.2799714006,1863.5,65535,2297.5,434,0,0,0,1,1,1,
918,890.75414390232,11226.4422999941,1513.70956261615,1852.5,65535,2245.5,393,0,0,0,1,1,1,
919,890.867547410036,11225.0132234274,1515.13863918279,1866.5,65535,2290,423.5,0,0,0,1,1,1,
920,890.980938957832,11223.5846613025,1516.56720130773,1920.5,65535,2294,373.5,0,0,0,1,1,1,
921,891.094318541991,11222.1566134122,1517.99524919805,1866,65535,2279,413,0,0,0,1,1,1,
922,891.207686158794,11220.7290795495,1519.4227830607,1861.5,65535,2266.5,405,0,0,0,1,1,1,
923,891.321041804521,11219.3020595077,1520.84980310252,1922,65535,2277.5,355.5,0,0,0,1,1,1,
924,891.434385475456,11217.87555308,1522.27630953022,1906.5,65535,2282.5,376,0,0,0,1,1,1,
925,891.547717167879,11216.4495600598,1523.70230255038,1797.5,65535,2213,415.5,0,0,0,1,1,1,
926,891.661036878072,11215.0240802407,1525.12778236947,1784.5,65535,2196.5,412,0,0,0,1,1,1,
927,891.774344602317,11213.5991134164,1526.55274919384,1886,65535,2231,345,0,0,0,1,1,1,
928,891.887640336894,11212.1746593805,1527.97720322969,1872,65535,2244,372,0,0,0,1,1,1,
929,892.000924078085,11210.7507179271,1529.40114468314,1844,65535,2258,414,0,0,0,1,1,1,
930,892.114195822173,11209.3272888501,1530.82457376015,1871.5,65535,2299,427.5,0,0,0,1,1,1,
931,892.227455565437,11207.9043719436,1532.24749066658,1888,65535,2273.5,385.5,0,0,0,1,1,1,
932,892.34070330416,11206.481967002,1533.66989560815,1797.5,65535,2178,380.5,0,0,0,1,1,1,
933,892.453939034624,11205.0600738197,1535.09178879049,1796,65535,2200.5,404.5,0,0,0,1,1,1,
934,892.56716275311,11203.6386921911,1536.51317041907,1838.5,65535,2244,405.5,0,0,0,1,1,1,
935,892.680374455898,11202.2178219109,1537.93404069926,1867,65535,2293,426,0,0,0,1,1,1,
936,892.793574139272,11200.7974627739,1539.3543998363,1669.5,65535,2097.5,428,0,0,0,1,1,1,
937,892.906761799512,11199.3776145749,1540.77424803532,1766,65535,2109.5,343.5,0,0,0,1,1,1,
938,893.019937432899,11197.9582771089,1542.19358550131,1763,65535,2183.5,420.5,0,0,0,1,1,1,
939,893.133101035716,11196.539450171,1543.61241243916,1754,65535,2208,454,0,0,0,1,1,1,
940,893.246252604244,11195.1211335566,1545.03072905361,1811,65535,2185,374,0,0,0,1,1,1,
941,893.359392134764,11193.7033270609,1546.44853554932,1805,65535,2216,411,0,0,0,1,1,1,
942,893.472519623558,11192.2860304794,1547.86583213078,1761,65535,2138.5,377.5,0,0,0,1,1,1,
943,893.585635066907,11190.8692436078,1549.28261900239,1860.5,65535,2274,413.5,0,0,0,1,1,1,
944,893.698738461093,11189.4529662418,1550.69889636843,1849.5,65535,2240.5,391,0,0,0,1,1,1,
945,893.811829802397,11188.0371981772,1552.11466443305,1766,65535,2158,392,0,0,0,1,1,1,
946,893.9249090871,11186.6219392099,1553.52992340027,1743.5,65535,2081,337.5,0,0,0,1,1,1,
947,894.037976311486,11185.2071891362,1554.94467347401,1888.5,65535,2292,403.5,0,0,0,1,1,1,
948,894.151031471833,11183.7929477521,1556.35891485805,1785,65535,2185.5,400.5,0,0,0,1,1,1,
949,894.264074564425,11182.3792148541,1557.77264775607,1809,65535,2212.5,403.5,0,0,0,1,1,1,
950,894.377105585543,11180.9659902386,1559.1858723716,1763.5,65535,2147.5,384,0,0,0,1,1,1,
951,894.490124531468,11179.5532737021,1560.59858890807,1678.5,65535,2060,381.5,0,0,0,1,1,1,
952,894.603131398482,11178.1410650414,1562.0107975688,1694,65535,2098,404,0,0,0,1,1,1,
953,894.716126182866,11176.7293640532,1563.42249855697,1668,65535,2089,421,0,0,0,1,1,1,
954,894.829108880902,11175.3181705346,1564.83369207563,1780,65535,2151,371,0,0,0,1,1,1,
955,894.942079488871,11173.9074842825,1566.24437832774,1773,65535,2163.5,390.5,0,0,0,1,1,1,
956,895.055038003054,11172.4973050941,1567.65455751613,1658.5,65535,2049.5,391,0,0,0,1,1,1,
957,895.167984419734,11171.0876327667,1569.06422984349,1627.5,65535,2027.5,400,0,0,0,1,1,1,
958,895.280918735192,11169.6784670978,1570.47339551241,1599.5,65535,2020.5,421,0,0,0,1,1,1,
959,895.393840945709,11168.2698078848,1571.88205472536,1596.5,65535,1999,402.5,0,0,0,1,1,1,
960,895.506751047566,11166.8616549255,1573.29020768468,1790,65535,2185,395,0,0,0,1,1,1,
961,895.619649037046,11165.4540080176,1574.6978545926,1671,65535,2087,416,0,0,0,1,1,1,
962,895.732534910429,11164.046866959,1576.10499565123,1724.5,65535,2138,413.5,0,0,0,1,1,1,
963,895.845408663998,11162.6402315477,1577.51163106254,1816.5,65535,2212.5,396,0,0,0,1,1,1,
964,895.958270294033,11161.2341015818,1578.91776102841,1711,65535,2093.5,382.5,0,0,0,1,1,1,
965,896.071119796817,11159.8284768596,1580.32338575059,1604.5,65535,1997,392.5,0,0,0,1,1,1,
966,896.18395716863,11158.4233571795,1581.72850543069,1516,65535,1899.5,383.5,0,0,0,1,1,1,
967,896.296782405754,11157.01874234,1583.13312027024,1627.5,65535,2032.5,405,0,0,0,1,1,1,
968,896.409595504471,11155.6146321396,1584.53723047062,1561,65535,1953,392,0,0,0,1,1,1,
969,896.522396461062,11154.2110263771,1585.94083623311,1648,65535,2086,438,0,0,0,1,1,1,
970,896.635185271809,11152.8079248514,1587.34393775884,1810.5,65535,2218.5,408,0,0,0,1,1,1,
971,896.747961932993,11151.4053273613,1588.74653524887,1694.5,65535,2042,347.5,0,0,0,1,1,1,
972,896.860726440896,11150.0032337061,1590.14862890409,1664.5,65535,2065.5,401,0,0,0,1,1,1,
973,896.973478791799,11148.6016436849,1591.55021892531,1475.5,65535,1843.5,368,0,0,0,1,1,1,
974,897.086218981983,11147.200557097,1592.95130551321,1519,65535,1904,385,0,0,0,1,1,1,
975,897.198947007731,11145.7999737419,1594.35188886833,1605,65535,1987.5,382.5,0,0,0,1,1,1,
976,897.311662865323,11144.3998934191,1595.75196919113,1496.5,65535,1856,359.5,0,0,0,1,1,1,
977,897.424366551041,11143.0003159283,1597.15154668191,2186,65535,2572.5,386.5,0,0,0,1,1,1,
978,897.537058061167,11141.6012410693,1598.55062154089,1697.5,65535,2100,402.5,0,0,0,1,1,1,
979,897.649737391983,11140.2026686421,1599.94919396815,1751.5,65535,2134.5,383,0,0,0,1,1,1,
980,897.762404539768,11138.8045984465,1601.34726416366,1663.5,65535,2053.5,390,0,0,0,1,1,1,
981,897.875059500806,11137.4070302829,1602.74483232725,1550.5,65535,1930,379.5,0,0,0,1,1,1,
982,897.987702271378,11136.0099639515,1604.14189865868,1477.5,65535,1860.5,383,0,0,0,1,1,1,
983,898.100332847765,11134.6133992527,1605.53846335753,1822.5,65535,2166.5,344,0,0,0,1,1,1,
984,898.212951226248,11133.2173359869,1606.93452662332,1837.5,65535,2222,384.5,0,0,0,1,1,1,
985,898.325557403109,11131.8217739548,1608.33008865542,1736.5,65535,2129.5,393,0,0,0,1,1,1,
986,898.43815137463,11130.4267129571,1609.72514965308,2151,65535,2482.5,331.5,0,0,0,1,1,1,
987,898.550733137092,11129.0321527948,1611.11970981545,1404,65535,1778,374,0,0,0,1,1,1,
988,898.663302686777,11127.6380932687,1612.51376934155,1309.5,65535,1686,376.5,0,0,0,1,1,1,
989,898.775860019966,11126.2445341799,1613.90732843029,1365,65535,1721.5,356.5,0,0,0,1,1,1,
990,898.88840513294,11124.8514753298,1615.30038728045,1348.5,65535,1707.5,359,0,0,0,1,1,1,
991,899.000938021982,11123.4589165195,1616.69294609071,1307,65535,1673,366,0,0,0,1,1,1,
992,899.113458683372,11122.0668575506,1618.08500505963,1416,65535,1767.5,351.5,0,0,0,1,1,1,
993,899.225967113392,11120.6752982246,1619.47656438563,1664.5,65535,2014.5,350,0,0,0,1,1,1,
994,899.338463308324,11119.2842383432,1620.86762426705,1804,65535,2175.5,371.5,0,0,0,1,1,1,
995,899.450947264449,11117.8936777081,1622.25818490208,1818,65535,2182,364,0,0,0,1,1,1,
996,899.563418978048,11116.5036161214,1623.6482464888,1791.5,65535,2171,379.5,0,0,0,1,1,1,
997,899.675878445403,11115.114053385,1625.0378092252,1808,65535,2160,352,0,0,0,1,1,1,
998,899.788325662796,11113.7249893011,1626.42687330912,1517.5,65535,1875.5,358,0,0,0,1,1,1,
999,899.900760626508,11112.3364236719,1627.8154389383,1396,65535,1736.5,340.5,0,0,0,1,1,1,
1000,900.013183332821,11110.9483562998,1629.20350631036,1702.5,65535,2006,303.5,0,0,0,1,1,1,
1001,900.125593778016,11109.5607869874,1630.59107562279,1581.5,65535,1917,335.5,0,0,0,1,1,1,
1002,900.237991958374,11108.1737155372,1631.978147073,1506.5,65535,1859,352.5,0,0,0,1,1,1,
1003,900.350377870177,11106.787141752,1633.36472085824,1535.5,65535,1907.5,372,0,0,0,1,1,1,
1004,900.462751509707,11105.4010654345,1634.75079717568,1567.5,65535,1902.5,335,0,0,0,1,1,1,
1005,900.575112873245,11104.0154863879,1636.13637622235,1478.5,65535,1808,329.5,0,0,0,1,1,1,
1006,900.687461957072,11102.630404415,1637.52145819517,1674.5,65535,2053.5,379,0,0,0,1,1,1,
1007,900.799798757471,11101.2458193193,1638.90604329095,1640.5,65535,2012.5,372,0,0,0,1,1,1,
1008,900.912123270722,11099.8617309038,1640.29013170637,1640.5,65535,1994,353.5,0,0,0,1,1,1,
1009,901.024435493106,11098.4781389722,1641.67372363801,1535.5,65535,1857.5,322,0,0,0,1,1,1,
1010,901.136735420907,11097.0950433279,1643.05681928234,1504.5,65535,1832.5,328,0,0,0,1,1,1,
1011,901.249023050404,11095.7124437745,1644.43941883568,1632,65535,1989.5,357.5,0,0,0,1,1,1,
1012,901.36129837788,11094.3303401159,1645.82152249428,1587,65535,1947.5,360.5,0,0,0,1,1,1,
1013,901.473561399617,11092.948732156,1647.20313045424,1437.5,65535,1799.5,362,0,0,0,1,1,1,
1014,901.585812111894,11091.5676196987,1648.58424291155,1389,65535,1718,329,0,0,0,1,1,1,
1015,901.698050510994,11090.1870025481,1649.96486006209,1538,65535,1882.5,344.5,0,0,0,1,1,1,
1016,901.810276593199,11088.8068805086,1651.34498210164,1726,65535,2099,373,0,0,0,1,1,1,
1017,901.92249035479,11087.4272533844,1652.72460922584,1686,65535,2012.5,326.5,0,0,0,1,1,1,
1018,902.034691792049,11086.04812098,1654.10374163022,1545,65535,1904.5,359.5,0,0,0,1,1,1,
1019,902.146880901256,11084.6694831,1655.48237951021,1511.5,65535,1865.5,354,0,0,0,1,1,1,
1020,902.259057678694,11083.2913395491,1656.8605230611,1542.5,65535,1916.5,374,0,0,0,1,1,1,
1021,902.371222120644,11081.9136901321,1658.2381724781,1440.5,65535,1790,349.5,0,0,0,1,1,1,
1022,902.483374223388,11080.5365346539,1659.61532795627,1433.5,65535,1758.5,325,0,0,0,1,1,1,
1023,902.595513983206,11079.1598729196,1660.99198969058,1615,65535,1980.5,365.5,0,0,0,1,1,1,
1024,902.707641396381,11077.7837047343,1662.36815787586,1682.5,65535,2062,379.5,0,0,0,1,1,1,
1025,902.819756459193,11076.4080299034,1663.74383270685,1620,65535,1985,365,0,0,0,1,1,1,
1026,902.931859167926,11075.032848232,1665.11901437817,1528.5,65535,1860.5,332,0,0,0,1,1,1,
1027,903.043949518859,11073.6581595259,1666.49370308431,1657,65535,2023.5,366.5,0,0,0,1,1,1,
1028,903.156027508274,11072.2839635905,1667.86789901967,1713,65535,2040,327,0,0,0,1,1,1,
1029,903.268093132454,11070.9102602317,1669.24160237851,1739,65535,2098,359,0,0,0,1,1,1,
1030,903.380146387679,11069.5370492552,1670.614813355,1753.5,65535,2076,322.5,0,0,0,1,1,1,
1031,903.492187270231,11068.164330467,1671.98753214318,1795.5,65535,2111.5,316,0,0,0,1,1,1,
1032,903.604215776391,11066.7921036732,1673.35975893698,1723,65535,2088,365,0,0,0,1,1,1,
1033,903.716231902442,11065.42036868,1674.73149393022,1745.5,65535,2060.5,315,0,0,0,1,1,1,
1034,903.828235644663,11064.0491252936,1676.1027373166,1646,65535,1990,344,0,0,0,1,1,1,
1035,903.940226999338,11062.6783733205,1677.4734892897,1653.5,65535,1977,323.5,0,0,0,1,1,1,
1036,904.052205962747,11061.3081125672,1678.84375004301,1523,65535,1870.5,347.5,0,0,0,1,1,1,
1037,904.164172531172,11059.9383428403,1680.21351976988,1550,65535,1909,359,0,0,0,1,1,1,
1038,904.276126700895,11058.5690639466,1681.58279866357,1782.5,65535,2111,328.5,0,0,0,1,1,1,
1039,904.388068468196,11057.200275693,1682.9515869172,1766,65535,2086.5,320.5,0,0,0,1,1,1,
1040,904.499997829358,11055.8319778864,1684.31988472379,1796,65535,2138,342,0,0,0,1,1,1,
1041,904.611914780661,11054.4641703339,1685.68769227626,1687,65535,2014.5,327.5,0,0,0,1,1,1,
1042,904.723819318388,11053.0968528428,1687.0550097674,1714,65535,2023.5,309.5,0,0,0,1,1,1,
1043,904.83571143882,11051.7300252203,1688.42183738988,1738.5,65535,2057,318.5,0,0,0,1,1,1,
1044,904.947591138239,11050.3636872739,1689.78817533628,1655,65535,1980.5,325.5,0,0,0,1,1,1,
1045,905.059458412925,11048.9978388112,1691.15402379905,1616,65535,1953.5,337.5,0,0,0,1,1,1,
1046,905.171313259161,11047.6324796397,1692.51938297053,1546.5,65535,1855,308.5,0,0,0,1,1,1,
1047,905.283155673227,11046.2676095673,1693.88425304294,1671.5,65535,1994,322.5,0,0,0,1,1,1,
1048,905.394985651406,11044.9032284018,1695.24863420842,1742,65535,2049.5,307.5,0,0,0,1,1,1,
1049,905.506803189979,11043.5393359513,1696.61252665895,1893.5,65535,2177.5,284,0,0,0,1,1,1,
1050,905.618608285227,11042.1759320238,1697.97593058642,1708.5,65535,2076,367.5,0,0,0,1,1,1,
1051,905.730400933431,11040.8130164276,1699.33884618262,1741.5,65535,2049.5,308,0,0,0,1,1,1,
1052,905.842181130875,11039.450588971,1700.70127363922,1603.5,65535,1903.5,300,0,0,0,1,1,1,
1053,905.953948873838,11038.0886494625,1702.06321314775,1733.5,65535,2083,349.5,0,0,0,1,1,1,
1054,906.065704158603,11036.7271977105,1703.42466489967,1436,65535,1766,330,0,0,0,1,1,1,
1055,906.17744698145,11035.3662335239,1704.78562908629,1514,65535,1821.5,307.5,0,0,0,1,1,1,
1056,906.289177338662,11034.0057567114,1706.14610589884,1594,65535,1901,307,0,0,0,1,1,1,
1057,906.400895226519,11032.6457670818,1707.50609552842,1637,65535,1972.5,335.5,0,0,0,1,1,1,
1058,906.512600641304,11031.2862644442,1708.86559816601,1677.5,65535,1979.5,302,0,0,0,1,1,1,
1059,906.624293579298,11029.9272486077,1710.22461400251,1561,65535,1897.5,336.5,0,0,0,1,1,1,
1060,906.735974036782,11028.5687193815,1711.58314322867,1418,65535,1753.5,335.5,0,0,0,1,1,1,
1061,906.847642010038,11027.2106765751,1712.94118603515,1491,65535,1784.5,293.5,0,0,0,1,1,1,
1062,906.959297495347,11025.8531199977,1714.29874261249,1533.5,65535,1865.5,332,0,0,0,1,1,1,
1063,907.070940488991,11024.4960494591,1715.65581315114,1461.5,65535,1773,311.5,0,0,0,1,1,1,
1064,907.182570987251,11023.1394647688,1717.0123978414,1412,65535,1721,309,0,0,0,1,1,1,
1065,907.294188986409,11021.7833657367,1718.36849687348,1490,65535,1816.5,326.5,0,0,0,1,1,1,
1066,907.405794482747,11020.4277521727,1719.72411043748,1639,65535,1939.5,300.5,0,0,0,1,1,1,
1067,907.517387472545,11019.0726238868,1721.0792387234,1648.5,65535,1947,298.5,0,0,0,1,1,1,
1068,907.628967952086,11017.7179806891,1722.43388192109,1608.5,65535,1880,271.5,0,0,0,1,1,1,
1069,907.74053591765,11016.3638223899,1723.78804022032,1420.5,65535,1709.5,289,0,0,0,1,1,1,
1070,907.85209136552,11015.0101487994,1725.14171381076,1299.5,65535,1608.5,309,0,0,0,1,1,1,
1071,907.963634291976,11013.6569597283,1726.49490288193,1427.5,65535,1722,294.5,0,0,0,1,1,1,
1072,908.075164693301,11012.3042549869,1727.84760762327,1530.5,65535,1834.5,304,0,0,0,1,1,1,
1073,908.186682565776,11010.9520343861,1729.19982822409,1711.5,65535,2022,310.5,0,0,0,1,1,1,
1074,908.298187905681,11009.6002977366,1730.55156487361,1672.5,65535,1954.5,282,0,0,0,1,1,1,
1075,908.4096807093,11008.2490448493,1731.90281776091,1581,65535,1877.5,296.5,0,0,0,1,1,1,
1076,908.521160972913,11006.8982755352,1733.25358707499,1428,65535,1706,278,0,0,0,1,1,1,
1077,908.632628692802,11005.5479896055,1734.60387300473,1486,65535,1779,293,0,0,0,1,1,1,
1078,908.744083865247,11004.1981868713,1735.95367573888,1562,65535,1812,250,0,0,0,1,1,1,
1079,908.855526486532,11002.8488671441,1737.30299546609,1519.5,65535,1763.5,244,0,0,0,1,1,1,
1080,908.966956552937,11001.5000302353,1738.65183237493,1606,65535,1882.5,276.5,0,0,0,1,1,1,
1081,909.078374060743,11000.1516759564,1740.00018665381,1539.5,65535,1841.5,302,0,0,0,1,1,1,
1082,909.189779006233,10998.8038041191,1741.34805849106,1529,65535,1783.5,254.5,0,0,0,1,1,1,
1083,909.301171385688,10997.4564145353,1742.6954480749,1453,65535,1741.5,288.5,0,0,0,1,1,1,
1084,909.412551195389,10996.1095070168,1744.04235559342,1479.5,65535,1767.5,288,0,0,0,1,1,1,
1085,909.523918431617,10994.7630813756,1745.38878123462,1597,65535,1865,268,0,0,0,1,1,1,
1086,909.635273090655,10993.4171374238,1746.73472518639,1566.5,65535,1883.5,317,0,0,0,1,1,1,
1087,909.746615168784,10992.0716749737,1748.08018763649,1398.5,65535,1692,293.5,0,0,0,1,1,1,
1088,909.857944662285,10990.7266938376,1749.42516877259,1403.5,65535,1674.5,271,0,0,0,1,1,1,
1089,909.969261567439,10989.382193828,1750.76966878224,1523.5,65535,1769.5,246,0,0,0,1,1,1,
1090,910.080565880529,10988.0381747573,1752.11368785288,1664.5,65535,1950,285.5,0,0,0,1,1,1,
1091,910.191857597835,10986.6946364384,1753.45722617185,1583.5,65535,1913,329.5,0,0,0,1,1,1,
1092,910.30313671564,10985.3515786838,1754.80028392637,1701.5,65535,1964.5,263,0,0,0,1,1,1,
1093,910.414403230224,10984.0090013066,1756.14286130356,1529.5,65535,1824.5,295,0,0,0,1,1,1,
1094,910.52565713787,10982.6669041198,1757.48495849042,1307.5,65535,1587,279.5,0,0,0,1,1,1,
1095,910.636898434858,10981.3252869364,1758.82657567385,1374.5,65535,1675,300.5,0,0,0,1,1,1,
1096,910.748127117471,10979.9841495696,1760.16771304063,1558,65535,1853,295,0,0,0,1,1,1,
1097,910.859343181989,10978.6434918328,1761.50837077745,1755,65535,2047,292,0,0,0,1,1,1,
1098,910.970546624694,10977.3033135393,1762.84854907086,1614.5,65535,1938,323.5,0,0,0,1,1,1,
1099,911.081737441868,10975.9636145029,1764.18824810734,1637,65535,1935,298,0,0,0,1,1,1,
1100,911.192915629793,10974.624394537,1765.52746807322,1638.5,65535,1954,315.5,0,0,0,1,1,1,
1101,911.304081184748,10973.2856534555,1766.86620915475,1617,65535,1908.5,291.5,0,0,0,1,1,1,
1102,911.415234103017,10971.9473910721,1768.20447153807,1674,65535,1959.5,285.5,0,0,0,1,1,1,
1103,911.526374380881,10970.609607201,1769.54225540919,1467,65535,1749,282,0,0,0,1,1,1,
1104,911.637502014621,10969.2723016562,1770.87956095404,1436,65535,1723.5,287.5,0,0,0,1,1,1,
1105,911.748617000519,10967.9354742518,1772.21638835841,1411.5,65535,1702,290.5,0,0,0,1,1,1,
1106,911.859719334855,10966.5991248022,1773.55273780801,1477.5,65535,1757.5,280,0,0,0,1,1,1,
1107,911.970809013913,10965.2632531218,1774.88860948842,1637,65535,1924.5,287.5,0,0,0,1,1,1,
1108,912.081886033972,10963.9278590251,1776.22400358513,1672,65535,1935.5,263.5,0,0,0,1,1,1,
1109,912.192950391315,10962.5929423267,1777.55892028351,1622.5,65535,1918,295.5,0,0,0,1,1,1,
1110,912.304002082224,10961.2585028414,1778.89335976882,1487.5,65535,1758,270.5,0,0,0,1,1,1,
1111,912.415041102979,10959.924540384,1780.22732222622,1591.5,65535,1899,307.5,0,0,0,1,1,1,
1112,912.526067449862,10958.5910547695,1781.56080784075,1608.5,65535,1854,245.5,0,0,0,1,1,1,
1113,912.637081119154,10957.2580458128,1782.89381679736,1514.5,65535,1797,282.5,0,0,0,1,1,1,
1114,912.748082107138,10955.9255133293,1784.22634928089,1338,65535,1584,246,0,0,0,1,1,1,
1115,912.859070410095,10954.5934571342,1785.55840547604,1375.5,65535,1653.5,278,0,0,0,1,1,1,
1116,912.970046024305,10953.2618770428,1786.88998556744,1350,65535,1626,276,0,0,0,1,1,1,
1117,913.081008946052,10951.9307728706,1788.2210897396,1432.5,65535,1677,244.5,0,0,0,1,1,1,
1118,913.191959171615,10950.6001444333,1789.55171817692,1574,65535,1844.5,270.5,0,0,0,1,1,1,
1119,913.302896697277,10949.2699915465,1790.88187106369,1440,65535,1673.5,233.5,0,0,0,1,1,1,
1120,913.413821519319,10947.9403140261,1792.21154858409,1398,65535,1690,292,0,0,0,1,1,1,
1121,913.524733634023,10946.611111688,1793.54075092222,1391,65535,1677.5,286.5,0,0,0,1,1,1,
1122,913.635633037669,10945.2823843482,1794.86947826202,1422.5,65535,1698.5,276,0,0,0,1,1,1,
1123,913.746519726541,10943.9541318228,1796.19773078738,1601,65535,1876.5,275.5,0,0,0,1,1,1,
1124,913.857393696918,10942.6263539282,1797.52550868204,1603,65535,1864,261,0,0,0,1,1,1,
1125,913.968254945083,10941.2990504805,1798.85281212966,1529,65535,1841.5,312.5,0,0,0,1,1,1,
1126,914.079103467317,10939.9722212964,1800.17964131377,1547,65535,1837.5,290.5,0,0,0,1,1,1,
1127,914.189939259902,10938.6458661924,1801.50599641781,1466.5,65535,1723,256.5,0,0,0,1,1,1,
1128,914.300762319119,10937.3199849851,1802.83187762511,1507.5,65535,1796,288.5,0,0,0,1,1,1,
1129,914.411572641249,10935.9945774913,1804.15728511889,1602.5,65535,1826,223.5,0,0,0,1,1,1,
1130,914.522370222575,10934.6696435279,1805.48221908227,1612.5,65535,1891,278.5,0,0,0,1,1,1,
1131,914.633155059376,10933.345182912,1806.80667969824,1587,65535,1850,263,0,0,0,1,1,1,
1132,914.743927147936,10932.0211954605,1808.13066714972,1544,65535,1847.5,303.5,0,0,0,1,1,1,
1133,914.854686484536,10930.6976809907,1809.4541816195,1507.5,65535,1769,261.5,0,0,0,1,1,1,
1134,914.965433065457,10929.37463932,1810.77722329025,1386.5,65535,1618,231.5,0,0,0,1,1,1,
1135,915.07616688698,10928.0520702656,1812.09979234457,1319.5,65535,1587.5,268,0,0,0,1,1,1,
1136,915.186887945387,10926.7299736453,1813.42188896493,1350.5,65535,1591.5,241,0,0,0,1,1,1,
1137,915.29759623696,10925.4083492765,1814.74351333369,1475,65535,1759,284,0,0,0,1,1,1,
1138,915.40829175798,10924.0871969771,1816.06466563313,1342,65535,1592.5,250.5,0,0,0,1,1,1,
1139,915.518974504728,10922.7665165648,1817.38534604539,1397,65535,1659.5,262.5,0,0,0,1,1,1,
1140,915.629644473486,10921.4463078577,1818.70555475252,1575.5,65535,1846.5,271,0,0,0,1,1,1,
1141,915.740301660536,10920.1265706737,1820.02529193647,1554,65535,1801.5,247.5,0,0,0,1,1,1,
1142,915.850946062159,10918.8073048311,1821.34455777908,1440,65535,1693,253,0,0,0,1,1,1,
1143,915.961577674637,10917.4885101481,1822.66335246207,1494,65535,1765.5,271.5,0,0,0,1,1,1,
1144,916.07219649425,10916.1701864431,1823.98167616708,1569.5,65535,1831.5,262,0,0,0,1,1,1,
1145,916.182802517281,10914.8523335346,1825.29952907562,1495.5,65535,1737,241.5,0,0,0,1,1,1,
1146,916.293395740011,10913.5349512411,1826.61691136911,1536,65535,1745,209,0,0,0,1,1,1,
1147,916.403976158722,10912.2180393814,1827.93382322885,1627,65535,1888,261,0,0,0,1,1,1,
1148,916.514543769694,10910.9015977741,1829.25026483606,1624,65535,1851.5,227.5,0,0,0,1,1,1,
1149,916.62509856921,10909.5856262384,1830.56623637182,1482,65535,1712,230,0,0,0,1,1,1,
1150,916.735640553551,10908.2701245931,1831.88173801713,1445.5,65535,1640.5,195,0,0,0,1,1,1,
1151,916.846169718999,10906.9550926573,1833.19676995287,1551.5,65535,1785.5,234,0,0,0,1,1,1,
1152,916.956686061834,10905.6405302504,1834.51133235984,1554,65535,1789,235,0,0,0,1,1,1,
1153,917.067189578339,10904.3264371915,1835.82542541869,1526.5,65535,1766,239.5,0,0,0,1,1,1,
1154,917.177680264795,10903.0128133002,1837.13904931002,1361.5,65535,1602,240.5,0,0,0,1,1,1,
1155,917.288158117484,10901.6996583959,1838.45220421428,1321.5,65535,1550.5,229,0,0,0,1,1,1,
1156,917.398623132686,10900.3869722984,1839.76489031182,1339,65535,1580.5,241.5,0,0,0,1,1,1,
1157,917.509075306684,10899.0747548273,1841.07710778292,1411.5,65535,1663,251.5,0,0,0,1,1,1,
1158,917.619514635759,10897.7630058025,1842.38885680772,1394,65535,1625,231,0,0,0,1,1,1,
1159,917.729941116192,10896.4517250439,1843.70013756627,1488,65535,1704,216,0,0,0,1,1,1,
1160,917.840354744265,10895.1409123717,1845.0109502385,1632.5,65535,1821.5,189,0,0,0,1,1,1,
1161,917.95075551626,10893.8305676059,1846.32129500426,1537,65535,1771.5,234.5,0,0,0,1,1,1,
1162,918.061143428457,10892.5206905669,1847.63117204328,1516.5,65535,1735.5,219,0,0,0,1,1,1,
1163,918.171518477139,10891.211281075,1848.94058153519,1500,65535,1757.5,257.5,0,0,0,1,1,1,
1164,918.281880658587,10889.9023389507,1850.2495236595,1429,65535,1664.5,235.5,0,0,0,1,1,1,
1165,918.392229969083,10888.5938640146,1851.55799859565,1393,65535,1623.5,230.5,0,0,0,1,1,1,
1166,918.502566404907,10887.2858560873,1852.86600652294,1545,65535,1799,254,0,0,0,1,1,1,
1167,918.612889962342,10885.9783149896,1854.17354762058,1524.5,65535,1775,250.5,0,0,0,1,1,1,
1168,918.723200637669,10884.6712405425,1855.48062206769,1645,65535,1885.5,240.5,0,0,0,1,1,1,
1169,918.833498427169,10883.3646325669,1856.78723004326,1681.5,65535,1938.5,257,0,0,0,1,1,1,
1170,918.943783327124,10882.058490884,1858.0933717262,1520.5,65535,1790.5,270,0,0,0,1,1,1,
1171,919.054055333816,10880.7528153149,1859.39904729529,1573.5,65535,1828.5,255,0,0,0,1,1,1,
1172,919.164314443525,10879.447605681,1860.70425692923,1451,65535,1715,264,0,0,0,1,1,1,
1173,919.274560652534,10878.1428618036,1862.0090008066,1639,65535,1834.5,195.5,0,0,0,1,1,1,
1174,919.384793957124,10876.8385835043,1863.3132791059,1493,65535,1694,201,0,0,0,1,1,1,
1175,919.495014353576,10875.5347706047,1864.61709200548,1463,65535,1685,222,0,0,0,1,1,1,
1176,919.605221838172,10874.2314229266,1865.92043968364,1575,65535,1785.5,210.5,0,0,0,1,1,1,
1177,919.715416407193,10872.9285402917,1867.22332231854,1597.5,65535,1813,215.5,0,0,0,1,1,1,
1178,919.825598056922,10871.6261225219,1868.52574008826,1607,65535,1817,210,0,0,0,1,1,1,
1179,919.935766783638,10870.3241694395,1869.82769317075,1612,65535,1855.5,243.5,0,0,0,1,1,1,
1180,920.045922583625,10869.0226808663,1871.12918174388,1595,65535,1831,236,0,0,0,1,1,1,
1181,920.156065453163,10867.7216566248,1872.43020598541,1612,65535,1818.5,206.5,0,0,0,1,1,1,
1182,920.266195388533,10866.4210965372,1873.73076607299,1581,65535,1806,225,0,0,0,1,1,1,
1183,920.376312386019,10865.121000426,1875.03086218417,1581,65535,1770,189,0,0,0,1,1,1,
1184,920.4864164419,10863.8213681138,1876.33049449641,1510,65535,1738,228,0,0,0,1,1,1,
1185,920.596507552458,10862.5221994232,1877.62966318705,1539.5,65535,1755,215.5,0,0,0,1,1,1,
1186,920.706585713976,10861.2234941769,1878.92836843333,1517.5,65535,1741,223.5,0,0,0,1,1,1,
1187,920.816650922733,10859.9252521978,1880.2266104124,1613,65535,1811,198,0,0,0,1,1,1,
1188,920.926703175013,10858.6274733089,1881.52438930128,1596.5,65535,1809,212.5,0,0,0,1,1,1,
1189,921.036742467096,10857.3301573333,1882.82170527693,1538,65535,1779,241,0,0,0,1,1,1,
1190,921.146768795263,10856.033304094,1884.11855851615,1603.5,65535,1802,198.5,0,0,0,1,1,1,
1191,921.256782155797,10854.7369134145,1885.4149491957,1538.5,65535,1758,219.5,0,0,0,1,1,1,
1192,921.366782544979,10853.440985118,1886.71087749218,1446,65535,1666,220,0,0,0,1,1,1,
1193,921.47676995909,10852.1455190281,1888.00634358213,1454.5,65535,1685,230.5,0,0,0,1,1,1,
1194,921.586744394412,10850.8505149682,1889.30134764197,1449,65535,1654.5,205.5,0,0,0,1,1,1,
1195,921.696705847227,10849.5559727622,1890.59588984803,1573,65535,1772.5,199.5,0,0,0,1,1,1,
1196,921.806654313815,10848.2618922337,1891.8899703765,1537.5,65535,1777.5,240,0,0,0,1,1,1,
1197,921.916589790458,10846.9682732067,1893.18358940352,1569,65535,1810,241,0,0,0,1,1,1,
1198,922.026512273439,10845.6751155051,1894.47674710509,1567.5,65535,1789,221.5,0,0,0,1,1,1,
1199,922.136421759037,10844.3824189531,1895.76944365713,1555.5,65535,1750.5,195,0,0,0,1,1,1,
1200,922.246318243536,10843.0901833748,1897.06167923544,1646,65535,1881.5,235.5,0,0,0,1,1,1,
1201,922.356201723215,10841.7984085945,1898.35345401573,2186,65535,2436,250,0,0,0,1,1,1,
1202,922.466072194358,10840.5070944366,1899.64476817361,1591,65535,1785,194,0,0,0,1,1,1,
1203,922.575929653245,10839.2162407256,1900.93562188457,1588.5,65535,1804,215.5,0,0,0,1,1,1,
1204,922.685774096157,10837.9258472862,1902.22601532402,1555.5,65535,1765,209.5,0,0,0,1,1,1,
1205,922.795605519377,10836.6359139429,1903.51594866727,1454.5,65535,1657.5,203,0,0,0,1,1,1,
1206,922.905423919186,10835.3464405207,1904.8054220895,1535.5,65535,1749,213.5,0,0,0,1,1,1,
1207,923.015229291865,10834.0574268444,1906.09443576582,1563.5,65535,1775,211.5,0,0,0,1,1,1,
1208,923.125021633696,10832.768872739,1907.38298987122,1522,65535,1746.5,224.5,0,0,0,1,1,1,
1209,923.23480094096,10831.4807780296,1908.67108458059,1522.5,65535,1740.5,218,0,0,0,1,1,1,
1210,923.344567209939,10830.1931425415,1909.95872006873,1492,65535,1695,203,0,0,0,1,1,1,
1211,923.454320436914,10828.9059660999,1911.24589651033,1557,65535,1756,199,0,0,0,1,1,1,
1212,923.564060618167,10827.6192485302,1912.53261407997,1446.5,65535,1665.5,219,0,0,0,1,1,1,
1213,923.673787749978,10826.3329896581,1913.81887295215,1420.5,65535,1648.5,228,0,0,0,1,1,1,
1214,923.783501828631,10825.0471893089,1915.10467330126,1473.5,65535,1671.5,198,0,0,0,1,1,1,
1215,923.893202850407,10823.7618473086,1916.39001530157,1521.5,65535,1746,224.5,0,0,0,1,1,1,
1216,924.002890811585,10822.4769634829,1917.67489912729,1547,65535,1769.5,222.5,0,0,0,1,1,1,
1217,924.112565708449,10821.1925376577,1918.95932495248,1490,65535,1706,216,0,0,0,1,1,1,
1218,924.22222753728,10819.9085696591,1920.24329295115,1496.5,65535,1715.5,219,0,0,0,1,1,1,
1219,924.331876294359,10818.625059313,1921.52680329716,1408.5,65535,1611,202.5,0,0,0,1,1,1,
1220,924.441511975968,10817.3420064459,1922.8098561643,1425.5,65535,1609,183.5,0,0,0,1,1,1,
1221,924.551134578388,10816.0594108839,1924.09245172626,1493,65535,1722.5,229.5,0,0,0,1,1,1,
1222,924.660744097901,10814.7772724536,1925.37459015661,1636,65535,1840.5,204.5,0,0,0,1,1,1,
1223,924.770340530788,10813.4955909814,1926.65627162885,1548,65535,1749.5,201.5,0,0,0,1,1,1,
1224,924.87992387333,10812.2143662939,1927.93749631634,1477.5,65535,1707,229.5,0,0,0,1,1,1,
1225,924.98949412181,10810.9335982178,1929.21826439236,1449,65535,1638,189,0,0,0,1,1,1,
1226,925.099051272509,10809.6532865801,1930.49857603011,1562,65535,1732.5,170.5,0,0,0,1,1,1,
1227,925.208595321708,10808.3734312075,1931.77843140266,1477.5,65535,1670,192.5,0,0,0,1,1,1,
1228,925.318126265688,10807.0940319272,1933.05783068298,1503.5,65535,1719.5,216,0,0,0,1,1,1,
1229,925.427644100732,10805.8150885662,1934.33677404396,1448.5,65535,1653,204.5,0,0,0,1,1,1,
1230,925.53714882312,10804.5366009518,1935.61526165838,1463.5,65535,1664.5,201,0,0,0,1,1,1,
1231,925.646640429135,10803.2585689113,1936.89329369891,1599.5,65535,1778.5,179,0,0,0,1,1,1,
1232,925.756118915057,10801.9809922721,1938.17087033814,1664,65535,1848,184,0,0,0,1,1,1,
1233,925.865584277169,10800.7038708617,1939.44799174855,1470.5,65535,1674.5,204,0,0,0,1,1,1,
1234,925.975036511751,10799.4272045077,1940.72465810252,1397.5,65535,1601.5,204,0,0,0,1,1,1,
1235,926.084475615085,10798.1509930379,1942.00086957232,1496.5,65535,1690,193.5,0,0,0,1,1,1,
1236,926.193901583453,10796.8752362801,1943.27662633014,1424.5,65535,1637.5,213,0,0,0,1,1,1,
1237,926.303314413136,10795.5999340621,1944.55192854806,1537,65535,1752,215,0,0,0,1,1,1,
1238,926.412714100416,10794.3250862121,1945.82677639806,1549,65535,1767.5,218.5,0,0,0,1,1,1,
1239,926.522100641574,10793.0506925582,1947.10117005202,1528.5,65535,1751.5,223,0,0,0,1,1,1,
1240,926.631474032892,10791.7767529285,1948.37510968173,1525,65535,1730.5,205.5,0,0,0,1,1,1,
1241,926.740834270651,10790.5032671513,1949.64859545888,1531,65535,1727.5,196.5,0,0,0,1,1,1,
1242,926.850181351132,10789.2302350552,1950.92162755503,1505,65535,1693.5,188.5,0,0,0,1,1,1,
1243,926.959515270618,10787.9576564685,1952.19420614169,1501,65535,1669.5,168.5,0,0,0,1,1,1,
1244,927.068836025389,10786.68553122,1953.46633139023,1474.5,65535,1677.5,203,0,0,0,1,1,1,
1245,927.178143611727,10785.4138591383,1954.73800347195,1449.5,65535,1614.5,165,0,0,0,1,1,1,
1246,927.287438025914,10784.1426400522,1956.00922255803,1416.5,65535,1618.5,202,0,0,0,1,1,1,
1247,927.396719264231,10782.8718737906,1957.27998881956,1582.5,65535,1772.5,190,0,0,0,1,1,1,
1248,927.50598732296,10781.6015601827,1958.55030242753,1424.5,65535,1604.5,180,0,0,0,1,1,1,
1249,927.615242198382,10780.3316990574,1959.82016355283,1401.5,65535,1616,214.5,0,0,0,1,1,1,
1250,927.724483886779,10779.0622902439,1961.08957236626,1319.5,65535,1511.5,192,0,0,0,1,1,1,
1251,927.833712384431,10777.7933335717,1962.35852903851,1277.5,65535,1485,207.5,0,0,0,1,1,1,
1252,927.942927687621,10776.52482887,1963.62703374017,1442,65535,1647.5,205.5,0,0,0,1,1,1,
1253,928.052129792631,10775.2567759685,1964.89508664175,1476,65535,1649.5,173.5,0,0,0,1,1,1,
1254,928.161318695741,10773.9891746966,1966.16268791364,1428,65535,1585.5,157.5,0,0,0,1,1,1,
1255,928.270494393233,10772.7220248841,1967.42983772614,1345.5,65535,1527,181.5,0,0,0,1,1,1,
1256,928.379656881389,10771.4553263608,1968.69653624945,1351,65535,1538,187,0,0,0,1,1,1,
1257,928.488806156489,10770.1890789565,1969.96278365368,1320,65535,1529.5,209.5,0,0,0,1,1,1,
1258,928.597942214816,10768.9232825014,1971.22858010883,1337,65535,1520.5,183.5,0,0,0,1,1,1,
1259,928.707065052652,10767.6579368254,1972.49392578481,1385.5,65535,1578,192.5,0,0,0,1,1,1,
1260,928.816174666277,10766.3930417588,1973.75882085144,1386.5,65535,1592,205.5,0,0,0,1,1,1,
1261,928.925271051973,10765.1285971318,1975.02326547841,1354.5,65535,1511,156.5,0,0,0,1,1,1,
1262,929.034354206022,10763.8646027749,1976.28725983534,1331.5,65535,1497.5,166,0,0,0,1,1,1,
1263,929.143424124704,10762.6010585184,1977.55080409175,1406,65535,1571.5,165.5,0,0,0,1,1,1,
1264,929.252480804303,10761.3379641931,1978.81389841706,1344.5,65535,1525,180.5,0,0,0,1,1,1,
1265,929.361524241098,10760.0753196296,1980.07654298059,1244.5,65535,1405.5,161,0,0,0,1,1,1,
1266,929.470554431372,10758.8131246587,1981.33873795155,1342.5,65535,1537.5,195,0,0,0,1,1,1,
1267,929.579571371406,10757.5513791111,1982.60048349907,1312,65535,1492,180,0,0,0,1,1,1,
1268,929.688575057481,10756.290082818,1983.86177979219,1177.5,65535,1403.5,226,0,0,0,1,1,1,
1269,929.79756548588,10755.0292356104,1985.12262699982,1420,65535,1605.5,185.5,0,0,0,1,1,1,
1270,929.906542652883,10753.7688373194,1986.3830252908,1339,65535,1524,185,0,0,0,1,1,1,
1271,930.015506554773,10752.5088877763,1987.64297483387,1238,65535,1451.5,213.5,0,0,0,1,1,1,
1272,930.124457187829,10751.2493868125,1988.90247579766,1288.5,65535,1486.5,198,0,0,0,1,1,1,
1273,930.233394548335,10749.9903342595,1990.16152835071,1334.5,65535,1531,196.5,0,0,0,1,1,1,
1274,930.342318632571,10748.7317299487,1991.42013266146,1290.5,65535,1457.5,167,0,0,0,1,1,1,
1275,930.45122943682,10747.4735737119,1992.67828889827,1392.5,65535,1600,207.5,0,0,0,1,1,1,
1276,930.560126957361,10746.2158653808,1993.93599722937,1386.5,65535,1522,135.5,0,0,0,1,1,1,
1277,930.669011190478,10744.9586047873,1995.19325782292,1262,65535,1414.5,152.5,0,0,0,1,1,1,
1278,930.777882132452,10743.7017917632,1996.45007084698,1201,65535,1351.5,150.5,0,0,0,1,1,1,
1279,930.886739779563,10742.4454261407,1997.70643646949,1232.5,65535,1384,151.5,0,0,0,1,1,1,
1280,930.995584128094,10741.1895077519,1998.96235485834,1216,65535,1405,189,0,0,0,1,1,1,
1281,931.104415174326,10739.9340364289,2000.21782618127,1359.5,65535,1531.5,172,0,0,0,1,1,1,
1282,931.21323291454,10738.6790120043,2001.47285060595,1350,65535,1504.5,154.5,0,0,0,1,1,1,
1283,931.322037345019,10737.4244343102,2002.72742829996,1274.5,65535,1457,182.5,0,0,0,1,1,1,
1284,931.430828462042,10736.1703031794,2003.98155943077,1206,65535,1374,168,0,0,0,1,1,1,
1285,931.539606261893,10734.9166184445,2005.23524416575,1191,65535,1376,185,0,0,0,1,1,1,
1286,931.648370740853,10733.663379938,2006.48848267219,1168.5,65535,1344.5,176,0,0,0,1,1,1,
1287,931.757121895202,10732.4105874929,2007.74127511728,1165,65535,1328,163,0,0,0,1,1,1,
1288,931.865859721223,10731.1582409421,2008.9936216681,1222,65535,1434,212,0,0,0,1,1,1,
1289,931.974584215197,10729.9063401186,2010.24552249164,1321.5,65535,1468,146.5,0,0,0,1,1,1,
1290,932.083295373405,10728.6548848554,2011.4969777548,1224,65535,1397.5,173.5,0,0,0,1,1,1,
1291,932.191993192129,10727.4038749858,2012.74798762438,1240.5,65535,1424.5,184,0,0,0,1,1,1,
1292,932.300677667651,10726.1533103431,2013.99855226709,1105,65535,1279.5,174.5,0,0,0,1,1,1,
1293,932.409348796251,10724.9031907607,2015.24867184953,1197,65535,1350,153,0,0,0,1,1,1,
1294,932.518006574212,10723.653516072,2016.49834653821,1187.5,65535,1319,131.5,0,0,0,1,1,1,
1295,932.626650997815,10722.4042861107,2017.74757649955,1244.5,65535,1409.5,165,0,0,0,1,1,1,
1296,932.735282063342,10721.1555007103,2018.99636189987,1316,65535,1492.5,176.5,0,0,0,1,1,1,
1297,932.843899767073,10719.9071597048,2020.2447029054,1261.5,65535,1446.5,185,0,0,0,1,1,1,
1298,932.952504105291,10718.6592629279,2021.49259968226,1299,65535,1473,174,0,0,0,1,1,1,
1299,933.061095074277,10717.4118102137,2022.74005239649,1282,65535,1459,177,0,0,0,1,1,1,
1300,933.169672670312,10716.1648013962,2023.98706121402,1150.5,65535,1326.5,176,0,0,0,1,1,1,
1301,933.278236889679,10714.9182363095,2025.2336263007,1122,65535,1254.5,132.5,0,0,0,1,1,1,
1302,933.386787728657,10713.6721147879,2026.47974782227,1166,65535,1367,201,0,0,0,1,1,1,
1303,933.49532518353,10712.4264366658,2027.72542594438,1158,65535,1318.5,160.5,0,0,0,1,1,1,
1304,933.603849250578,10711.1812017776,2028.9706608326,1239,65535,1408,169,0,0,0,1,1,1,
1305,933.712359926083,10709.9364099578,2030.21545265237,1128.5,65535,1317,188.5,0,0,0,1,1,1,
1306,933.820857206326,10708.6920610411,2031.45980156908,1205.5,65535,1375,169.5,0,0,0,1,1,1,
1307,933.929341087589,10707.4481548622,2032.70370774798,1179.5,65535,1333,153.5,0,0,0,1,1,1,
1308,934.037811566154,10706.204691256,2033.94717135425,1178,65535,1378,200,0,0,0,1,1,1,
1309,934.146268638301,10704.9616700572,2035.19019255297,1137.5,65535,1338,200.5,0,0,0,1,1,1,
1310,934.254712300313,10703.7190911011,2036.43277150913,1112,65535,1280,168,0,0,0,1,1,1,
1311,934.363142548471,10702.4769542226,2037.67490838762,1269,65535,1417,148,0,0,0,1,1,1,
1312,934.471559379056,10701.235259257,2038.91660335323,1146,65535,1312.5,166.5,0,0,0,1,1,1,
1313,934.57996278835,10699.9940060395,2040.15785657066,1214.5,65535,1377,162.5,0,0,0,1,1,1,
1314,934.688352772634,10698.7531944057,2041.39866820453,1266,65535,1433,167,0,0,0,1,1,1,
1315,934.796729328191,10697.5128241909,2042.63903841933,1247.5,65535,1411,163.5,0,0,0,1,1,1,
1316,934.9050924513,10696.2728952307,2043.8789673795,1329,65535,1472,143,0,0,0,1,1,1,
1317,935.013442138245,10695.0334073609,2045.11845524934,1305,65535,1483.5,178.5,0,0,0,1,1,1,
1318,935.121778385306,10693.7943604171,2046.35750219309,1187.5,65535,1337,149.5,0,0,0,1,1,1,
1319,935.230101188764,10692.5557542353,2047.59610837489,1163.5,65535,1344.5,181,0,0,0,1,1,1,
1320,935.338410544903,10691.3175886514,2048.83427395876,1120,65535,1276.5,156.5,0,0,0,1,1,1,
1321,935.446706450002,10690.0798635015,2050.07199910866,1207,65535,1361,154,0,0,0,1,1,1,
1322,935.554988900343,10688.8425786218,2051.30928398844,1164.5,65535,1303,138.5,0,0,0,1,1,1,
1323,935.663257892208,10687.6057338484,2052.54612876184,1165,65535,1315,150,0,0,0,1,1,1,
1324,935.771513421879,10686.3693290177,2053.78253359254,1128.5,65535,1298.5,170,0,0,0,1,1,1,
1325,935.879755485636,10685.1333639661,2055.01849864411,1204,65535,1340,136,0,0,0,1,1,1,
1326,935.987984079762,10683.8978385302,2056.25402408001,1200.5,65535,1354,153.5,0,0,0,1,1,1,
1327,936.096199200537,10682.6627525466,2057.48911006363,1325.5,65535,1451.5,126,0,0,0,1,1,1,
1328,936.204400844244,10681.428105852,2058.72375675825,1277.5,65535,1408.5,131,0,0,0,1,1,1,
1329,936.312589007164,10680.1938982831,2059.95796432706,1257.5,65535,1410.5,153,0,0,0,1,1,1,
1330,936.420763685578,10678.960129677,2061.19173293318,1144,65535,1288.5,144.5,0,0,0,1,1,1,
1331,936.528924875768,10677.7267998706,2062.42506273959,1120.5,65535,1303,182.5,0,0,0,1,1,1,
1332,936.637072574015,10676.493908701,2063.65795390921,1142.5,65535,1310.5,168,0,0,0,1,1,1,
1333,936.745206776601,10675.2614560053,2064.89040660486,1162.5,65535,1335,172.5,0,0,0,1,1,1,
1334,936.853327479807,10674.0294416209,2066.12242098927,1101.5,65535,1260,158.5,0,0,0,1,1,1,
1335,936.961434679915,10672.7978653851,2067.35399722506,1153.5,65535,1293,139.5,0,0,0,1,1,1,
1336,937.069528373207,10671.5667271354,2068.58513547477,1131,65535,1272,141,0,0,0,1,1,1,
1337,937.177608555963,10670.3360267093,2069.81583590085,1218.5,65535,1358,139.5,0,0,0,1,1,1,
1338,937.285675224465,10669.1057639445,2071.04609866565,1344.5,65535,1522,177.5,0,0,0,1,1,1,
1339,937.393728374995,10667.8759386788,2072.27592393143,1177.5,65535,1338,160.5,0,0,0,1,1,1,
1340,937.501768003835,10666.6465507499,2073.50531186034,1241,65535,1402,161,0,0,0,1,1,1,
1341,937.609794107265,10665.4175999957,2074.73426261447,1200,65535,1353,153,0,0,0,1,1,1,
1342,937.717806681568,10664.1890862544,2075.96277635579,1273,65535,1417.5,144.5,0,0,0,1,1,1,
1343,937.825805723024,10662.961009364,2077.19085324619,1134,65535,1312.5,178.5,0,0,0,1,1,1,
1344,937.933791227916,10661.7333691628,2078.41849344745,1175,65535,1302,127,0,0,0,1,1,1,
1345,938.041763192524,10660.5061654889,2079.64569712128,1106.5,65535,1259,152.5,0,0,0,1,1,1,
1346,938.149721613131,10659.2793981809,2080.87246442929,1249,65535,1405.5,156.5,0,0,0,1,1,1,
1347,938.257666486017,10658.0530670772,2082.09879553299,1237.5,65535,1389.5,152,0,0,0,1,1,1,
1348,938.365597807465,10656.8271720164,2083.32469059381,1317,65535,1476.5,159.5,0,0,0,1,1,1,
1349,938.473515573755,10655.6017128371,2084.55014977306,1233,65535,1389.5,156.5,0,0,0,1,1,1,
1350,938.58141978117,10654.3766893782,2085.77517323199,1238,65535,1383.5,145.5,0,0,0,1,1,1,
1351,938.68931042599,10653.1521014785,2086.99976113175,1256.5,65535,1404.5,148,0,0,0,1,1,1,
1352,938.797187504498,10651.9279489768,2088.22391363338,1363.5,65535,1536.5,173,0,0,0,1,1,1,
1353,938.905051012974,10650.7042317124,2089.44763089784,1386,65535,1542.5,156.5,0,0,0,1,1,1,
1354,939.012900947701,10649.4809495242,2090.670913086,1299,65535,1445.5,146.5,0,0,0,1,1,1,
1355,939.120737304959,10648.2581022516,2091.89376035863,1344,65535,1504.5,160.5,0,0,0,1,1,1,
1356,939.228560081031,10647.0356897338,2093.11617287642,1288,65535,1438,150,0,0,0,1,1,1,
1357,939.336369272197,10645.8137118102,2094.33815079996,1303.5,65535,1450.5,147,0,0,0,1,1,1,
1358,939.444164874739,10644.5921683205,2095.55969428975,1333.5,65535,1470,136.5,0,0,0,1,1,1,
1359,939.55194688494,10643.371059104,2096.78080350619,1313,65535,1466.5,153.5,0,0,0,1,1,1,
1360,939.659715299079,10642.1503840006,2098.00147860959,1308,65535,1463,155,0,0,0,1,1,1,
1361,939.767470113439,10640.93014285,2099.22171976018,1205,65535,1320.5,115.5,0,0,0,1,1,1,
1362,939.875211324302,10639.7103354921,2100.4415271181,1225,65535,1361,136,0,0,0,1,1,1,
1363,939.982938927948,10638.4909617668,2101.66090084336,1271,65535,1411,140,0,0,0,1,1,1,
1364,940.090652920659,10637.2720215143,2102.87984109594,1204,65535,1344.5,140.5,0,0,0,1,1,1,
1365,940.198353298717,10636.0535145745,2104.09834803567,1252,65535,1409,157,0,0,0,1,1,1,
1366,940.306040058403,10634.8354407879,2105.31642182233,1228.5,65535,1368.5,140,0,0,0,1,1,1,
1367,940.413713195998,10633.6177999946,2106.53406261559,1311.5,65535,1439,127.5,0,0,0,1,1,1,
1368,940.521372707785,10632.4005920352,2107.75127057502,1337,65535,1503.5,166.5,0,0,0,1,1,1,
1369,940.629018590045,10631.1838167501,2108.96804586012,1338.5,65535,1479.5,141,0,0,0,1,1,1,
1370,940.736650839059,10629.9674739799,2110.18438863028,1260.5,65535,1398.5,138,0,0,0,1,1,1,
1371,940.844269451108,10628.7515635654,2111.40029904482,1286,65535,1467.5,181.5,0,0,0,1,1,1,
1372,940.951874422475,10627.5360853473,2112.61577726294,1232.5,65535,1365.5,133,0,0,0,1,1,1,
1373,941.05946574944,10626.3210391664,2113.83082344377,1231,65535,1363,132,0,0,0,1,1,1,
1374,941.167043428286,10625.1064248639,2115.04543774634,1232,65535,1386,154,0,0,0,1,1,1,
1375,941.274607455293,10623.8922422806,2116.25962032961,1234.5,65535,1385.5,151,0,0,0,1,1,1,
1376,941.382157826743,10622.6784912578,2117.4733713524,1294.5,65535,1461,166.5,0,0,0,1,1,1,
1377,941.489694538918,10621.4651716367,2118.68669097349,1343,65535,1482,139,0,0,0,1,1,1,
1378,941.597217588099,10620.2522832587,2119.89957935155,1255,65535,1396.5,141.5,0,0,0,1,1,1,
1379,941.704726970568,10619.0398259651,2121.11203664515,1250,65535,1401.5,151.5,0,0,0,1,1,1,
1380,941.812222682605,10617.8277995974,2122.32406301279,1349.5,65535,1481,131.5,0,0,0,1,1,1,
1381,941.919704720494,10616.6162039974,2123.53565861285,1325,65535,1454,129,0,0,0,1,1,1,
1382,942.027173080514,10615.4050390066,2124.74682360364,1254.5,65535,1403,148.5,0,0,0,1,1,1,
1383,942.134627758949,10614.1943044668,2125.95755814338,1295,65535,1418,123,0,0,0,1,1,1,
1384,942.242068752078,10612.98400022,2127.1678623902,1288.5,65535,1404,115.5,0,0,0,1,1,1,
1385,942.349496056184,10611.7741261081,2128.37773650212,1271.5,65535,1434,162.5,0,0,0,1,1,1,
1386,942.456909667548,10610.5646819731,2129.5871806371,1125,65535,1272.5,147.5,0,0,0,1,1,1,
1387,942.564309582451,10609.3556676572,2130.79619495298,1144,65535,1303,159,0,0,0,1,1,1,
1388,942.671695797176,10608.1470830027,2132.00477960753,1128.5,65535,1247,118.5,0,0,0,1,1,1,
1389,942.779068308003,10606.9389278518,2133.21293475842,1142,65535,1278,136,0,0,0,1,1,1,
1390,942.886427111215,10605.731202047,2134.42066056323,1144,65535,1285.5,141.5,0,0,0,1,1,1,
1391,942.993772203092,10604.5239054307,2135.62795717946,1214,65535,1343,129,0,0,0,1,1,1,
1392,943.101103579916,10603.3170378457,2136.83482476451,1301,65535,1420.5,119.5,0,0,0,1,1,1,
1393,943.208421237969,10602.1105991345,2138.04126347569,1351,65535,1489.5,138.5,0,0,0,1,1,1,
1394,943.315725173532,10600.90458914,2139.24727347022,1385,65535,1495,110,0,0,0,1,1,1,
1395,943.423015382886,10599.699007705,2140.45285490524,1352.5,65535,1477,124.5,0,0,0,1,1,1,
1396,943.530291862313,10598.4938546724,2141.65800793779,1273.5,65535,1382.5,109,0,0,0,1,1,1,
1397,943.637554608095,10597.2891298854,2142.86273272481,1270.5,65535,1416.5,146,0,0,0,1,1,1,
1398,943.744803616513,10596.084833187,2144.06702942318,1114.5,65535,1232,117.5,0,0,0,1,1,1,
1399,943.852038883849,10594.8809644205,2145.27089818967,1220,65535,1351.5,131.5,0,0,0,1,1,1,
1400,943.959260406384,10593.6775234292,2146.47433918096,1114.5,65535,1259.5,145,0,0,0,1,1,1,
1401,944.066468180399,10592.4745100566,2147.67735255364,1126,65535,1250.5,124.5,0,0,0,1,1,1,
1402,944.173662202176,10591.271924146,2148.87993846422,1181.5,65535,1308,126.5,0,0,0,1,1,1,
1403,944.280842467997,10590.0697655411,2150.08209706912,1417.5,65535,1551.5,134,0,0,0,1,1,1,
1404,944.388008974143,10588.8680340855,2151.28382852465,1219,65535,1349.5,130.5,0,0,0,1,1,1,
1405,944.495161716895,10587.6667296231,2152.48513298706,1205.5,65535,1321.5,116,0,0,0,1,1,1,
1406,944.602300692536,10586.4658519977,2153.6860106125,1268.5,65535,1398.5,130,0,0,0,1,1,1,
1407,944.709425897346,10585.2654010532,2154.88646155701,1423,65535,1543.5,120.5,0,0,0,1,1,1,
1408,944.816537327607,10584.0653766336,2156.08648597657,1175,65535,1315,140,0,0,0,1,1,1,
1409,944.923634979601,10582.8657785831,2157.28608402706,1225,65535,1381.5,156.5,0,0,0,1,1,1,
1410,945.030718849608,10581.6666067459,2158.48525586427,1266.5,65535,1412.5,146,0,0,0,1,1,1,
1411,945.137788933911,10580.4678609663,2159.6840016439,1238.5,65535,1374.5,136,0,0,0,1,1,1,
1412,945.244845228791,10579.2695410886,2160.88232152156,1247.5,65535,1369,121.5,0,0,0,1,1,1,
1413,945.35188773053,10578.0716469574,2162.08021565278,1196.5,65535,1296,99.5,0,0,0,1,1,1,
1414,945.458916435409,10576.8741784172,2163.27768419298,1113.5,65535,1230,116.5,0,0,0,1,1,1,
1415,945.565931339709,10575.6771353127,2164.47472729752,1128.5,65535,1262,133.5,0,0,0,1,1,1,
1416,945.672932439712,10574.4805174886,2165.67134512165,1239.5,65535,1355,115.5,0,0,0,1,1,1,
1417,945.7799197317,10573.2843247897,2166.86753782054,1163,65535,1286,123,0,0,0,1,1,1,
1418,945.886893211953,10572.0885570609,2168.06330554928,1240,65535,1345,105,0,0,0,1,1,1,
1419,945.993852876754,10570.8932141474,2169.25864846284,1299,65535,1441,142,0,0,0,1,1,1,
1420,946.100798722384,10569.6982958941,2170.45356671614,1302,65535,1454.5,152.5,0,0,0,1,1,1,
1421,946.207730745125,10568.5038021462,2171.64806046398,1273,65535,1384,111,0,0,0,1,1,1,
1422,946.314648941258,10567.3097327491,2172.8421298611,1201.5,65535,1308.5,107,0,0,0,1,1,1,
1423,946.421553307064,10566.1160875481,2174.03577506213,1200.5,65535,1353.5,153,0,0,0,1,1,1,
1424,946.528443838825,10564.9228663886,2175.22899622162,1287.5,65535,1391,103.5,0,0,0,1,1,1,
1425,946.635320532822,10563.7300691162,2176.42179349403,1291,65535,1417,126,0,0,0,1,1,1,
1426,946.742183385338,10562.5376955765,2177.61416703373,1187.5,65535,1308,120.5,0,0,0,1,1,1,
1427,946.849032392652,10561.3457456152,2178.80611699501,1205,65535,1344,139,0,0,0,1,1,1,
1428,946.955867551048,10560.1542190781,2179.99764353207,1251.5,65535,1350.5,99,0,0,0,1,1,1,
1429,947.062688856807,10558.9631158112,2181.188746799,1275,65535,1399.5,124.5,0,0,0,1,1,1,
1430,947.169496306209,10557.7724356604,2182.37942694984,1577,65535,1694.5,117.5,0,0,0,1,1,1,
1431,947.276289895536,10556.5821784717,2183.56968413851,1145,65535,1281.5,136.5,0,0,0,1,1,1,
1432,947.383069621071,10555.3923440913,2184.75951851887,1187.5,65535,1308,120.5,0,0,0,1,1,1,
1433,947.489835479094,10554.2029323655,2185.94893024466,1151.5,65535,1284.5,133,0,0,0,1,1,1,
1434,947.596587465887,10553.0139431406,2187.13791946956,1264.5,65535,1412,147.5,0,0,0,1,1,1,
1435,947.703325577732,10551.8253762631,2188.32648634714,1340.5,65535,1452.5,112,0,0,0,1,1,1,
1436,947.810049810909,10550.6372315793,2189.51463103091,1275,65535,1423,148,0,0,0,1,1,1,
1437,947.916760161701,10549.4495089359,2190.70235367426,1203,65535,1309.5,106.5,0,0,0,1,1,1,
1438,948.023456626388,10548.2622081797,2191.88965443052,1187.5,65535,1290.5,103,0,0,0,1,1,1,
1439,948.130139201253,10547.0753291573,2193.07653345292,1181,65535,1306,125,0,0,0,1,1,1,
1440,948.236807882578,10545.8888717156,2194.2629908946,1260,65535,1379.5,119.5,0,0,0,1,1,1,
1441,948.343462666642,10544.7028357016,2195.44902690862,1285.5,65535,1419,133.5,0,0,0,1,1,1,
1442,948.450103549728,10543.5172209623,2196.63464164794,1194,65535,1316.5,122.5,0,0,0,1,1,1,
1443,948.556730528118,10542.3320273447,2197.81983526545,1352,65535,1477,125,0,0,0,1,1,1,
1444,948.663343598093,10541.1472546963,2199.00460791395,1322.5,65535,1424.5,102,0,0,0,1,1,1,
1445,948.769942755933,10539.9629028641,2200.18895974614,1322.5,65535,1460.5,138,0,0,0,1,1,1,
1446,948.876527997922,10538.7789716956,2201.37289091464,1362.5,65535,1468,105.5,0,0,0,1,1,1,
1447,948.983099320341,10537.5954610382,2202.55640157199,1305,65535,1418.5,113.5,0,0,0,1,1,1,
1448,949.08965671947,10536.4123707396,2203.73949187063,1253.5,65535,1373.5,120,0,0,0,1,1,1,
1449,949.196200191591,10535.2297006473,2204.92216196292,1234.5,65535,1363.5,129,0,0,0,1,1,1,
1450,949.302729732987,10534.0474506091,2206.10441200113,1197,65535,1325.5,128.5,0,0,0,1,1,1,
1451,949.409245339938,10532.8656204727,2207.28624213746,1215.5,65535,1345.5,130,0,0,0,1,1,1,
1452,949.515747008725,10531.6842100862,2208.467652524,1177,65535,1259,82,0,0,0,1,1,1,
1453,949.622234735631,10530.5032192974,2209.64864331275,1139,65535,1252,113,0,0,0,1,1,1,
1454,949.728708516937,10529.3226479545,2210.82921465566,1147,65535,1274.5,127.5,0,0,0,1,1,1,
1455,949.835168348924,10528.1424959056,2212.00936670456,1112.5,65535,1237.5,125,0,0,0,1,1,1,
1456,949.941614227874,10526.962762999,2213.18909961119,1109,65535,1198.5,89.5,0,0,0,1,1,1,
1457,950.048046150069,10525.783449083,2214.36841352724,1150.5,65535,1247.5,97,0,0,0,1,1,1,
1458,950.154464111789,10524.6045540059,2215.54730860427,1168.5,65535,1277.5,109,0,0,0,1,1,1,
1459,950.260868109317,10523.4260776164,2216.72578499378,1326,65535,1414,88,0,0,0,1,1,1,
1460,950.367258138933,10522.248019763,2217.90384284718,1236,65535,1330.5,94.5,0,0,0,1,1,1,
1461,950.47363419692,10521.0703802944,2219.08148231579,1296,65535,1398,102,0,0,0,1,1,1,
1462,950.579996279558,10519.8931590594,2220.25870355084,1405,65535,1490.5,85.5,0,0,0,1,1,1,
1463,950.68634438313,10518.7163559067,2221.43550670348,1316,65535,1395.5,79.5,0,0,0,1,1,1,
1464,950.792678503917,10517.5399706854,2222.61189192478,1325,65535,1402.5,77.5,0,0,0,1,1,1,
1465,950.8989986382,10516.3640032445,2223.78785936571,1388.5,65535,1486.5,98,0,0,0,1,1,1,
1466,951.005304782261,10515.188453433,2224.96340917716,1333,65535,1405,72,0,0,0,1,1,1,
1467,951.111596932381,10514.0133211003,2226.13854150994,1319.5,65535,1432,112.5,0,0,0,1,1,1,
1468,951.217875084842,10512.8386060954,2227.31325651476,1307,65535,1395.5,88.5,0,0,0,1,1,1,
1469,951.324139235925,10511.6643082679,2228.48755434226,1301,65535,1386,85,0,0,0,1,1,1,
1470,951.430389381912,10510.4904274672,2229.66143514298,1442,65535,1536,94,0,0,0,1,1,1,
1471,951.536625519085,10509.3169635428,2230.83489906739,1139.5,65535,1229,89.5,0,0,0,1,1,1,
1472,951.642847643724,10508.1439163443,2232.00794626586,1164.5,65535,1279,114.5,0,0,0,1,1,1,
1473,951.749055752111,10506.9712857215,2233.18057688868,1169,65535,1268,99,0,0,0,1,1,1,
1474,951.855249840528,10505.7990715241,2234.35279108606,1105,65535,1205,100,0,0,0,1,1,1,
1475,951.961429905257,10504.6272736021,2235.52458900812,1230,65535,1361.5,131.5,0,0,0,1,1,1,
1476,952.067595942578,10503.4558918053,2236.69597080488,1146.5,65535,1232,85.5,0,0,0,1,1,1,
1477,952.173747948774,10502.2849259839,2237.8669366263,1110,65535,1203,93,0,0,0,1,1,1,
1478,952.279885920125,10501.114375988,2239.03748662224,1182.5,65535,1304.5,122,0,0,0,1,1,1,
1479,952.386009852914,10499.9442416677,2240.20762094248,1176.5,65535,1269.5,93,0,0,0,1,1,1,
1480,952.492119743421,10498.7745228735,2241.3773397367,1202,65535,1337.5,135.5,0,0,0,1,1,1,
1481,952.598215587928,10497.6052194557,2242.54664315453,1227.5,65535,1341.5,114,0,0,0,1,1,1,
1482,952.704297382718,10496.4363312647,2243.71553134547,1111.5,65535,1252.5,141,0,0,0,1,1,1,
1483,952.81036512407,10495.2678581512,2244.88400445897,1305,65535,1384.5,79.5,0,0,0,1,1,1,
1484,952.916418808268,10494.0997999658,2246.05206264437,1281,65535,1383,102,0,0,0,1,1,1,
1485,953.022458431591,10492.9321565593,2247.21970605095,1311,65535,1402.5,91.5,0,0,0,1,1,1,
1486,953.128483990322,10491.7649277823,2248.38693482788,1264,65535,1367.5,103.5,0,0,0,1,1,1,
1487,953.234495480743,10490.5981134859,2249.55374912427,1254.5,65535,1345.5,91,0,0,0,1,1,1,
1488,953.340492899134,10489.4317135211,2250.72014908912,1294,65535,1363.5,69.5,0,0,0,1,1,1,
1489,953.446476241778,10488.2657277388,2251.88613487137,1266,65535,1366.5,100.5,0,0,0,1,1,1,
1490,953.552445504955,10487.1001559904,2253.05170661985,1203,65535,1322.5,119.5,0,0,0,1,1,1,
1491,953.658400684948,10485.9349981269,2254.21686448332,1301.5,65535,1419,117.5,0,0,0,1,1,1,
1492,953.764341778037,10484.7702539997,2255.38160861046,1202.5,65535,1329,126.5,0,0,0,1,1,1,
1493,953.870268780504,10483.6059234603,2256.54593914986,1210,65535,1334,124,0,0,0,1,1,1,
1494,953.976181688631,10482.4420063602,2257.70985625002,1184,65535,1294,110,0,0,0,1,1,1,
1495,954.082080498699,10481.2785025508,2258.87336005936,1206,65535,1312,106,0,0,0,1,1,1,
1496,954.18796520699,10480.115411884,2260.03645072622,1210.5,65535,1284.5,74,0,0,0,1,1,1,
1497,954.293835809786,10478.9527342114,2261.19912839884,1110,65535,1219,109,0,0,0,1,1,1,
1498,954.399692303367,10477.7904693848,2262.3613932254,1128.5,65535,1211.5,83,0,0,0,1,1,1,
1499,954.505534684015,10476.6286172562,2263.52324535398,1240,65535,1342.5,102.5,0,0,0,1,1,1,
1500,954.611362948011,10475.4671776776,2264.68468493257,1236.5,65535,1302.5,66,0,0,0,1,1,1,
1501,954.717177091638,10474.3061505011,2265.8457121091,1236,65535,1343.5,107.5,0,0,0,1,1,1,
1502,954.822977111177,10473.1455355788,2267.00632703138,1336.5,65535,1476.5,140,0,0,0,1,1,1,
1503,954.928763002909,10471.985332763,2268.16652984718,1207,65535,1322,115,0,0,0,1,1,1,
1504,955.034534763115,10470.8255419061,2269.32632070414,1271,65535,1380.5,109.5,0,0,0,1,1,1,
1505,955.140292388078,10469.6661628604,2270.48569974985,1271.5,65535,1385,113.5,0,0,0,1,1,1,
1506,955.246035874078,10468.5071954784,2271.64466713181,1156,65535,1281,125,0,0,0,1,1,1,
1507,955.351765217397,10467.3486396128,2272.80322299741,1132,65535,1224,92,0,0,0,1,1,1,
1508,955.457480414318,10466.1904951162,2273.96136749401,1242,65535,1363.5,121.5,0,0,0,1,1,1,
1509,955.56318146112,10465.0327618414,2275.11910076882,1142.5,65535,1280,137.5,0,0,0,1,1,1,
1510,955.668868354086,10463.8754396412,2276.27642296902,1219,65535,1308,89,0,0,0,1,1,1,
1511,955.774541089497,10462.7185283685,2277.43333424168,1223.5,65535,1367,143.5,0,0,0,1,1,1,
1512,955.880199663635,10461.5620278764,2278.5898347338,1287,65535,1406.5,119.5,0,0,0,1,1,1,
1513,955.98584407278,10460.4059380179,2279.74592459227,1327,65535,1429.5,102.5,0,0,0,1,1,1,
1514,956.091474313216,10459.2502586463,2280.90160396393,1212.5,65535,1317,104.5,0,0,0,1,1,1,
1515,956.197090381222,10458.0949896147,2282.05687299552,1254.5,65535,1356.5,102,0,0,0,1,1,1,
1516,956.302692273082,10456.9401307765,2283.2117318337,1158.5,65535,1260,101.5,0,0,0,1,1,1,
1517,956.408279985075,10455.7856819852,2284.36618062504,1179.5,65535,1279,99.5,0,0,0,1,1,1,
1518,956.513853513484,10454.6316430942,2285.52021951604,1127.5,65535,1255.5,128,0,0,0,1,1,1,
1519,956.61941285459,10453.4780139571,2286.67384865311,1164.5,65535,1292.5,128,0,0,0,1,1,1,
1520,956.724958004675,10452.3247944276,2287.82706818257,1270.5,65535,1366.5,96,0,0,0,1,1,1,
1521,956.830488960019,10451.1719843595,2288.97987825066,1192.5,65535,1294.5,102,0,0,0,1,1,1,
1522,956.936005716906,10450.0195836067,2290.13227900354,1207.5,65535,1308.5,101,0,0,0,1,1,1,
1523,957.041508271615,10448.8675920229,2291.2842705873,1300,65535,1390.5,90.5,0,0,0,1,1,1,
1524,957.146996620429,10447.7160094623,2292.43585314792,1266,65535,1331,65,0,0,0,1,1,1,
1525,957.25247075963,10446.5648357789,2293.58702683132,1364.5,65535,1456.5,92,0,0,0,1,1,1,
1526,957.357930685497,10445.4140708269,2294.73779178332,1339,65535,1450,111,0,0,0,1,1,1,
1527,957.463376394314,10444.2637144605,2295.88814814967,1304.5,65535,1382,77.5,0,0,0,1,1,1,
1528,957.568807882362,10443.1137665342,2297.03809607604,1300,65535,1378,78,0,0,0,1,1,1,
1529,957.674225145921,10441.9642269022,2298.18763570799,1418,65535,1479.5,61.5,0,0,0,1,1,1,
1530,957.779628181274,10440.8150954192,2299.33676719104,1285.5,65535,1339,53.5,0,0,0,1,1,1,
1531,957.885016984702,10439.6663719396,2300.48549067059,1165,65535,1248.5,83.5,0,0,0,1,1,1,
1532,957.990391552487,10438.5180563182,2301.63380629198,1215.5,65535,1329,113.5,0,0,0,1,1,1,
1533,958.09575188091,10437.3701484097,2302.78171420046,1211.5,65535,1300,88.5,0,0,0,1,1,1,
1534,958.201097966252,10436.222648069,2303.92921454119,1270,65535,1328,58,0,0,0,1,1,1,
1535,958.306429804796,10435.0755551509,2305.07630745926,1252,65535,1339.5,87.5,0,0,0,1,1,1,
1536,958.411747392822,10433.9288695105,2306.22299309967,1326.5,65535,1421.5,95,0,0,0,1,1,1,
1537,958.517050726612,10432.7825910029,2307.36927160734,1428,65535,1514.5,86.5,0,0,0,1,1,1,
1538,958.622339802447,10431.6367194831,2308.51514312712,1255,65535,1322,67,0,0,0,1,1,1,
1539,958.72761461661,10430.4912548065,2309.66060780375,1237.5,65535,1310.5,73,0,0,0,1,1,1,
1540,958.832875165381,10429.3461968283,2310.80566578191,1160,65535,1232.5,72.5,0,0,0,1,1,1,
1541,958.938121445042,10428.201545404,2311.9503172062,1207.5,65535,1294,86.5,0,0,0,1,1,1,
1542,959.043353451875,10427.0573003891,2313.09456222111,1143.5,65535,1224,80.5,0,0,0,1,1,1,
1543,959.14857118216,10425.9134616391,2314.23840097109,1190,65535,1263.5,73.5,0,0,0,1,1,1,
1544,959.253774632181,10424.7700290097,2315.38183360048,1171,65535,1294.5,123.5,0,0,0,1,1,1,
1545,959.358963798217,10423.6270023567,2316.52486025354,1241,65535,1310,69,0,0,0,1,1,1,
1546,959.464138676551,10422.4843815358,2317.66748107445,2170,65535,2248.5,78.5,0,0,0,1,1,1,
1547,959.569299263463,10421.3421664029,2318.80969620732,1289.5,65535,1391,101.5,0,0,0,1,1,1,
1548,959.674445555237,10420.200356814,2319.95150579615,1207,65535,1303.5,96.5,0,0,0,1,1,1,
1549,959.779577548152,10419.0589526253,2321.0929099849,1169,65535,1264.5,95.5,0,0,0,1,1,1,
1550,959.884695238491,10417.9179536928,2322.23390891741,1268,65535,1324,56,0,0,0,1,1,1,
1551,959.989798622534,10416.7773598727,2323.37450273747,1234.5,65535,1333.5,99,0,0,0,1,1,1,
1552,960.094887696564,10415.6371710214,2324.51469158875,1321,65535,1410.5,89.5,0,0,0,1,1,1,
1553,960.199962456863,10414.4973869953,2325.65447561488,1354,65535,1431,77,0,0,0,1,1,1,
1554,960.30502289971,10413.3580076508,2326.79385495939,1216.5,65535,1305.5,89,0,0,0,1,1,1,
1555,960.410069021389,10412.2190328445,2327.93282976571,1238.5,65535,1329.5,91,0,0,0,1,1,1,
1556,960.51510081818,10411.080462433,2329.07140017722,1155,65535,1237.5,82.5,0,0,0,1,1,1,
1557,960.620118286366,10409.942296273,2330.20956633721,1235,65535,1317.5,82.5,0,0,0,1,1,1,
1558,960.725121422226,10408.8045342213,2331.34732838888,1224,65535,1293,69,0,0,0,1,1,1,
1559,960.830110222044,10407.6671761349,2332.48468647535,1231.5,65535,1316.5,85,0,0,0,1,1,1,
1560,960.9350846821,10406.5302218705,2333.62164073966,1267.5,65535,1344.5,77,0,0,0,1,1,1,
1561,961.040044798676,10405.3936712854,2334.75819132478,1413,65535,1497.5,84.5,0,0,0,1,1,1,
1562,961.144990568053,10404.2575242366,2335.89433837358,1362.5,65535,1444.5,82,0,0,0,1,1,1,
1563,961.249921986514,10403.1217805813,2337.03008202888,1329.5,65535,1399,69.5,0,0,0,1,1,1,
1564,961.354839050338,10401.9864401768,2338.16542243337,1294,65535,1378.5,84.5,0,0,0,1,1,1,
1565,961.459741755809,10400.8515028805,2339.30035972971,1274.5,65535,1354.5,80,0,0,0,1,1,1,
1566,961.564630099208,10399.7169685498,2340.43489406045,1304,65535,1388,84,0,0,0,1,1,1,
1567,961.669504076815,10398.5828370421,2341.56902556805,1261.5,65535,1334,72.5,0,0,0,1,1,1,
1568,961.774363684912,10397.4491082153,2342.70275439493,1206.5,65535,1280.5,74,0,0,0,1,1,1,
1569,961.879208919782,10396.3157819268,2343.8360806834,1217.5,65535,1310.5,93,0,0,0,1,1,1,
1570,961.984039777705,10395.1828580345,2344.96900457568,1275.5,65535,1347.5,72,0,0,0,1,1,1,
1571,962.088856254963,10394.0503363963,2346.10152621393,1275.5,65535,1356,80.5,0,0,0,1,1,1,
1572,962.193658347837,10392.91821687,2347.23364574023,1298,65535,1384,86,0,0,0,1,1,1,
1573,962.298446052609,10391.7864993136,2348.36536329656,1261,65535,1326.5,65.5,0,0,0,1,1,1,
1574,962.403219365561,10390.6551835854,2349.49667902484,1310,65535,1394.5,84.5,0,0,0,1,1,1,
1575,962.507978282973,10389.5242695433,2350.62759306691,1213.5,65535,1276,62.5,0,0,0,1,1,1,
1576,962.612722801128,10388.3937570457,2351.75810556451,1288,65535,1386.5,98.5,0,0,0,1,1,1,
1577,962.717452916307,10387.2636459509,2352.88821665931,1229.5,65535,1332.5,103,0,0,0,1,1,1,
1578,962.822168624791,10386.1339361173,2354.0179264929,1287,65535,1407,120,0,0,0,1,1,1,
1579,962.926869922862,10385.0046274034,2355.1472352068,1273,65535,1352.5,79.5,0,0,0,1,1,1,
1580,963.031556806802,10383.8757196678,2356.27614294243,1270.5,65535,1367,96.5,0,0,0,1,1,1,
1581,963.136229272891,10382.747212769,2357.40464984115,1344,65535,1426,82,0,0,0,1,1,1,
1582,963.240887317412,10381.619106566,2358.53275604423,1328.5,65535,1412,83.5,0,0,0,1,1,1,
1583,963.345530936645,10380.4914009173,2359.66046169286,1363.5,65535,1453,89.5,0,0,0,1,1,1,
1584,963.450160126873,10379.3640956821,2360.78776692814,1244.5,65535,1341,96.5,0,0,0,1,1,1,
1585,963.554774884377,10378.2371907191,2361.91467189112,1147,65535,1226,79,0,0,0,1,1,1,
1586,963.659375205438,10377.1106858875,2363.04117672273,1126.5,65535,1208,81.5,0,0,0,1,1,1,
1587,963.763961086339,10375.9845810463,2364.16728156386,1202,65535,1289,87,0,0,0,1,1,1,
1588,963.868532523359,10374.8588760549,2365.29298655529,1183,65535,1250,67,0,0,0,1,1,1,
1589,963.973089512781,10373.7335707725,2366.41829183773,1262,65535,1336.5,74.5,0,0,0,1,1,1,
1590,964.077632050887,10372.6086650584,2367.54319755182,1228.5,65535,1299,70.5,0,0,0,1,1,1,
1591,964.182160133957,10371.4841587721,2368.66770383811,1358.5,65535,1442.5,84,0,0,0,1,1,1,
1592,964.286673758274,10370.3600517731,2369.79181083707,1314,65535,1397,83,0,0,0,1,1,1,
1593,964.391172920119,10369.2363439211,2370.9155186891,1197.5,65535,1261.5,64,0,0,0,1,1,1,
1594,964.495657615773,10368.1130350757,2372.0388275345,1187.5,65535,1282,94.5,0,0,0,1,1,1,
1595,964.600127841518,10366.9901250967,2373.16173751353,1360.5,65535,1409.5,49,0,0,0,1,1,1,
1596,964.704583593635,10365.8676138439,2374.28424876633,1271,65535,1346.5,75.5,0,0,0,1,1,1,
1597,964.809024868406,10364.7455011772,2375.40636143297,1190.5,65535,1283,92.5,0,0,0,1,1,1,
1598,964.913451662112,10363.6237869567,2376.52807565346,1293,65535,1358.5,65.5,0,0,0,1,1,1,
1599,965.017863971035,10362.5024710425,2377.64939156771,1391.5,65535,1450,58.5,0,0,0,1,1,1,
1600,965.122261791457,10361.3815532946,2378.77030931556,1310,65535,1363,53,0,0,0,1,1,1,
1601,965.226645119658,10360.2610335734,2379.89082903677,1173.5,65535,1245.5,72,0,0,0,1,1,1,
1602,965.33101395192,10359.1409117392,2381.01095087103,1319.5,65535,1367.5,48,0,0,0,1,1,1,
1603,965.435368284526,10358.0211876523,2382.13067495792,1305.5,65535,1378,72.5,0,0,0,1,1,1,
1604,965.539708113756,10356.9018611732,2383.25000143699,1303.5,65535,1395.5,92,0,0,0,1,1,1,
1605,965.644033435891,10355.7829321625,2384.36893044765,1254.5,65535,1313,58.5,0,0,0,1,1,1,
1606,965.748344247214,10354.6644004809,2385.4874621293,1235,65535,1316,81,0,0,0,1,1,1,
1607,965.852640544005,10353.546265989,2386.6055966212,1237,65535,1300,63,0,0,0,1,1,1,
1608,965.956922322547,10352.4285285476,2387.72333406257,1247,65535,1309,62,0,0,0,1,1,1,
1609,966.06118957912,10351.3111880177,2388.84067459254,1263,65535,1338.5,75.5,0,0,0,1,1,1,
1610,966.165442310007,10350.19424426,2389.95761835016,1434,65535,1491,57,0,0,0,1,1,1,
1611,966.269680511489,10349.0776971358,2391.07416547439,1268.5,65535,1322,53.5,0,0,0,1,1,1,
1612,966.373904179847,10347.9615465061,2392.19031610413,1180,65535,1257.5,77.5,0,0,0,1,1,1,
1613,966.478113311362,10346.845792232,2393.3060703782,1231,65535,1289.5,58.5,0,0,0,1,1,1,
1614,966.582307902317,10345.7304341749,2394.42142843532,1417,65535,1469.5,52.5,0,0,0,1,1,1,
1615,966.686487948993,10344.615472196,2395.53639041417,1176,65535,1254.5,78.5,0,0,0,1,1,1,
1616,966.790653447671,10343.5009061569,2396.65095645331,1302,65535,1388,86,0,0,0,1,1,1,
1617,966.894804394633,10342.386735919,2397.76512669125,1213,65535,1265.5,52.5,0,0,0,1,1,1,
1618,966.998940786159,10341.2729613438,2398.87890126641,1219.5,65535,1303,83.5,0,0,0,1,1,1,
1619,967.103062618533,10340.1595822931,2399.99228031713,1195,65535,1250.5,55.5,0,0,0,1,1,1,
1620,967.207169888035,10339.0465986285,2401.10526398169,1349.5,65535,1428.5,79,0,0,0,1,1,1,
1621,967.311262590947,10337.9340102119,2402.21785239826,1334,65535,1403.5,69.5,0,0,0,1,1,1,
1622,967.415340723549,10336.8218169052,2403.33004570496,1276,65535,1356,80,0,0,0,1,1,1,
1623,967.519404282125,10335.7100185704,2404.44184403983,1389,65535,1480.5,91.5,0,0,0,1,1,1,
1624,967.623453262955,10334.5986150694,2405.5532475408,1330,65535,1410.5,80.5,0,0,0,1,1,1,
1625,967.72748766232,10333.4876062644,2406.66425634577,1340,65535,1407,67,0,0,0,1,1,1,
1626,967.831507476503,10332.3769920177,2407.77487059253,1228,65535,1282.5,54.5,0,0,0,1,1,1,
1627,967.935512701784,10331.2667721914,2408.88509041879,1221,65535,1268,47,0,0,0,1,1,1,
1628,968.039503334446,10330.156946648,2409.99491596221,1158.5,65535,1238.5,80,0,0,0,1,1,1,
1629,968.143479370769,10329.0475152499,2411.10434736034,1325,65535,1363,38,0,0,0,1,1,1,
1630,968.247440807036,10327.9384778595,2412.21338475068,1380.5,65535,1429.5,49,0,0,0,1,1,1,
1631,968.351387639527,10326.8298343396,2413.32202827062,1392.5,65535,1419,26.5,0,0,0,1,1,1,
1632,968.455319864525,10325.7215845527,2414.43027805751,1382.5,65535,1410.5,28,0,0,0,1,1,1,
1633,968.55923747831,10324.6137283616,2415.5381342486,1384,65535,1430.5,46.5,0,0,0,1,1,1,
1634,968.663140477164,10323.5062656291,2416.64559698106,1277.5,65535,1329,51.5,0,0,0,1,1,1,
1635,968.767028857369,10322.3991962182,2417.752666392,1263,65535,1336.5,73.5,0,0,0,1,1,1,
1636,968.870902615206,10321.2925199918,2418.85934261843,1281.5,65535,1340,58.5,0,0,0,1,1,1,
1637,968.974761746957,10320.1862368129,2419.96562579731,1334,65535,1392,58,0,0,0,1,1,1,
1638,969.078606248903,10319.0803465447,2421.07151606549,1302.5,65535,1394.5,92,0,0,0,1,1,1,
1639,969.182436117326,10317.9748490504,2422.17701355976,1386,65535,1430.5,44.5,0,0,0,1,1,1,
1640,969.286251348506,10316.8697441934,2423.28211841685,1396,65535,1448.5,52.5,0,0,0,1,1,1,
1641,969.390051938727,10315.7650318368,2424.38683077338,1381.5,65535,1466,84.5,0,0,0,1,1,1,
1642,969.493837884269,10314.6607118443,2425.49115076591,1398.5,65535,1463.5,65,0,0,0,1,1,1,
1643,969.597609181413,10313.5567840793,2426.59507853093,1310.5,65535,1394.5,84,0,0,0,1,1,1,
1644,969.701365826441,10312.4532484054,2427.69861420484,1270,65535,1333,63,0,0,0,1,1,1,
1645,969.805107815635,10311.3501046862,2428.80175792396,1344.5,65535,1411,66.5,0,0,0,1,1,1,
1646,969.908835145276,10310.2473527856,2429.90450982455,1276,65535,1338,62,0,0,0,1,1,1,
1647,970.012547811646,10309.1449925674,2431.00687004278,1380,65535,1442,62,0,0,0,1,1,1,
1648,970.116245811026,10308.0430238955,2432.10883871475,1272,65535,1314,42,0,0,0,1,1,1,
1649,970.219929139698,10306.9414466337,2433.21041597647,1326.5,65535,1393.5,67,0,0,0,1,1,1,
1650,970.323597793943,10305.8402606463,2434.31160196388,1299,65535,1385.5,86.5,0,0,0,1,1,1,
1651,970.427251770042,10304.7394657973,2435.41239681287,1401,65535,1461,60,0,0,0,1,1,1,
1652,970.530891064278,10303.639061951,2436.5128006592,1421,65535,1498,77,0,0,0,1,1,1,
1653,970.634515672931,10302.5390489716,2437.61281363861,1340.5,65535,1402.5,62,0,0,0,1,1,1,
1654,970.738125592283,10301.4394267235,2438.71243588671,1310,65535,1384,74,0,0,0,1,1,1,
1655,970.841720818616,10300.3401950711,2439.81166753908,1388,65535,1450,62,0,0,0,1,1,1,
1656,970.94530134821,10299.241353879,2440.9105087312,1373.5,65535,1457.5,84,0,0,0,1,1,1,
1657,971.048867177349,10298.1429030117,2442.00895959847,1310.5,65535,1366,55.5,0,0,0,1,1,1,
1658,971.152418302313,10297.044842334,2443.10702027622,1399,65535,1466.5,67.5,0,0,0,1,1,1,
1659,971.255954719383,10295.9471717105,2444.20469089971,1366,65535,1449.5,83.5,0,0,0,1,1,1,
1660,971.359476424841,10294.8498910061,2445.30197160412,1321.5,65535,1397,75.5,0,0,0,1,1,1,
1661,971.462983414969,10293.7530000857,2446.39886252455,1260.5,65535,1345.5,85,0,0,0,1,1,1,
1662,971.566475686048,10292.6564988142,2447.49536379601,1337,65535,1410,73,0,0,0,1,1,1,
1663,971.669953234359,10291.5603870567,2448.59147555347,1304,65535,1370,66,0,0,0,1,1,1,
1664,971.773416056185,10290.4646646784,2449.6871979318,1467,65535,1549,82,0,0,0,1,1,1,
1665,971.876864147806,10289.3693315444,2450.78253106578,1392,65535,1476,84,0,0,0,1,1,1,
1666,971.980297505504,10288.2743875201,2451.87747509015,1354,65535,1399.5,45.5,0,0,0,1,1,1,
1667,972.083716125561,10287.1798324707,2452.97203013955,1309,65535,1379,70,0,0,0,1,1,1,
1668,972.187120004258,10286.0856662617,2454.06619634855,1331,65535,1394,63,0,0,0,1,1,1,
1669,972.290509137876,10284.9918887586,2455.15997385163,1302,65535,1379.5,77.5,0,0,0,1,1,1,
1670,972.393883522698,10283.898499827,2456.25336278323,1297.5,65535,1347.5,50,0,0,0,1,1,1,
1671,972.497243155004,10282.8054993325,2457.34636327767,1294,65535,1368,74,0,0,0,1,1,1,
1672,972.600588031076,10281.712887141,2458.43897546923,1348,65535,1428.5,80.5,0,0,0,1,1,1,
1673,972.703918147196,10280.6206631181,2459.5311994921,1433.5,65535,1499.5,66,0,0,0,1,1,1,
1674,972.807233499644,10279.5288271298,2460.62303548038,1367.5,65535,1392.5,25,0,0,0,1,1,1,
1675,972.910534084703,10278.4373790421,2461.71448356813,1242,65535,1304.5,62.5,0,0,0,1,1,1,
1676,973.013819898655,10277.3463187209,2462.8055438893,1297,65535,1362.5,65.5,0,0,0,1,1,1,
1677,973.117090937779,10276.2556460324,2463.89621657778,1331.5,65535,1365.5,34,0,0,0,1,1,1,
1678,973.220347198359,10275.1653608428,2464.98650176738,1306,65535,1389,83,0,0,0,1,1,1,
1679,973.323588676675,10274.0754630184,2466.07639959184,1288.5,65535,1344,55.5,0,0,0,1,1,1,
1680,973.426815369009,10272.9859524254,2467.16591018483,1286.5,65535,1347,60.5,0,0,0,1,1,1,
1681,973.530027271643,10271.8968289303,2468.25503367992,1222.5,65535,1304.5,82,0,0,0,1,1,1,
1682,973.633224380858,10270.8080923996,2469.34377021063,1281,65535,1353,72,0,0,0,1,1,1,
1683,973.736406692935,10269.7197426998,2470.4321199104,1242,65535,1312,70,0,0,0,1,1,1,
1684,973.839574204156,10268.6317796976,2471.52008291258,1315,65535,1394.5,79.5,0,0,0,1,1,1,
1685,973.942726910803,10267.5442032597,2472.60765935046,1377,65535,1459.5,82.5,0,0,0,1,1,1,
1686,974.045864809157,10266.4570132529,2473.69484935726,1290,65535,1349.5,59.5,0,0,0,1,1,1,
1687,974.148987895499,10265.3702095441,2474.78165306609,1251,65535,1319.5,68.5,0,0,0,1,1,1,
1688,974.252096166111,10264.2837920002,2475.86807061004,1263.5,65535,1338.5,75,0,0,0,1,1,1,
1689,974.355189617275,10263.1977604881,2476.95410212208,1336.5,65535,1365,28.5,0,0,0,1,1,1,
1690,974.458268245272,10262.1121148751,2478.03974773512,1301.5,65535,1356.5,55,0,0,0,1,1,1,
1691,974.561332046383,10261.0268550282,2479.12500758199,1308.5,65535,1336,27.5,0,0,0,1,1,1,
1692,974.66438101689,10259.9419808147,2480.20988179546,1305,65535,1353.5,48.5,0,0,0,1,1,1,
1693,974.767415153074,10258.857492102,2481.29437050822,1300.5,65535,1373,72.5,0,0,0,1,1,1,
1694,974.870434451218,10257.7733887573,2482.37847385287,1319.5,65535,1384,64.5,0,0,0,1,1,1,
1695,974.973438907602,10256.6896706482,2483.46219196196,1289.5,65535,1373,83.5,0,0,0,1,1,1,
1696,975.076428518508,10255.6063376423,2484.54552496793,1328.5,65535,1373.5,45,0,0,0,1,1,1,
1697,975.179403280217,10254.523389607,2485.62847300319,1300,65535,1344.5,44.5,0,0,0,1,1,1,
1698,975.282363189012,10253.4408264102,2486.71103620004,1320.5,65535,1359,38.5,0,0,0,1,1,1,
1699,975.385308241172,10252.3586479195,2487.79321469071,1259,65535,1295.5,36.5,0,0,0,1,1,1,
1700,975.488238432981,10251.2768540028,2488.87500860739,1362.5,65535,1389.5,27,0,0,0,1,1,1,
1701,975.591153760719,10250.1954445281,2489.95641808214,1233.5,65535,1281,47.5,0,0,0,1,1,1,
1702,975.694054220668,10249.1144193632,2491.03744324699,1193.5,65535,1237.5,44,0,0,0,1,1,1,
1703,975.79693980911,10248.0337783763,2492.11808423388,1396,65535,1453.5,57.5,0,0,0,1,1,1,
1704,975.899810522325,10246.9535214355,2493.19834117468,1338,65535,1384,46,0,0,0,1,1,1,
1705,976.002666356596,10245.873648409,2494.27821420117,1247,65535,1299.5,52.5,0,0,0,1,1,1,
1706,976.105507308204,10244.7941591651,2495.35770344508,1283,65535,1327.5,44.5,0,0,0,1,1,1,
1707,976.20833337343,10243.7150535722,2496.43680903804,1256.5,65535,1313,56.5,0,0,0,1,1,1,
1708,976.311144548556,10242.6363314986,2497.51553111163,1321,65535,1337,16,0,0,0,1,1,1,
1709,976.413940829864,10241.5579928129,2498.59386979734,1270.5,65535,1301.5,31,0,0,0,1,1,1,
1710,976.516722213634,10240.4800373836,2499.67182522659,1180,65535,1255.5,75.5,0,0,0,1,1,1,
1711,976.619488696149,10239.4024650795,2500.74939753073,1347,65535,1374,27,0,0,0,1,1,1,
1712,976.722240273689,10238.3252757692,2501.82658684103,1262,65535,1305,43,0,0,0,1,1,1,
1713,976.824976942538,10237.2484693215,2502.90339328871,1310,65535,1353.5,43.5,0,0,0,1,1,1,
1714,976.927698698974,10236.1720456053,2503.97981700486,1309,65535,1365.5,56.5,0,0,0,1,1,1,
1715,977.030405539282,10235.0960044896,2505.05585812056,1289,65535,1335,46,0,0,0,1,1,1,
1716,977.133097459741,10234.0203458434,2506.13151676677,1323,65535,1391,68,0,0,0,1,1,1,
1717,977.235774456634,10232.9450695358,2507.20679307441,1349.5,65535,1413,63.5,0,0,0,1,1,1,
1718,977.338436526241,10231.8701754359,2508.2816871743,1197,65535,1256,59,0,0,0,1,1,1,
1719,977.441083664845,10230.795663413,2509.3561991972,1346.5,65535,1407,60.5,0,0,0,1,1,1,
1720,977.543715868727,10229.7215333364,2510.43032927379,1330,65535,1373.5,43.5,0,0,0,1,1,1,
1721,977.646333134168,10228.6477850755,2511.50407753469,1221,65535,1274,53,0,0,0,1,1,1,
1722,977.74893545745,10227.5744184998,2512.57744411043,1275,65535,1329.5,54.5,0,0,0,1,1,1,
1723,977.851522834854,10226.5014334787,2513.65042913146,1258,65535,1271.5,13.5,0,0,0,1,1,1,
1724,977.954095262662,10225.428829882,2514.72303272819,1289,65535,1346.5,57.5,0,0,0,1,1,1,
1725,978.056652737155,10224.3566075793,2515.79525503093,1348.5,65535,1372,23.5,0,0,0,1,1,1,
1726,978.159195254615,10223.2847664403,2516.86709616992,1221.5,65535,1278.5,57,0,0,0,1,1,1,
1727,978.261722811324,10222.2133063349,2517.93855627533,1309,65535,1376,67,0,0,0,1,1,1,
1728,978.364235403563,10221.142227133,2519.00963547725,1299.5,65535,1365,65.5,0,0,0,1,1,1,
1729,978.466733027612,10220.0715287045,2520.08033390571,1332.5,65535,1416,83.5,0,0,0,1,1,1,
1730,978.569215679755,10219.0012109195,2521.15065169066,1299.5,65535,1379.5,80,0,0,0,1,1,1,
1731,978.671683356272,10217.9312736482,2522.22058896198,1317.5,65535,1373.5,56,0,0,0,1,1,1,
1732,978.774136053445,10216.8617167607,2523.29014584947,1291,65535,1329.5,38.5,0,0,0,1,1,1,
1733,978.876573767555,10215.7925401273,2524.35932248286,1197,65535,1274.5,77.5,0,0,0,1,1,1,
1734,978.978996494884,10214.7237436184,2525.42811899181,1313.5,65535,1356.5,43,0,0,0,1,1,1,
1735,979.081404231713,10213.6553271043,2526.49653550589,1293.5,65535,1341.5,48,0,0,0,1,1,1,
1736,979.183796974324,10212.5872904556,2527.56457215464,1234.5,65535,1281,46.5,0,0,0,1,1,1,
1737,979.286174718998,10211.5196335427,2528.63222906748,1233,65535,1287,54,0,0,0,1,1,1,
1738,979.388537462017,10210.4523562364,2529.69950637378,1325.5,65535,1375,49.5,0,0,0,1,1,1,
1739,979.490885199662,10209.3854584074,2530.76640420283,1262.5,65535,1319.5,57,0,0,0,1,1,1,
1740,979.593217928216,10208.3189399263,2531.83292268386,1369.5,65535,1445.5,76,0,0,0,1,1,1,
1741,979.695535643958,10207.2528006642,2532.89906194601,1375,65535,1433,58,0,0,0,1,1,1,
1742,979.797838343171,10206.1870404918,2533.96482211835,1316.5,65535,1361.5,45,0,0,0,1,1,1,
1743,979.900126022137,10205.1216592803,2535.03020332991,1408,65535,1449,41,0,0,0,1,1,1,
1744,980.002398677136,10204.0566569006,2536.09520570959,1254,65535,1307.5,53.5,0,0,0,1,1,1,
1745,980.104656304451,10202.9920332239,2537.15982938626,1254.5,65535,1303,48.5,0,0,0,1,1,1,
1746,980.206898900362,10201.9277881215,2538.22407448871,1325,65535,1375.5,50.5,0,0,0,1,1,1,
1747,980.309126461151,10200.8639214646,2539.28794114564,1347,65535,1409,62,0,0,0,1,1,1,
1748,980.411338983101,10199.8004331245,2540.3514294857,1230.5,65535,1299.5,69,0,0,0,1,1,1,
1749,980.513536462491,10198.7373229727,2541.41453963746,1322.5,65535,1360,37.5,0,0,0,1,1,1,
1750,980.615718895605,10197.6745908808,2542.47727172942,1319.5,65535,1352,32.5,0,0,0,1,1,1,
1751,980.717886278722,10196.6122367202,2543.53962588999,1365,65535,1402,37,0,0,0,1,1,1,
1752,980.820038608126,10195.5502603627,2544.60160224753,1300,65535,1347.5,47.5,0,0,0,1,1,1,
1753,980.922175880096,10194.4886616799,2545.66320093032,1247.5,65535,1290,42.5,0,0,0,1,1,1,
1754,981.024298090915,10193.4274405436,2546.72442206656,1315.5,65535,1386.5,71,0,0,0,1,1,1,
1755,981.126405236865,10192.3665968258,2547.7852657844,1275,65535,1344.5,69.5,0,0,0,1,1,1,
1756,981.228497314226,10191.3061303983,2548.84573221189,1231.5,65535,1293.5,62,0,0,0,1,1,1,
1757,981.330574319281,10190.2460411332,2549.90582147702,1315,65535,1370,55,0,0,0,1,1,1,
1758,981.43263624831,10189.1863289025,2550.96553370772,1232.5,65535,1302,69.5,0,0,0,1,1,1,
1759,981.534683097595,10188.1269935784,2552.02486903183,1355.5,65535,1390,34.5,0,0,0,1,1,1,
1760,981.636714863418,10187.0680350331,2553.08382757713,1281,65535,1336.5,55.5,0,0,0,1,1,1,
1761,981.738731542061,10186.0094531389,2554.14240947133,1314,65535,1381,67,0,0,0,1,1,1,
1762,981.840733129804,10184.9512477682,2555.20061484204,1433.5,65535,1498,64.5,0,0,0,1,1,1,
1763,981.942719622929,10183.8934187934,2556.25844381685,1420.5,65535,1482.5,62,0,0,0,1,1,1,
1764,982.044691017718,10182.835966087,2557.31589652322,1277,65535,1335,58,0,0,0,1,1,1,
1765,982.146647310452,10181.7788895216,2558.37297308858,1319.5,65535,1394.5,75,0,0,0,1,1,1,
1766,982.248588497413,10180.7221889699,2559.42967364028,1223.5,65535,1269.5,46,0,0,0,1,1,1,
1767,982.350514574882,10179.6658643046,2560.48599830559,1291.5,65535,1325.5,34,0,0,0,1,1,1,
1768,982.452425539141,10178.6099153985,2561.54194721171,1339,65535,1378,39,0,0,0,1,1,1,
1769,982.554321386471,10177.5543421244,2562.59752048577,1235,65535,1305,70,0,0,0,1,1,1,
1770,982.656202113153,10176.4991443554,2563.65271825483,1287,65535,1319,32,0,0,0,1,1,1,
1771,982.75806771547,10175.4443219643,2564.70754064589,1254.5,65535,1305.5,51,0,0,0,1,1,1,
1772,982.859918189703,10174.3898748244,2565.76198778585,1293.5,65535,1324,30.5,0,0,0,1,1,1,
1773,982.961753532132,10173.3358028086,2566.81605980156,1298.5,65535,1346,47.5,0,0,0,1,1,1,
1774,983.06357373904,10172.2821057904,2567.8697568198,1329,65535,1363,34,0,0,0,1,1,1,
1775,983.165378806709,10171.2287836429,2568.92307896727,1338.5,65535,1364.5,26,0,0,0,1,1,1,
1776,983.267168731419,10170.1758362396,2569.9760263706,1306,65535,1366,60,0,0,0,1,1,1,
1777,983.368943509452,10169.1232634538,2571.02859915635,1308,65535,1353.5,45.5,0,0,0,1,1,1,
1778,983.47070313709,10168.0710651592,2572.08079745102,1319,65535,1338,19,0,0,0,1,1,1,
1779,983.572447610614,10167.0192412292,2573.13262138101,1268,65535,1282,14,0,0,0,1,1,1,
1780,983.674176926305,10165.9677915375,2574.18407107268,1705,65535,1762.5,57.5,0,0,0,1,1,1,
1781,983.775891080446,10164.9167159579,2575.23514665231,1331,65535,1358,27,0,0,0,1,1,1,
1782,983.877590069317,10163.8660143641,2576.28584824609,1291,65535,1322,31,0,0,0,1,1,1,
1783,983.979273889201,10162.81568663,2577.33617598017,1306.5,65535,1352.5,46,0,0,0,1,1,1,
1784,984.080942536378,10161.7657326296,2578.38612998061,1271.5,65535,1315,43.5,0,0,0,1,1,1,
1785,984.18259600713,10160.7161522368,2579.4357103734,1286.5,65535,1303.5,17,0,0,0,1,1,1,
1786,984.284234297739,10159.6669453257,2580.48491728446,1373.5,65535,1410,36.5,0,0,0,1,1,1,
1787,984.385857404486,10158.6181117706,2581.53375083965,1353,65535,1374,21,0,0,0,1,1,1,
1788,984.487465323653,10157.5696514455,2582.58221116474,1354,65535,1382.5,28.5,0,0,0,1,1,1,
1789,984.589058051521,10156.5215642247,2583.63029838545,1351.5,65535,1389,37.5,0,0,0,1,1,1,
1790,984.690635584371,10155.4738499828,2584.67801262742,1284,65535,1295,11,0,0,0,1,1,1,
1791,984.792197918485,10154.426508594,2585.72535401622,1431,65535,1503,72,0,0,0,1,1,1,
1792,984.893745050145,10153.3795399329,2586.77232267734,1294,65535,1318,24,0,0,0,1,1,1,
1793,984.995276975632,10152.332943874,2587.81891873621,1174,65535,1226.5,52.5,0,0,0,1,1,1,
1794,985.096793691228,10151.286720292,2588.86514231819,1353,65535,1405.5,52.5,0,0,0,1,1,1,
1795,985.198295193214,10150.2408690616,2589.91099354857,1312.5,65535,1337.5,25,0,0,0,1,1,1,
1796,985.299781477871,10149.1953900576,2590.95647255257,1314,65535,1349.5,35.5,0,0,0,1,1,1,
1797,985.401252541481,10148.1502831549,2592.00157945533,1223.5,65535,1274.5,51,0,0,0,1,1,1,
1798,985.502708380326,10147.1055482283,2593.04631438193,1275,65535,1320.5,45.5,0,0,0,1,1,1,
1799,985.604148990687,10146.0611851528,2594.09067745737,1335,65535,1382,47,0,0,0,1,1,1,
1800,985.705574368846,10145.0171938036,2595.1346688066,1324,65535,1349.5,25.5,0,0,0,1,1,1,
1801,985.806984511084,10143.9735740557,2596.17828855447,1258,65535,1311,53,0,0,0,1,1,1,
1802,985.908379413682,10142.9303257844,2597.22153682579,1293.5,65535,1319.5,26,0,0,0,1,1,1,
1803,986.009759072922,10141.8874488649,2598.26441374528,1280.5,65535,1316.5,36,0,0,0,1,1,1,
1804,986.111123485086,10140.8449431726,2599.30691943759,1300,65535,1335.5,35.5,0,0,0,1,1,1,
1805,986.212472646455,10139.8028085829,2600.34905402731,1299,65535,1348.5,49.5,0,0,0,1,1,1,
1806,986.31380655331,10138.7610449712,2601.39081763897,1394,65535,1413,19,0,0,0,1,1,1,
1807,986.415125201934,10137.7196522132,2602.43221039699,1287,65535,1328.5,41.5,0,0,0,1,1,1,
1808,986.516428588607,10136.6786301844,2603.47323242577,1292,65535,1337.5,45.5,0,0,0,1,1,1,
1809,986.617716709611,10135.6379787606,2604.5138838496,1244,65535,1302.5,58.5,0,0,0,1,1,1,
1810,986.718989561227,10134.5976978175,2605.55416479273,1239.5,65535,1280,40.5,0,0,0,1,1,1,
1811,986.820247139738,10133.5577872309,2606.59407537931,2032,65535,2081.5,49.5,0,0,0,1,1,1,
1812,986.921489441424,10132.5182468767,2607.63361573346,1318.5,65535,1384.5,66,0,0,0,1,1,1,
1813,987.022716462567,10131.479076631,2608.67278597919,1226.5,65535,1246.5,20,0,0,0,1,1,1,
1814,987.123928199449,10130.4402763697,2609.71158624047,1333,65535,1360,27,0,0,0,1,1,1,
1815,987.22512464835,10129.401845969,2610.75001664118,1232,65535,1301,69,0,0,0,1,1,1,
1816,987.326305805553,10128.3637853051,2611.78807730514,1297.5,65535,1309.5,12,0,0,0,1,1,1,
1817,987.42747166734,10127.3260942541,2612.8257683561,1282.5,65535,1335,52.5,0,0,0,1,1,1,
1818,987.52862222999,10126.2887726925,2613.86308991774,1241.5,65535,1297,55.5,0,0,0,1,1,1,
1819,987.629757489787,10125.2518204965,2614.90004211368,1256,65535,1303.5,47.5,0,0,0,1,1,1,
1820,987.730877443011,10124.2152375427,2615.93662506745,1266,65535,1350.5,84.5,0,0,0,1,1,1,
1821,987.831982085944,10123.1790237077,2616.97283890253,1272.5,65535,1313.5,41,0,0,0,1,1,1,
1822,987.933071414868,10122.1431788679,2618.00868374232,1278,65535,1306,28,0,0,0,1,1,1,
1823,988.034145426063,10121.1077029001,2619.04415971015,1229,65535,1254,25,0,0,0,1,1,1,
1824,988.135204115812,10120.0725956809,2620.07926692928,1270,65535,1304,34,0,0,0,1,1,1,
1825,988.236247480396,10119.0378570873,2621.11400552292,1336.5,65535,1361,24.5,0,0,0,1,1,1,
1826,988.337275516097,10118.003486996,2622.14837561419,1331,65535,1343.5,12.5,0,0,0,1,1,1,
1827,988.438288219195,10116.9694852841,2623.18237732615,1175.5,65535,1202.5,27,0,0,0,1,1,1,
1828,988.539285585973,10115.9358518284,2624.21601078178,1212.5,65535,1268,55.5,0,0,0,1,1,1,
1829,988.640267612712,10114.9025865062,2625.249276104,1230.5,65535,1278.5,48,0,0,0,1,1,1,
1830,988.741234295693,10113.8696891945,2626.28217341567,1257.5,65535,1297,39.5,0,0,0,1,1,1,
1831,988.842185631198,10112.8371597706,2627.31470283956,1213,65535,1271.5,58.5,0,0,0,1,1,1,
1832,988.943121615509,10111.8049981118,2628.34686449839,1244.5,65535,1306,61.5,0,0,0,1,1,1,
1833,989.044042244907,10110.7732040954,2629.3786585148,1364.5,65535,1395,30.5,0,0,0,1,1,1,
1834,989.144947515673,10109.7417775988,2630.41008501137,1211,65535,1247.5,36.5,0,0,0,1,1,1,
1835,989.245837424089,10108.7107184996,2631.4411441106,1246.5,65535,1285.5,39,0,0,0,1,1,1,
1836,989.346711966436,10107.6800266753,2632.47183593493,1348,65535,1380,32,0,0,0,1,1,1,
1837,989.447571138996,10106.6497020035,2633.50216060673,1353,65535,1380,27,0,0,0,1,1,1,
1838,989.548414938051,10105.6197443619,2634.53211824829,1320.5,65535,1339,18.5,0,0,0,1,1,1,
1839,989.649243359882,10104.5901536283,2635.56170898186,1278,65535,1310,32,0,0,0,1,1,1,
1840,989.75005640077,10103.5609296806,2636.59093292959,1289,65535,1298.5,9.5,0,0,0,1,1,1,
1841,989.850854056997,10102.5320723966,2637.61979021358,1242.5,65535,1280.5,38,0,0,0,1,1,1,
1842,989.951636324844,10101.5035816543,2638.64828095585,1362.5,65535,1378.5,16,0,0,0,1,1,1,
1843,990.052403200594,10100.4754573318,2639.67640527837,1364.5,65535,1401,36.5,0,0,0,1,1,1,
1844,990.153154680526,10099.4476993072,2640.70416330301,1291.5,65535,1306.5,15,0,0,0,1,1,1,
1845,990.253890760924,10098.4203074586,2641.73155515161,1240.5,65535,1254,13.5,0,0,0,1,1,1,
1846,990.354611438068,10097.3932816643,2642.75858094591,1327,65535,1345,18,0,0,0,1,1,1,
1847,990.45531670824,10096.3666218026,2643.7852408076,1303.5,65535,1315.5,12,0,0,0,1,1,1,
1848,990.556006567721,10095.3403277519,2644.81153485829,1252,65535,1291.5,39.5,0,0,0,1,1,1,
1849,990.656681012793,10094.3143993907,2645.83746321954,1221.5,65535,1267.5,46,0,0,0,1,1,1,
1850,990.757340039738,10093.2888365974,2646.86302601282,1279.5,65535,1316.5,37,0,0,0,1,1,1,
1851,990.857983644836,10092.2636392507,2647.88822335955,1262.5,65535,1306,43.5,0,0,0,1,1,1,
1852,990.95861182437,10091.2388072291,2648.91305538106,1263.5,65535,1312,48.5,0,0,0,1,1,1,
1853,991.059224574621,10090.2143404116,2649.93752219864,1270.5,65535,1333.5,63,0,0,0,1,1,1,
1854,991.15982189187,10089.1902386767,2650.96162393349,1237.5,65535,1272,34.5,0,0,0,1,1,1,
1855,991.260403772399,10088.1665019034,2651.98536070675,1341,65535,1374,33,0,0,0,1,1,1,
1856,991.360970212489,10087.1431299707,2653.0087326395,1308,65535,1322,14,0,0,0,1,1,1,
1857,991.461521208422,10086.1201227575,2654.03173985273,1282,65535,1309.5,27.5,0,0,0,1,1,1,
1858,991.562056756479,10085.0974801428,2655.05438246738,1264,65535,1284,20,0,0,0,1,1,1,
1859,991.662576852943,10084.0752020059,2656.07666060433,1312,65535,1378.5,66.5,0,0,0,1,1,1,
1860,991.763081494093,10083.0532882258,2657.09857438437,1333,65535,1357.5,24.5,0,0,0,1,1,1,
1861,991.863570676213,10082.031738682,2658.12012392824,1351.5,65535,1393,41.5,0,0,0,1,1,1,
1862,991.964044395582,10081.0105532536,2659.14130935659,1323,65535,1350.5,27.5,0,0,0,1,1,1,
1863,992.064502648484,10079.9897318202,2660.16213079004,1273.5,65535,1279,5.5,0,0,0,1,1,1,
1864,992.164945431199,10078.9692742611,2661.1825883491,1347,65535,1358.5,11.5,0,0,0,1,1,1,
1865,992.265372740009,10077.949180456,2662.20268215424,1238,65535,1271,33,0,0,0,1,1,1,
1866,992.365784571195,10076.9294502843,2663.22241232586,1307,65535,1310.5,3.5,0,0,0,1,1,1,
1867,992.466180921039,10075.9100836259,2664.24177898428,1264,65535,1297.5,33.5,0,0,0,1,1,1,
1868,992.566561785822,10074.8910803604,2665.26078224977,1290.5,65535,1323,32.5,0,0,0,1,1,1,
1869,992.666927161826,10073.8724403677,2666.27942224251,1285,65535,1325,40,0,0,0,1,1,1,
1870,992.767277045332,10072.8541635276,2667.29769908263,1296,65535,1326,30,0,0,0,1,1,1,
1871,992.867611432622,10071.83624972,2668.3156128902,1272.5,65535,1294.5,22,0,0,0,1,1,1,
1872,992.967930319978,10070.818698825,2669.33316378519,1300.5,65535,1322,21.5,0,0,0,1,1,1,
1873,993.06823370368,10069.8015107227,2670.35035188754,1323,65535,1352.5,29.5,0,0,0,1,1,1,
1874,993.16852158001,10068.7846852931,2671.3671773171,1291.5,65535,1308.5,17,0,0,0,1,1,1,
1875,993.26879394525,10067.7682224165,2672.38364019366,1276,65535,1319.5,43.5,0,0,0,1,1,1,
1876,993.369050795682,10066.7521219733,2673.39974063694,1249,65535,1270,21,0,0,0,1,1,1,
1877,993.469292127586,10065.7363838436,2674.41547876659,1262,65535,1298,36,0,0,0,1,1,1,
1878,993.569517937245,10064.721007908,2675.43085470222,1242.5,65535,1282.5,40,0,0,0,1,1,1,
1879,993.669728220939,10063.7059940469,2676.44586856332,1300,65535,1325.5,25.5,0,0,0,1,1,1,
1880,993.769922974951,10062.6913421408,2677.46052046937,1213,65535,1248.5,35.5,0,0,0,1,1,1,
1881,993.870102195561,10061.6770520705,2678.47481053974,1326.5,65535,1340,13.5,0,0,0,1,1,1,
1882,993.970265879052,10060.6631237164,2679.48873889377,1312.5,65535,1343,30.5,0,0,0,1,1,1,
1883,994.070414021704,10059.6495569595,2680.50230565069,1379.5,65535,1414,34.5,0,0,0,1,1,1,
1884,994.1705466198,10058.6363516805,2681.51551092969,1157.5,65535,1183.5,26,0,0,0,1,1,1,
1885,994.27066366962,10057.6235077603,2682.52835484991,1252,65535,1260,8,0,0,0,1,1,1,
1886,994.370765167447,10056.6110250798,2683.54083753039,1285,65535,1317.5,32.5,0,0,0,1,1,1,
1887,994.470851109561,10055.5989035201,2684.55295909011,1277.5,65535,1303,25.5,0,0,0,1,1,1,
1888,994.570921492245,10054.5871429622,2685.56471964799,1201.5,65535,1249,47.5,0,0,0,1,1,1,
1889,994.670976311779,10053.5757432873,2686.5761193229,1254.5,65535,1304,49.5,0,0,0,1,1,1,
1890,994.771015564446,10052.5647043766,2687.58715823361,1300.5,65535,1343.5,43,0,0,0,1,1,1,
1891,994.871039246526,10051.5540261113,2688.59783649885,1264.5,65535,1284,19.5,0,0,0,1,1,1,
1892,994.971047354302,10050.5437083729,2689.60815423727,1339,65535,1372.5,33.5,0,0,0,1,1,1,
1893,995.071039884054,10049.5337510427,2690.61811156746,1285,65535,1344,59,0,0,0,1,1,1,
1894,995.171016832064,10048.5241540023,2691.62770860793,1244.5,65535,1288,43.5,0,0,0,1,1,1,
1895,995.270978194614,10047.5149171331,2692.63694547714,1183,65535,1210.5,27.5,0,0,0,1,1,1,
1896,995.370923967986,10046.5060403167,2693.64582229349,1196.5,65535,1224,27.5,0,0,0,1,1,1,
1897,995.47085414846,10045.4975234349,2694.65433917528,1250,65535,1281,31,0,0,0,1,1,1,
1898,995.570768732318,10044.4893663694,2695.66249624078,1192.5,65535,1225,32.5,0,0,0,1,1,1,
1899,995.670667715842,10043.481569002,2696.67029360817,1251.5,65535,1305,53.5,0,0,0,1,1,1,
1900,995.770551095313,10042.4741312146,2697.67773139559,1276,65535,1294.5,18.5,0,0,0,1,1,1,
1901,995.870418867013,10041.4670528891,2698.68480972108,1268,65535,1310.5,42.5,0,0,0,1,1,1,
1902,995.970271027223,10040.4603339076,2699.69152870263,1240,65535,1252.5,12.5,0,0,0,1,1,1,
1903,996.070107572225,10039.453974152,2700.69788845818,1306.5,65535,1360,53.5,0,0,0,1,1,1,
1904,996.169928498299,10038.4479735046,2701.70388910558,1166.5,65535,1203,36.5,0,0,0,1,1,1,
1905,996.269733801729,10037.4423318476,2702.70953076262,1199.5,65535,1240.5,41,0,0,0,1,1,1,
1906,996.369523478794,10036.4370490632,2703.71481354702,1256.5,65535,1287,30.5,0,0,0,1,1,1,
1907,996.469297525778,10035.4321250337,2704.71973757646,1206.5,65535,1239.5,33,0,0,0,1,1,1,
1908,996.56905593896,10034.4275596417,2705.72430296852,1185.5,65535,1238,52.5,0,0,0,1,1,1,
1909,996.668798714623,10033.4233527695,2706.72850984073,1306,65535,1327.5,21.5,0,0,0,1,1,1,
1910,996.768525849049,10032.4195042996,2707.73235831056,1303,65535,1324.5,21.5,0,0,0,1,1,1,
1911,996.868237338518,10031.4160141148,2708.7358484954,1317,65535,1372.5,55.5,0,0,0,1,1,1,
1912,996.967933179312,10030.4128820976,2709.73898051259,1277,65535,1282,5,0,0,0,1,1,1,
1913,997.067613367713,10029.4101081308,2710.74175447939,1221,65535,1238.5,17.5,0,0,0,1,1,1,
1914,997.167277900002,10028.4076920972,2711.74417051301,1187.5,65535,1218.5,31,0,0,0,1,1,1,
1915,997.26692677246,10027.4056338796,2712.74622873056,1218.5,65535,1235.5,17,0,0,0,1,1,1,
1916,997.36655998137,10026.4039333611,2713.74792924914,1245.5,65535,1249,3.5,0,0,0,1,1,1,
1917,997.466177523012,10025.4025904245,2714.74927218573,1296,65535,1287,-9,0,0,0,1,1,1,
1918,997.565779393668,10024.4016049529,2715.75025765728,1242.5,65535,1274.5,32,0,0,0,1,1,1,
1919,997.66536558962,10023.4009768295,2716.75088578066,1298,65535,1323.5,25.5,0,0,0,1,1,1,
1920,997.764936107149,10022.4007059375,2717.75115667268,1208.5,65535,1240,31.5,0,0,0,1,1,1,
1921,997.864490942537,10021.4007921601,2718.75107045008,1246,65535,1264.5,18.5,0,0,0,1,1,1,
1922,997.964030092065,10020.4012353807,2719.75062722953,1336,65535,1358.5,22.5,0,0,0,1,1,1,
1923,998.063553552015,10019.4020354825,2720.74982712766,1184.5,65535,1215.5,31,0,0,0,1,1,1,
1924,998.163061318667,10018.4031923492,2721.74867026099,1238.5,65535,1274,35.5,0,0,0,1,1,1,
1925,998.262553388304,10017.4047058642,2722.74715674601,1206,65535,1246,40,0,0,0,1,1,1,
1926,998.362029757208,10016.4065759111,2723.74528669915,1280.5,65535,1281,0.5,0,0,0,1,1,1,
1927,998.461490421658,10015.4088023735,2724.74306023674,1298,65535,1333.5,35.5,0,0,0,1,1,1,
1928,998.560935377938,10014.4113851351,2725.74047747508,1200,65535,1184.5,-15.5,0,0,0,1,1,1,
1929,998.660364622329,10013.4143240798,2726.73753853039,1142,65535,1183.5,41.5,0,0,0,1,1,1,
1930,998.759778151112,10012.4176190914,2727.73424351881,1254,65535,1277.5,23.5,0,0,0,1,1,1,
1931,998.859175960568,10011.4212700538,2728.73059255644,1178.5,65535,1218.5,40,0,0,0,1,1,1,
1932,998.958558046979,10010.4252768509,2729.72658575931,1198.5,65535,1221,22.5,0,0,0,1,1,1,
1933,999.057924406627,10009.4296393668,2730.72222324337,1243.5,65535,1255,11.5,0,0,0,1,1,1,
1934,999.157275035793,10008.4343574857,2731.71750512452,1231,65535,1284,53,0,0,0,1,1,1,
1935,999.256609930758,10007.4394310916,2732.71243151859,1252,65535,1283,31,0,0,0,1,1,1,
1936,999.355929087804,10006.4448600689,2733.70700254134,1280.5,65535,1285.5,5,0,0,0,1,1,1,
1937,999.455232503214,10005.4506443017,2734.70121830849,1239,65535,1266.5,27.5,0,0,0,1,1,1,
1938,999.554520173266,10004.4567836746,2735.69507893565,1274,65535,1273,-1,0,0,0,1,1,1,
1939,999.653792094245,10003.4632780718,2736.68858453841,1317,65535,1353.5,36.5,0,0,0,1,1,1,
1940,999.753048262431,10002.4701273779,2737.68173523226,1335,65535,1345,10,0,0,0,1,1,1,
1941,999.852288674105,10001.4773314775,2738.67453113266,1153.5,65535,1196,42.5,0,0,0,1,1,1,
1942,999.951513325549,10000.4848902552,2739.66697235498,1336,65535,1363.5,27.5,0,0,0,1,1,1,
1943,1000.05072221304,9999.49280359567,2740.65905901453,1348,65535,1374,26,0,0,0,1,1,1,
1944,1000.14991533287,9998.50107138365,2741.65079122656,1227.5,65535,1262.5,35,0,0,0,1,1,1,
1945,1000.24909268132,9997.50969350395,2742.64216910625,1215.5,65535,1235,19.5,0,0,0,1,1,1,
1946,1000.34825425466,9996.51866984148,2743.63319276873,1265,65535,1302,37,0,0,0,1,1,1,
1947,1000.44740004917,9995.52800028116,2744.62386232904,1364.5,65535,1379,14.5,0,0,0,1,1,1,
1948,1000.54653006115,9994.53768470802,2745.61417790218,1213.5,65535,1242.5,29,0,0,0,1,1,1,
1949,1000.64564428687,9993.54772300712,2746.60413960308,1210.5,65535,1231.5,21,0,0,0,1,1,1,
1950,1000.7447427226,9992.55811506361,2747.59374754659,1275,65535,1311.5,36.5,0,0,0,1,1,1,
1951,1000.84382536465,9991.56886076269,2748.58300184752,1191,65535,1229.5,38.5,0,0,0,1,1,1,
1952,1000.94289220927,9990.57995998961,2749.57190262059,1252.5,65535,1284,31.5,0,0,0,1,1,1,
1953,1001.04194325277,9989.59141262972,2750.56044998048,1270,65535,1283.5,13.5,0,0,0,1,1,1,
1954,1001.14097849141,9988.60321856841,2751.54864404179,1282,65535,1300,18,0,0,0,1,1,1,
1955,1001.23999792148,9987.61537769114,2752.53648491906,1281.5,65535,1295.5,14,0,0,0,1,1,1,
1956,1001.33900153926,9986.62788988343,2753.52397272677,1148.5,65535,1199.5,51,0,0,0,1,1,1,
1957,1001.43798934103,9985.64075503087,2754.51110757933,1245.5,65535,1242.5,-3,0,0,0,1,1,1,
1958,1001.53696132308,9984.65397301911,2755.49788959109,1190,65535,1213,23,0,0,0,1,1,1,
1959,1001.63591748169,9983.66754373386,2756.48431887634,1215,65535,1255.5,40.5,0,0,0,1,1,1,
1960,1001.73485781313,9982.68146706091,2757.47039554929,1230,65535,1278.5,48.5,0,0,0,1,1,1,
1961,1001.83378231369,9981.6957428861,2758.4561197241,1317,65535,1352.5,35.5,0,0,0,1,1,1,
1962,1001.93269097965,9980.71037109533,2759.44149151487,1222,65535,1249.5,27.5,0,0,0,1,1,1,
1963,1002.03158380729,9979.72535157458,2760.42651103562,1265.5,65535,1290,24.5,0,0,0,1,1,1,
1964,1002.13046079289,9978.74068420988,2761.41117840032,1262,65535,1301,39,0,0,0,1,1,1,
1965,1002.22932193274,9977.75636888733,2762.39549372287,1244,65535,1283,39,0,0,0,1,1,1,
1966,1002.32816722311,9976.77240549309,2763.37945711711,1184.5,65535,1200,15.5,0,0,0,1,1,1,
1967,1002.42699666029,9975.78879391339,2764.36306869681,1211,65535,1213,2,0,0,0,1,1,1,
1968,1002.52581024056,9974.80553403451,2765.34632857569,1229.5,65535,1285.5,56,0,0,0,1,1,1,
1969,1002.6246079602,9973.82262574282,2766.32923686738,1181.5,65535,1210.5,29,0,0,0,1,1,1,
1970,1002.7233898155,9972.84006892472,2767.31179368548,1321.5,65535,1328,6.5,0,0,0,1,1,1,
1971,1002.82215580272,9971.8578634667,2768.29399914351,1221.5,65535,1260.5,39,0,0,0,1,1,1,
1972,1002.92090591816,9970.8760092553,2769.27585335491,1222.5,65535,1224.5,2,0,0,0,1,1,1,
1973,1003.0196401581,9969.89450617712,2770.25735643308,1197.5,65535,1245.5,48,0,0,0,1,1,1,
1974,1003.11835851882,9968.91335411885,2771.23850849135,1298,65535,1330,32,0,0,0,1,1,1,
1975,1003.21706099659,9967.93255296721,2772.219309643,1226,65535,1253.5,27.5,0,0,0,1,1,1,
1976,1003.31574758771,9966.95210260899,2773.19976000121,1206.5,65535,1239,32.5,0,0,0,1,1,1,
1977,1003.41441828844,9965.97200293107,2774.17985967913,1201.5,65535,1223.5,22,0,0,0,1,1,1,
1978,1003.51307309509,9964.99225382036,2775.15960878984,1219.5,65535,1278.5,59,0,0,0,1,1,1,
1979,1003.61171200391,9964.01285516386,2776.13900744635,1245.5,65535,1259.5,14,0,0,0,1,1,1,
1980,1003.71033501121,9963.0338068486,2777.1180557616,1319.5,65535,1327.5,8,0,0,0,1,1,1,
1981,1003.80894211325,9962.05510876172,2778.09675384848,1194.5,65535,1186,-8.5,0,0,0,1,1,1,
1982,1003.90753330632,9961.07676079037,2779.07510181983,1224.5,65535,1255,30.5,0,0,0,1,1,1,
1983,1004.00610858671,9960.09876282182,2780.05309978839,1174,65535,1203.5,29.5,0,0,0,1,1,1,
1984,1004.10466795068,9959.12111474334,2781.03074786686,1169.5,65535,1185,15.5,0,0,0,1,1,1,
1985,1004.20321139453,9958.14381644232,2782.00804616788,1169,65535,1214.5,45.5,0,0,0,1,1,1,
1986,1004.30173891454,9957.16686780618,2782.98499480402,1362.5,65535,1391,28.5,0,0,0,1,1,1,
1987,1004.40025050699,9956.19026872241,2783.96159388779,1226,65535,1244,18,0,0,0,1,1,1,
1988,1004.49874616815,9955.21401907857,2784.93784353164,1148.5,65535,1186.5,38,0,0,0,1,1,1,
1989,1004.59722589431,9954.23811876227,2785.91374384793,1231.5,65535,1260.5,29,0,0,0,1,1,1,
1990,1004.69568968176,9953.26256766121,2786.889294949,1229,65535,1274.5,45.5,0,0,0,1,1,1,
1991,1004.79413752677,9952.28736566311,2787.86449694709,1244,65535,1265,21,0,0,0,1,1,1,
1992,1004.89256942562,9951.31251265579,2788.83934995442,1225.5,65535,1257.5,32,0,0,0,1,1,1,
1993,1004.9909853746,9950.33800852711,2789.81385408309,1121,65535,1169,48,0,0,0,1,1,1,
1994,1005.08938536999,9949.36385316501,2790.78800944519,1138.5,65535,1174.5,36,0,0,0,1,1,1,
1995,1005.18776940807,9948.39004645749,2791.76181615272,1184,65535,1192.5,8.5,0,0,0,1,1,1,
1996,1005.28613748511,9947.41658829259,2792.73527431761,1187.5,65535,1203.5,16,0,0,0,1,1,1,
1997,1005.38448959741,9946.44347855844,2793.70838405176,1179,65535,1251,72,0,0,0,1,1,1,
1998,1005.48282574125,9945.47071714322,2794.68114546698,1173.5,65535,1192.5,19,0,0,0,1,1,1,
1999,1005.5811459129,9944.49830393518,2795.65355867502,1278,65535,1333.5,55.5,0,0,0,1,1,1,
2000,1005.67945010864,9943.52623882262,2796.62562378758,1184.5,65535,1215.5,31,0,0,0,1,1,1,
2001,1005.77773832477,9942.55452169392,2797.59734091629,1176.5,65535,1230.5,54,0,0,0,1,1,1,
2002,1005.87601055755,9941.58315243749,2798.56871017271,1164,65535,1212,48,0,0,0,1,1,1,
2003,1005.97426680328,9940.61213094185,2799.53973166835,1231,65535,1218,-13,0,0,0,1,1,1,
2004,1006.07250705823,9939.64145709555,2800.51040551465,1207.5,65535,1229,21.5,0,0,0,1,1,1,
2005,1006.17073131868,9938.6711307872,2801.480731823,1300,65535,1304,4,0,0,0,1,1,1,
2006,1006.26893958092,9937.70115190549,2802.45071070471,1210,65535,1220,10,0,0,0,1,1,1,
2007,1006.36713184122,9936.73152033916,2803.42034227104,1163.5,65535,1219.5,56,0,0,0,1,1,1,
2008,1006.46530809588,9935.76223597702,2804.38962663318,1210.5,65535,1210,-0.5,0,0,0,1,1,1,
2009,1006.56346834116,9934.79329870793,2805.35856390227,1203,65535,1226.5,23.5,0,0,0,1,1,1,
2010,1006.66161257336,9933.82470842083,2806.32715418937,1298.5,65535,1316.5,18,0,0,0,1,1,1,
2011,1006.75974078875,9932.85646500471,2807.29539760549,1218.5,65535,1230,11.5,0,0,0,1,1,1,
2012,1006.85785298361,9931.88856834862,2808.26329426158,1202.5,65535,1245.5,43,0,0,0,1,1,1,
2013,1006.95594915424,9930.92101834169,2809.23084426852,1197,65535,1218.5,21.5,0,0,0,1,1,1,
2014,1007.05402929689,9929.95381487308,2810.19804773713,1266,65535,1268.5,2.5,0,0,0,1,1,1,
2015,1007.15209340787,9928.98695783204,2811.16490477816,1231.5,65535,1240.5,9,0,0,0,1,1,1,
2016,1007.25014148345,9928.02044710787,2812.13141550233,1257.5,65535,1278,20.5,0,0,0,1,1,1,
2017,1007.34817351991,9927.05428258994,2813.09758002026,1193.5,65535,1201,7.5,0,0,0,1,1,1,
2018,1007.44618951354,9926.08846416767,2814.06339844253,1128.5,65535,1164,35.5,0,0,0,1,1,1,
2019,1007.54418946061,9925.12299173056,2815.02887087965,1220.5,65535,1256.5,36,0,0,0,1,1,1,
2020,1007.6421733574,9924.15786516814,2815.99399744206,1170.5,65535,1175,4.5,0,0,0,1,1,1,
2021,1007.74014120021,9923.19308437004,2816.95877824016,1126.5,65535,1150.5,24,0,0,0,1,1,1,
2022,1007.8380929853,9922.22864922592,2817.92321338428,1210.5,65535,1225.5,15,0,0,0,1,1,1,
2023,1007.93602870897,9921.26455962553,2818.88730298467,1168.5,65535,1198,29.5,0,0,0,1,1,1,
2024,1008.03394836749,9920.30081545865,2819.85104715155,1218,65535,1254.5,36.5,0,0,0,1,1,1,
2025,1008.13185195714,9919.33741661515,2820.81444599505,1158.5,65535,1174,15.5,0,0,0,1,1,1,
2026,1008.22973947421,9918.37436298495,2821.77749962525,1212,65535,1230,18,0,0,0,1,1,1,
2027,1008.32761091498,9917.41165445803,2822.74020815217,1145.5,65535,1163.5,18,0,0,0,1,1,1,
2028,1008.42546627572,9916.44929092443,2823.70257168578,1163.5,65535,1160.5,-3,0,0,0,1,1,1,
2029,1008.52330555273,9915.48727227425,2824.66459033595,1121.5,65535,1143,21.5,0,0,0,1,1,1,
2030,1008.62112874227,9914.52559839767,2825.62626421254,1131.5,65535,1155,23.5,0,0,0,1,1,1,
2031,1008.71893584064,9913.5642691849,2826.5875934253,1161,65535,1195.5,34.5,0,0,0,1,1,1,
2032,1008.81672684412,9912.60328452625,2827.54857808396,1141.5,65535,1159.5,18,0,0,0,1,1,1,
2033,1008.91450174898,9911.64264431205,2828.50921829815,1177.5,65535,1208,30.5,0,0,0,1,1,1,
2034,1009.0122605515,9910.68234843273,2829.46951417748,1278.5,65535,1267,-11.5,0,0,0,1,1,1,
2035,1009.11000324798,9909.72239677874,2830.42946583146,1141.5,65535,1186,44.5,0,0,0,1,1,1,
2036,1009.20772983469,9908.76278924064,2831.38907336956,1130.5,65535,1153.5,23,0,0,0,1,1,1,
2037,1009.30544030791,9907.80352570901,2832.3483369012,1194.5,65535,1182.5,-12,0,0,0,1,1,1,
2038,1009.40313466392,9906.84460607451,2833.3072565357,1166,65535,1159,-7,0,0,0,1,1,1,
2039,1009.50081289901,9905.88603022785,2834.26583238235,1111.5,65535,1106.5,-5,0,0,0,1,1,1,
2040,1009.59847500946,9904.92779805982,2835.22406455038,1098,65535,1131,33,0,0,0,1,1,1,
2041,1009.69612099154,9903.96990946126,2836.18195314895,1137,65535,1138.5,1.5,0,0,0,1,1,1,
2042,1009.79375084155,9903.01236432306,2837.13949828714,1129,65535,1134.5,5.5,0,0,0,1,1,1,
2043,1009.89136455575,9902.05516253619,2838.09670007401,940,65535,959.5,19.5,0,0,0,1,1,1,
2044,1009.98896213044,9901.09830399167,2839.05355861854,949.5,65535,940,-9.5,0,0,0,1,1,1,
2045,1010.08654356189,9900.14178858058,2840.01007402962,963,65535,954,-9,0,0,0,1,1,1,
2046,1010.18410884639,9899.18561619408,2840.96624641613,1151,65535,1177,26,0,0,0,1,1,1,
2047,1010.28165798021,9898.22978672336,2841.92207588685,1293,65535,1305.5,12.5,0,0,0,1,1,1,
