File Version;BWRam4.15_8
Date;2026-02-04 17:18:01
Run Name;
Product Name;
Batch No;
Lot No;
Sample Suppler;
Sample Notes;
title;BWS465-785H
model;BTC665N-785H-SYS
c code;ZSSL
operator;
pixel_start;0
pixel_end;2047
pixel_num;2048
units;3
show_mode;3
data_mode;0
pixel_mode;0
integration times(sec);15
integration times unit;2
time_multiply;1
average number;2
spectrometer_type;72
yaxis;0
yaxis_min;500
yaxis_max;2000
xaxis;1
xaxis_min;0
xaxis_max;2047
coefs_a0;782.085798608048
coefs_a1;0.12281844245306
coefs_a2;-4.27130710519257E-06
coefs_a3;-6.19750623094309E-10
coefs_b0;-8914.54823242072
coefs_b1;19.2326352542194
coefs_b2;-0.0159067122090297
coefs_b3;7.53004431538809E-06
laser_wavelength;784.92
laser_powerlevel;80
probe_index;0
probe_name;
dark_compensate;0
gain;46261
offset;2048
numcoeff_d;0
coefs_d0;0
coefs_d1;1
coefs_d2;0
coefs_d3;0
coefs_d4;0
coefs_d5;0
coefs_d6;0
coefs_d7;0
irradiance_lamp_inttime;1
irradiance_lamp_unitindex;0
Color_Data_Flag;0
Color_StartWL;783
Color_EndWL;783
Color_IncWL;10
power_unit_index;0
photometric_index;0
Illuminant_index;2
observer_index;0
lab_l;0
lab_a;0
lab_b;0
radiometric_flag;0
Data Pretreat_0;
Data Pretreat_1;
Data Pretreat_2;
Data Pretreat_3;
Data Pretreat_4;
Data Pretreat_5;
Data Pretreat_6;
Data Pretreat_7;
Data Pretreat_8;
Data Pretreat_9;
Data Pretreat_10;
Data Pretreat_11;
Data Pretreat_12;
Data Pretreat_13;
Data Pretreat_14;
Data Pretreat_15;
Data Pretreat_16;
Data Pretreat_17;
Data Pretreat_18;
Data Pretreat_19;
Data Pretreat_20;
Data Pretreat_21;
Data Pretreat_22;
Data Pretreat_23;
Data Pretreat_24;
Data Pretreat_25;
Data Pretreat_26;
Data Pretreat_27;
Data Pretreat_28;
Data Pretreat_29;
Raman Shift ; Dark ; Reference ; Raw data #1 ; Dark Subtracted #1 ; %TR #1 ;Absorbance #1;Irradiance (W/cm^2/nm) #1 ;
545.0000;1340.9610;0.0000;5135.3180;3794.3570;0.0000;0.0000;0.0000E+00;
546.0000;1275.3980;0.0000;5027.0310;3751.6330;0.0000;0.0000;0.0000E+00;
547.0000;1275.9890;0.0000;5024.6400;3748.6500;0.0000;0.0000;0.0000E+00;
548.0000;1346.9160;0.0000;5129.1370;3782.2210;0.0000;0.0000;0.0000E+00;
549.0000;1353.1390;0.0000;5117.2740;3764.1350;0.0000;0.0000;0.0000E+00;
550.0000;1299.4610;0.0000;5017.6890;3718.2280;0.0000;0.0000;0.0000E+00;
551.0000;1221.0400;0.0000;4909.6080;3688.5680;0.0000;0.0000;0.0000E+00;
552.0000;1163.3240;0.0000;4845.1570;3681.8330;0.0000;0.0000;0.0000E+00;
553.0000;1166.7370;0.0000;4865.8410;3699.1040;0.0000;0.0000;0.0000E+00;
554.0000;1187.5860;0.0000;4908.6660;3721.0810;0.0000;0.0000;0.0000E+00;
555.0000;1202.6310;0.0000;4931.7110;3729.0800;0.0000;0.0000;0.0000E+00;
556.0000;1191.6370;0.0000;4894.5410;3702.9040;0.0000;0.0000;0.0000E+00;
557.0000;1179.7990;0.0000;4832.1980;3652.3980;0.0000;0.0000;0.0000E+00;
558.0000;1247.6590;0.0000;4858.2090;3610.5510;0.0000;0.0000;0.0000E+00;
559.0000;1307.2680;0.0000;4892.5950;3585.3260;0.0000;0.0000;0.0000E+00;
560.0000;1262.7140;0.0000;4832.1510;3569.4380;0.0000;0.0000;0.0000E+00;
561.0000;1190.2070;0.0000;4766.7920;3576.5850;0.0000;0.0000;0.0000E+00;
562.0000;1150.8290;0.0000;4753.4920;3602.6630;0.0000;0.0000;0.0000E+00;
563.0000;1150.0500;0.0000;4780.3340;3630.2840;0.0000;0.0000;0.0000E+00;
564.0000;1181.1450;0.0000;4821.9030;3640.7580;0.0000;0.0000;0.0000E+00;
565.0000;1168.1160;0.0000;4785.4920;3617.3750;0.0000;0.0000;0.0000E+00;
566.0000;1135.2240;0.0000;4705.7620;3570.5380;0.0000;0.0000;0.0000E+00;
567.0000;1130.8680;0.0000;4654.0750;3523.2070;0.0000;0.0000;0.0000E+00;
568.0000;1148.6100;0.0000;4662.7420;3514.1320;0.0000;0.0000;0.0000E+00;
569.0000;1177.2620;0.0000;4740.5260;3563.2640;0.0000;0.0000;0.0000E+00;
570.0000;1147.4390;0.0000;4761.7510;3614.3120;0.0000;0.0000;0.0000E+00;
571.0000;1061.6150;0.0000;4690.6040;3628.9890;0.0000;0.0000;0.0000E+00;
572.0000;1086.6790;0.0000;4678.3490;3591.6700;0.0000;0.0000;0.0000E+00;
573.0000;1182.2860;0.0000;4705.6720;3523.3860;0.0000;0.0000;0.0000E+00;
574.0000;1170.1540;0.0000;4660.4350;3490.2810;0.0000;0.0000;0.0000E+00;
575.0000;1125.8410;0.0000;4613.6990;3487.8580;0.0000;0.0000;0.0000E+00;
576.0000;1142.0680;0.0000;4631.8920;3489.8240;0.0000;0.0000;0.0000E+00;
577.0000;1184.5110;0.0000;4686.0580;3501.5470;0.0000;0.0000;0.0000E+00;
578.0000;1229.1320;0.0000;4742.5000;3513.3680;0.0000;0.0000;0.0000E+00;
579.0000;1243.4300;0.0000;4747.9060;3504.4770;0.0000;0.0000;0.0000E+00;
580.0000;1220.8510;0.0000;4701.6840;3480.8330;0.0000;0.0000;0.0000E+00;
581.0000;1208.5750;0.0000;4693.3820;3484.8080;0.0000;0.0000;0.0000E+00;
582.0000;1199.1020;0.0000;4692.6090;3493.5070;0.0000;0.0000;0.0000E+00;
583.0000;1177.6140;0.0000;4639.1270;3461.5130;0.0000;0.0000;0.0000E+00;
584.0000;1172.2150;0.0000;4615.9050;3443.6900;0.0000;0.0000;0.0000E+00;
585.0000;1194.3130;0.0000;4665.7850;3471.4720;0.0000;0.0000;0.0000E+00;
586.0000;1174.6570;0.0000;4650.7350;3476.0780;0.0000;0.0000;0.0000E+00;
587.0000;1107.4900;0.0000;4557.3800;3449.8900;0.0000;0.0000;0.0000E+00;
588.0000;1060.6570;0.0000;4525.5860;3464.9290;0.0000;0.0000;0.0000E+00;
589.0000;1055.0000;0.0000;4548.0000;3493.0000;0.0000;0.0000;0.0000E+00;
590.0000;1082.9070;0.0000;4541.9950;3459.0880;0.0000;0.0000;0.0000E+00;
591.0000;1114.5500;0.0000;4542.7670;3428.2170;0.0000;0.0000;0.0000E+00;
592.0000;1104.1600;0.0000;4563.5120;3459.3530;0.0000;0.0000;0.0000E+00;
593.0000;1114.6740;0.0000;4582.1970;3467.5230;0.0000;0.0000;0.0000E+00;
594.0000;1156.8550;0.0000;4591.3150;3434.4600;0.0000;0.0000;0.0000E+00;
595.0000;1155.4700;0.0000;4617.9180;3462.4470;0.0000;0.0000;0.0000E+00;
596.0000;1129.1720;0.0000;4646.0460;3516.8740;0.0000;0.0000;0.0000E+00;
597.0000;1146.4840;0.0000;4628.6500;3482.1660;0.0000;0.0000;0.0000E+00;
598.0000;1241.5660;0.0000;4635.6300;3394.0640;0.0000;0.0000;0.0000E+00;
599.0000;1444.9100;0.0000;4746.8680;3301.9580;0.0000;0.0000;0.0000E+00;
600.0000;1542.2300;0.0000;4847.5060;3305.2760;0.0000;0.0000;0.0000E+00;
601.0000;1430.2820;0.0000;4861.3620;3431.0800;0.0000;0.0000;0.0000E+00;
602.0000;1288.6330;0.0000;4773.7590;3485.1260;0.0000;0.0000;0.0000E+00;
603.0000;1188.2110;0.0000;4633.0210;3444.8100;0.0000;0.0000;0.0000E+00;
604.0000;1181.6180;0.0000;4608.2110;3426.5940;0.0000;0.0000;0.0000E+00;
605.0000;1231.9740;0.0000;4650.1050;3418.1310;0.0000;0.0000;0.0000E+00;
606.0000;1229.3030;0.0000;4639.9690;3410.6650;0.0000;0.0000;0.0000E+00;
607.0000;1198.4460;0.0000;4614.4240;3415.9780;0.0000;0.0000;0.0000E+00;
608.0000;1151.5080;0.0000;4586.2240;3434.7160;0.0000;0.0000;0.0000E+00;
609.0000;1121.0330;0.0000;4572.1350;3451.1030;0.0000;0.0000;0.0000E+00;
610.0000;1128.0830;0.0000;4582.6130;3454.5310;0.0000;0.0000;0.0000E+00;
611.0000;1169.7770;0.0000;4608.4520;3438.6750;0.0000;0.0000;0.0000E+00;
612.0000;1221.8200;0.0000;4644.6030;3422.7830;0.0000;0.0000;0.0000E+00;
613.0000;1243.2430;0.0000;4682.5130;3439.2710;0.0000;0.0000;0.0000E+00;
614.0000;1227.7890;0.0000;4700.5370;3472.7470;0.0000;0.0000;0.0000E+00;
615.0000;1185.0860;0.0000;4689.5740;3504.4880;0.0000;0.0000;0.0000E+00;
616.0000;1171.9650;0.0000;4679.0550;3507.0900;0.0000;0.0000;0.0000E+00;
617.0000;1193.6810;0.0000;4669.5670;3475.8860;0.0000;0.0000;0.0000E+00;
618.0000;1171.1440;0.0000;4617.0230;3445.8800;0.0000;0.0000;0.0000E+00;
619.0000;1136.3390;0.0000;4563.0690;3426.7300;0.0000;0.0000;0.0000E+00;
620.0000;1146.8230;0.0000;4563.9340;3417.1110;0.0000;0.0000;0.0000E+00;
621.0000;1194.3250;0.0000;4614.9820;3420.6570;0.0000;0.0000;0.0000E+00;
622.0000;1258.1270;0.0000;4688.3040;3430.1770;0.0000;0.0000;0.0000E+00;
623.0000;1277.5980;0.0000;4723.8810;3446.2820;0.0000;0.0000;0.0000E+00;
624.0000;1230.8280;0.0000;4693.2610;3462.4330;0.0000;0.0000;0.0000E+00;
625.0000;1158.7870;0.0000;4629.2680;3470.4810;0.0000;0.0000;0.0000E+00;
626.0000;1115.4920;0.0000;4584.5550;3469.0620;0.0000;0.0000;0.0000E+00;
627.0000;1178.9640;0.0000;4650.3890;3471.4250;0.0000;0.0000;0.0000E+00;
628.0000;1234.1330;0.0000;4700.1990;3466.0660;0.0000;0.0000;0.0000E+00;
629.0000;1176.4500;0.0000;4626.1200;3449.6690;0.0000;0.0000;0.0000E+00;
630.0000;1163.6970;0.0000;4605.3350;3441.6390;0.0000;0.0000;0.0000E+00;
631.0000;1222.3260;0.0000;4670.2030;3447.8760;0.0000;0.0000;0.0000E+00;
632.0000;1211.3550;0.0000;4665.8150;3454.4600;0.0000;0.0000;0.0000E+00;
633.0000;1149.5000;0.0000;4598.5000;3449.0000;0.0000;0.0000;0.0000E+00;
634.0000;1110.0420;0.0000;4514.7610;3404.7190;0.0000;0.0000;0.0000E+00;
635.0000;1113.1200;0.0000;4497.8440;3384.7240;0.0000;0.0000;0.0000E+00;
636.0000;1163.8980;0.0000;4596.3470;3432.4490;0.0000;0.0000;0.0000E+00;
637.0000;1192.0440;0.0000;4638.9420;3446.8980;0.0000;0.0000;0.0000E+00;
638.0000;1175.5420;0.0000;4578.9330;3403.3910;0.0000;0.0000;0.0000E+00;
639.0000;1184.3380;0.0000;4563.3590;3379.0210;0.0000;0.0000;0.0000E+00;
640.0000;1203.0000;0.0000;4584.5000;3381.5000;0.0000;0.0000;0.0000E+00;
641.0000;1193.3840;0.0000;4588.3160;3394.9320;0.0000;0.0000;0.0000E+00;
642.0000;1178.1570;0.0000;4588.8490;3410.6920;0.0000;0.0000;0.0000E+00;
643.0000;1178.1380;0.0000;4591.7210;3413.5830;0.0000;0.0000;0.0000E+00;
644.0000;1188.9800;0.0000;4596.5220;3407.5420;0.0000;0.0000;0.0000E+00;
645.0000;1200.7200;0.0000;4595.5940;3394.8740;0.0000;0.0000;0.0000E+00;
646.0000;1174.7090;0.0000;4552.7420;3378.0330;0.0000;0.0000;0.0000E+00;
647.0000;1133.3500;0.0000;4504.9670;3371.6170;0.0000;0.0000;0.0000E+00;
648.0000;1118.1750;0.0000;4512.8440;3394.6690;0.0000;0.0000;0.0000E+00;
649.0000;1152.0120;0.0000;4559.0510;3407.0380;0.0000;0.0000;0.0000E+00;
650.0000;1231.7950;0.0000;4608.1250;3376.3300;0.0000;0.0000;0.0000E+00;
651.0000;1224.4000;0.0000;4594.1330;3369.7320;0.0000;0.0000;0.0000E+00;
652.0000;1122.8280;0.0000;4519.9120;3397.0840;0.0000;0.0000;0.0000E+00;
653.0000;1133.3150;0.0000;4522.5260;3389.2120;0.0000;0.0000;0.0000E+00;
654.0000;1208.1130;0.0000;4578.9050;3370.7910;0.0000;0.0000;0.0000E+00;
655.0000;1197.8530;0.0000;4601.5590;3403.7060;0.0000;0.0000;0.0000E+00;
656.0000;1178.9670;0.0000;4602.6130;3423.6470;0.0000;0.0000;0.0000E+00;
657.0000;1199.5280;0.0000;4590.1510;3390.6230;0.0000;0.0000;0.0000E+00;
658.0000;1199.5160;0.0000;4581.0570;3381.5410;0.0000;0.0000;0.0000E+00;
659.0000;1178.4960;0.0000;4583.7780;3405.2820;0.0000;0.0000;0.0000E+00;
660.0000;1207.2320;0.0000;4598.0340;3390.8020;0.0000;0.0000;0.0000E+00;
661.0000;1233.7280;0.0000;4597.4190;3363.6920;0.0000;0.0000;0.0000E+00;
662.0000;1169.0070;0.0000;4540.8840;3371.8760;0.0000;0.0000;0.0000E+00;
663.0000;1117.9740;0.0000;4503.4520;3385.4780;0.0000;0.0000;0.0000E+00;
664.0000;1151.5910;0.0000;4535.1660;3383.5750;0.0000;0.0000;0.0000E+00;
665.0000;1179.6710;0.0000;4568.7320;3389.0620;0.0000;0.0000;0.0000E+00;
666.0000;1182.3820;0.0000;4583.8430;3401.4610;0.0000;0.0000;0.0000E+00;
667.0000;1188.2610;0.0000;4599.1570;3410.8950;0.0000;0.0000;0.0000E+00;
668.0000;1192.2000;0.0000;4598.1780;3405.9780;0.0000;0.0000;0.0000E+00;
669.0000;1196.0390;0.0000;4574.9240;3378.8850;0.0000;0.0000;0.0000E+00;
670.0000;1186.4920;0.0000;4544.6870;3358.1940;0.0000;0.0000;0.0000E+00;
671.0000;1164.4400;0.0000;4524.8220;3360.3820;0.0000;0.0000;0.0000E+00;
672.0000;1184.5500;0.0000;4530.0020;3345.4520;0.0000;0.0000;0.0000E+00;
673.0000;1233.1050;0.0000;4554.9160;3321.8100;0.0000;0.0000;0.0000E+00;
674.0000;1242.4550;0.0000;4567.7090;3325.2540;0.0000;0.0000;0.0000E+00;
675.0000;1218.7870;0.0000;4557.3520;3338.5650;0.0000;0.0000;0.0000E+00;
676.0000;1187.5870;0.0000;4520.4940;3332.9070;0.0000;0.0000;0.0000E+00;
677.0000;1161.2590;0.0000;4484.4850;3323.2260;0.0000;0.0000;0.0000E+00;
678.0000;1149.9130;0.0000;4465.0700;3315.1570;0.0000;0.0000;0.0000E+00;
679.0000;1106.7890;0.0000;4403.9280;3297.1380;0.0000;0.0000;0.0000E+00;
680.0000;1076.2870;0.0000;4355.8180;3279.5310;0.0000;0.0000;0.0000E+00;
681.0000;1158.5260;0.0000;4436.6080;3278.0820;0.0000;0.0000;0.0000E+00;
682.0000;1231.8670;0.0000;4516.3900;3284.5230;0.0000;0.0000;0.0000E+00;
683.0000;1170.1080;0.0000;4453.5700;3283.4620;0.0000;0.0000;0.0000E+00;
684.0000;1124.7530;0.0000;4397.1010;3272.3490;0.0000;0.0000;0.0000E+00;
685.0000;1146.3620;0.0000;4401.7480;3255.3850;0.0000;0.0000;0.0000E+00;
686.0000;1169.3510;0.0000;4431.3700;3262.0190;0.0000;0.0000;0.0000E+00;
687.0000;1179.0320;0.0000;4452.8890;3273.8560;0.0000;0.0000;0.0000E+00;
688.0000;1162.8040;0.0000;4407.6850;3244.8810;0.0000;0.0000;0.0000E+00;
689.0000;1129.1070;0.0000;4339.5900;3210.4840;0.0000;0.0000;0.0000E+00;
690.0000;1096.6600;0.0000;4297.2730;3200.6130;0.0000;0.0000;0.0000E+00;
691.0000;1102.2110;0.0000;4320.4320;3218.2210;0.0000;0.0000;0.0000E+00;
692.0000;1143.5650;0.0000;4392.5560;3248.9910;0.0000;0.0000;0.0000E+00;
693.0000;1155.3550;0.0000;4392.1390;3236.7830;0.0000;0.0000;0.0000E+00;
694.0000;1157.6370;0.0000;4367.4880;3209.8510;0.0000;0.0000;0.0000E+00;
695.0000;1199.3300;0.0000;4424.6100;3225.2800;0.0000;0.0000;0.0000E+00;
696.0000;1199.8090;0.0000;4442.5450;3242.7360;0.0000;0.0000;0.0000E+00;
697.0000;1133.6440;0.0000;4372.5420;3238.8980;0.0000;0.0000;0.0000E+00;
698.0000;1129.4170;0.0000;4346.4170;3217.0010;0.0000;0.0000;0.0000E+00;
699.0000;1176.3570;0.0000;4371.7200;3195.3630;0.0000;0.0000;0.0000E+00;
700.0000;1151.5610;0.0000;4366.9950;3215.4340;0.0000;0.0000;0.0000E+00;
701.0000;1119.3320;0.0000;4366.0720;3246.7400;0.0000;0.0000;0.0000E+00;
702.0000;1152.4500;0.0000;4398.5580;3246.1080;0.0000;0.0000;0.0000E+00;
703.0000;1151.8420;0.0000;4399.7840;3247.9420;0.0000;0.0000;0.0000E+00;
704.0000;1100.1500;0.0000;4359.4980;3259.3480;0.0000;0.0000;0.0000E+00;
705.0000;1131.2590;0.0000;4378.7610;3247.5020;0.0000;0.0000;0.0000E+00;
706.0000;1193.6060;0.0000;4425.2300;3231.6230;0.0000;0.0000;0.0000E+00;
707.0000;1138.9910;0.0000;4400.8090;3261.8180;0.0000;0.0000;0.0000E+00;
708.0000;1087.9160;0.0000;4369.6830;3281.7670;0.0000;0.0000;0.0000E+00;
709.0000;1130.8320;0.0000;4383.0700;3252.2380;0.0000;0.0000;0.0000E+00;
710.0000;1178.9880;0.0000;4435.1730;3256.1850;0.0000;0.0000;0.0000E+00;
711.0000;1200.8230;0.0000;4495.6690;3294.8470;0.0000;0.0000;0.0000E+00;
712.0000;1191.0420;0.0000;4475.5500;3284.5080;0.0000;0.0000;0.0000E+00;
713.0000;1193.6210;0.0000;4443.6700;3250.0490;0.0000;0.0000;0.0000E+00;
714.0000;1290.5980;0.0000;4530.6150;3240.0170;0.0000;0.0000;0.0000E+00;
715.0000;1298.4140;0.0000;4544.1480;3245.7350;0.0000;0.0000;0.0000E+00;
716.0000;1165.0000;0.0000;4429.1580;3264.1580;0.0000;0.0000;0.0000E+00;
717.0000;1158.6750;0.0000;4462.6430;3303.9680;0.0000;0.0000;0.0000E+00;
718.0000;1242.3720;0.0000;4580.0140;3337.6410;0.0000;0.0000;0.0000E+00;
719.0000;1178.6910;0.0000;4494.0420;3315.3500;0.0000;0.0000;0.0000E+00;
720.0000;1080.9350;0.0000;4372.4200;3291.4860;0.0000;0.0000;0.0000E+00;
721.0000;1054.1380;0.0000;4379.1370;3324.9990;0.0000;0.0000;0.0000E+00;
722.0000;1080.2600;0.0000;4415.6670;3335.4070;0.0000;0.0000;0.0000E+00;
723.0000;1140.2560;0.0000;4445.3000;3305.0440;0.0000;0.0000;0.0000E+00;
724.0000;1161.8370;0.0000;4447.8650;3286.0290;0.0000;0.0000;0.0000E+00;
725.0000;1166.3450;0.0000;4447.7320;3281.3880;0.0000;0.0000;0.0000E+00;
726.0000;1219.6130;0.0000;4501.7140;3282.1010;0.0000;0.0000;0.0000E+00;
727.0000;1241.0660;0.0000;4534.7670;3293.7010;0.0000;0.0000;0.0000E+00;
728.0000;1197.8540;0.0000;4507.0920;3309.2370;0.0000;0.0000;0.0000E+00;
729.0000;1143.1110;0.0000;4435.9370;3292.8260;0.0000;0.0000;0.0000E+00;
730.0000;1104.5590;0.0000;4362.9520;3258.3930;0.0000;0.0000;0.0000E+00;
731.0000;1088.5240;0.0000;4356.2060;3267.6820;0.0000;0.0000;0.0000E+00;
732.0000;1127.3550;0.0000;4416.5930;3289.2380;0.0000;0.0000;0.0000E+00;
733.0000;1223.2430;0.0000;4509.3560;3286.1130;0.0000;0.0000;0.0000E+00;
734.0000;1228.3030;0.0000;4523.1200;3294.8170;0.0000;0.0000;0.0000E+00;
735.0000;1123.4320;0.0000;4438.4210;3314.9890;0.0000;0.0000;0.0000E+00;
736.0000;1098.1480;0.0000;4401.1650;3303.0170;0.0000;0.0000;0.0000E+00;
737.0000;1130.2940;0.0000;4411.5830;3281.2890;0.0000;0.0000;0.0000E+00;
738.0000;1130.6820;0.0000;4428.6400;3297.9580;0.0000;0.0000;0.0000E+00;
739.0000;1125.1850;0.0000;4431.8330;3306.6470;0.0000;0.0000;0.0000E+00;
740.0000;1122.9230;0.0000;4405.4120;3282.4890;0.0000;0.0000;0.0000E+00;
741.0000;1147.5830;0.0000;4398.4210;3250.8370;0.0000;0.0000;0.0000E+00;
742.0000;1183.3470;0.0000;4413.7510;3230.4040;0.0000;0.0000;0.0000E+00;
743.0000;1192.0280;0.0000;4427.5000;3235.4720;0.0000;0.0000;0.0000E+00;
744.0000;1169.3230;0.0000;4419.3070;3249.9840;0.0000;0.0000;0.0000E+00;
745.0000;1127.8100;0.0000;4376.3620;3248.5520;0.0000;0.0000;0.0000E+00;
746.0000;1074.2250;0.0000;4320.0200;3245.7950;0.0000;0.0000;0.0000E+00;
747.0000;1044.4600;0.0000;4286.4280;3241.9680;0.0000;0.0000;0.0000E+00;
748.0000;1101.6500;0.0000;4324.7310;3223.0810;0.0000;0.0000;0.0000E+00;
749.0000;1189.8110;0.0000;4391.2560;3201.4460;0.0000;0.0000;0.0000E+00;
750.0000;1188.8350;0.0000;4383.9230;3195.0870;0.0000;0.0000;0.0000E+00;
751.0000;1258.0280;0.0000;4442.5610;3184.5330;0.0000;0.0000;0.0000E+00;
752.0000;1423.1700;0.0000;4589.4110;3166.2400;0.0000;0.0000;0.0000E+00;
753.0000;1394.5480;0.0000;4574.3560;3179.8080;0.0000;0.0000;0.0000E+00;
754.0000;1212.0390;0.0000;4427.5400;3215.5010;0.0000;0.0000;0.0000E+00;
755.0000;1139.0280;0.0000;4376.9320;3237.9030;0.0000;0.0000;0.0000E+00;
756.0000;1141.4150;0.0000;4366.0490;3224.6340;0.0000;0.0000;0.0000E+00;
757.0000;1179.0660;0.0000;4352.0270;3172.9610;0.0000;0.0000;0.0000E+00;
758.0000;1327.9870;0.0000;4485.7750;3157.7890;0.0000;0.0000;0.0000E+00;
759.0000;1486.0920;0.0000;4672.3500;3186.2570;0.0000;0.0000;0.0000E+00;
760.0000;1370.2790;0.0000;4537.7190;3167.4390;0.0000;0.0000;0.0000E+00;
761.0000;1137.1520;0.0000;4278.4440;3141.2920;0.0000;0.0000;0.0000E+00;
762.0000;1065.9460;0.0000;4223.6340;3157.6880;0.0000;0.0000;0.0000E+00;
763.0000;1109.8830;0.0000;4282.6890;3172.8050;0.0000;0.0000;0.0000E+00;
764.0000;1225.0480;0.0000;4394.7510;3169.7030;0.0000;0.0000;0.0000E+00;
765.0000;1232.4090;0.0000;4398.0530;3165.6440;0.0000;0.0000;0.0000E+00;
766.0000;1174.3160;0.0000;4341.8970;3167.5810;0.0000;0.0000;0.0000E+00;
767.0000;1209.8310;0.0000;4397.1220;3187.2910;0.0000;0.0000;0.0000E+00;
768.0000;1214.2280;0.0000;4413.9380;3199.7100;0.0000;0.0000;0.0000E+00;
769.0000;1134.6560;0.0000;4324.2960;3189.6400;0.0000;0.0000;0.0000E+00;
770.0000;1116.5610;0.0000;4296.0380;3179.4770;0.0000;0.0000;0.0000E+00;
771.0000;1168.7480;0.0000;4343.3890;3174.6400;0.0000;0.0000;0.0000E+00;
772.0000;1219.1240;0.0000;4390.9870;3171.8630;0.0000;0.0000;0.0000E+00;
773.0000;1214.2700;0.0000;4389.1360;3174.8670;0.0000;0.0000;0.0000E+00;
774.0000;1119.2220;0.0000;4301.9560;3182.7340;0.0000;0.0000;0.0000E+00;
775.0000;1109.8150;0.0000;4311.3690;3201.5540;0.0000;0.0000;0.0000E+00;
776.0000;1196.0100;0.0000;4415.9660;3219.9560;0.0000;0.0000;0.0000E+00;
777.0000;1164.4920;0.0000;4370.4910;3205.9990;0.0000;0.0000;0.0000E+00;
778.0000;1100.8710;0.0000;4284.9430;3184.0720;0.0000;0.0000;0.0000E+00;
779.0000;1128.0650;0.0000;4321.9580;3193.8930;0.0000;0.0000;0.0000E+00;
780.0000;1149.8250;0.0000;4339.5500;3189.7250;0.0000;0.0000;0.0000E+00;
781.0000;1134.1270;0.0000;4296.1070;3161.9800;0.0000;0.0000;0.0000E+00;
782.0000;1148.3590;0.0000;4310.0640;3161.7050;0.0000;0.0000;0.0000E+00;
783.0000;1174.9630;0.0000;4356.2430;3181.2810;0.0000;0.0000;0.0000E+00;
784.0000;1178.8210;0.0000;4364.9950;3186.1740;0.0000;0.0000;0.0000E+00;
785.0000;1142.3280;0.0000;4332.6410;3190.3130;0.0000;0.0000;0.0000E+00;
786.0000;1076.7830;0.0000;4275.7670;3198.9840;0.0000;0.0000;0.0000E+00;
787.0000;1075.9830;0.0000;4285.6160;3209.6330;0.0000;0.0000;0.0000E+00;
788.0000;1163.0340;0.0000;4381.4180;3218.3840;0.0000;0.0000;0.0000E+00;
789.0000;1327.2610;0.0000;4552.3600;3225.0990;0.0000;0.0000;0.0000E+00;
790.0000;1393.1490;0.0000;4618.1690;3225.0200;0.0000;0.0000;0.0000E+00;
791.0000;1246.4980;0.0000;4466.2300;3219.7320;0.0000;0.0000;0.0000E+00;
792.0000;1175.1640;0.0000;4409.8980;3234.7340;0.0000;0.0000;0.0000E+00;
793.0000;1220.2440;0.0000;4486.1830;3265.9390;0.0000;0.0000;0.0000E+00;
794.0000;1171.5570;0.0000;4454.5200;3282.9620;0.0000;0.0000;0.0000E+00;
795.0000;1119.9940;0.0000;4404.5090;3284.5150;0.0000;0.0000;0.0000E+00;
796.0000;1145.7900;0.0000;4426.2710;3280.4820;0.0000;0.0000;0.0000E+00;
797.0000;1170.6650;0.0000;4434.2390;3263.5750;0.0000;0.0000;0.0000E+00;
798.0000;1168.2310;0.0000;4411.0440;3242.8130;0.0000;0.0000;0.0000E+00;
799.0000;1158.6690;0.0000;4400.3380;3241.6690;0.0000;0.0000;0.0000E+00;
800.0000;1158.2430;0.0000;4417.1180;3258.8750;0.0000;0.0000;0.0000E+00;
801.0000;1193.3110;0.0000;4472.0730;3278.7630;0.0000;0.0000;0.0000E+00;
802.0000;1185.1510;0.0000;4481.5630;3296.4130;0.0000;0.0000;0.0000E+00;
803.0000;1121.5320;0.0000;4427.1520;3305.6200;0.0000;0.0000;0.0000E+00;
804.0000;1120.5350;0.0000;4437.5760;3317.0410;0.0000;0.0000;0.0000E+00;
805.0000;1164.7540;0.0000;4479.4230;3314.6690;0.0000;0.0000;0.0000E+00;
806.0000;1175.7450;0.0000;4457.8190;3282.0740;0.0000;0.0000;0.0000E+00;
807.0000;1179.0540;0.0000;4430.9840;3251.9300;0.0000;0.0000;0.0000E+00;
808.0000;1181.6770;0.0000;4429.3370;3247.6600;0.0000;0.0000;0.0000E+00;
809.0000;1161.4650;0.0000;4410.6440;3249.1790;0.0000;0.0000;0.0000E+00;
810.0000;1143.0830;0.0000;4400.2450;3257.1620;0.0000;0.0000;0.0000E+00;
811.0000;1178.0780;0.0000;4446.9060;3268.8280;0.0000;0.0000;0.0000E+00;
812.0000;1223.9500;0.0000;4507.1630;3283.2130;0.0000;0.0000;0.0000E+00;
813.0000;1237.4710;0.0000;4532.4810;3295.0110;0.0000;0.0000;0.0000E+00;
814.0000;1199.4010;0.0000;4490.3490;3290.9480;0.0000;0.0000;0.0000E+00;
815.0000;1140.8870;0.0000;4418.0850;3277.1980;0.0000;0.0000;0.0000E+00;
816.0000;1162.9570;0.0000;4450.1810;3287.2240;0.0000;0.0000;0.0000E+00;
817.0000;1203.1220;0.0000;4496.4140;3293.2920;0.0000;0.0000;0.0000E+00;
818.0000;1195.9410;0.0000;4469.9650;3274.0240;0.0000;0.0000;0.0000E+00;
819.0000;1177.2550;0.0000;4435.0410;3257.7860;0.0000;0.0000;0.0000E+00;
820.0000;1166.4150;0.0000;4423.6790;3257.2640;0.0000;0.0000;0.0000E+00;
821.0000;1206.9530;0.0000;4485.1510;3278.1980;0.0000;0.0000;0.0000E+00;
822.0000;1215.8040;0.0000;4502.8500;3287.0470;0.0000;0.0000;0.0000E+00;
823.0000;1117.4690;0.0000;4367.9070;3250.4380;0.0000;0.0000;0.0000E+00;
824.0000;1094.5850;0.0000;4325.9550;3231.3700;0.0000;0.0000;0.0000E+00;
825.0000;1181.0030;0.0000;4424.1250;3243.1230;0.0000;0.0000;0.0000E+00;
826.0000;1237.0870;0.0000;4472.5200;3235.4320;0.0000;0.0000;0.0000E+00;
827.0000;1235.6700;0.0000;4449.6470;3213.9770;0.0000;0.0000;0.0000E+00;
828.0000;1170.2240;0.0000;4356.9220;3186.6980;0.0000;0.0000;0.0000E+00;
829.0000;1161.4480;0.0000;4333.9900;3172.5420;0.0000;0.0000;0.0000E+00;
830.0000;1224.2550;0.0000;4404.3750;3180.1200;0.0000;0.0000;0.0000E+00;
831.0000;1166.8460;0.0000;4361.4210;3194.5740;0.0000;0.0000;0.0000E+00;
832.0000;1094.7830;0.0000;4304.8750;3210.0920;0.0000;0.0000;0.0000E+00;
833.0000;1162.3440;0.0000;4381.5450;3219.2010;0.0000;0.0000;0.0000E+00;
834.0000;1206.4120;0.0000;4414.9130;3208.5010;0.0000;0.0000;0.0000E+00;
835.0000;1164.1420;0.0000;4344.0860;3179.9440;0.0000;0.0000;0.0000E+00;
836.0000;1110.4830;0.0000;4273.4620;3162.9790;0.0000;0.0000;0.0000E+00;
837.0000;1079.2750;0.0000;4239.3320;3160.0570;0.0000;0.0000;0.0000E+00;
838.0000;1099.4770;0.0000;4260.2550;3160.7780;0.0000;0.0000;0.0000E+00;
839.0000;1148.8960;0.0000;4298.3720;3149.4750;0.0000;0.0000;0.0000E+00;
840.0000;1194.9570;0.0000;4316.3180;3121.3610;0.0000;0.0000;0.0000E+00;
841.0000;1214.6300;0.0000;4306.3770;3091.7470;0.0000;0.0000;0.0000E+00;
842.0000;1198.6940;0.0000;4272.7380;3074.0450;0.0000;0.0000;0.0000E+00;
843.0000;1166.3270;0.0000;4239.6970;3073.3700;0.0000;0.0000;0.0000E+00;
844.0000;1174.1760;0.0000;4235.7630;3061.5860;0.0000;0.0000;0.0000E+00;
845.0000;1236.1490;0.0000;4266.1370;3029.9880;0.0000;0.0000;0.0000E+00;
846.0000;1230.8620;0.0000;4263.4490;3032.5860;0.0000;0.0000;0.0000E+00;
847.0000;1185.8850;0.0000;4234.7980;3048.9140;0.0000;0.0000;0.0000E+00;
848.0000;1199.5880;0.0000;4220.2270;3020.6380;0.0000;0.0000;0.0000E+00;
849.0000;1196.2040;0.0000;4191.6570;2995.4540;0.0000;0.0000;0.0000E+00;
850.0000;1150.1630;0.0000;4145.2930;2995.1300;0.0000;0.0000;0.0000E+00;
851.0000;1135.9880;0.0000;4113.0440;2977.0570;0.0000;0.0000;0.0000E+00;
852.0000;1151.7700;0.0000;4114.1730;2962.4030;0.0000;0.0000;0.0000E+00;
853.0000;1153.2650;0.0000;4145.4910;2992.2260;0.0000;0.0000;0.0000E+00;
854.0000;1163.4860;0.0000;4165.5250;3002.0400;0.0000;0.0000;0.0000E+00;
855.0000;1187.1660;0.0000;4151.1530;2963.9870;0.0000;0.0000;0.0000E+00;
856.0000;1223.5350;0.0000;4187.6910;2964.1560;0.0000;0.0000;0.0000E+00;
857.0000;1230.9280;0.0000;4221.1440;2990.2160;0.0000;0.0000;0.0000E+00;
858.0000;1152.1120;0.0000;4142.1910;2990.0790;0.0000;0.0000;0.0000E+00;
859.0000;1069.3420;0.0000;4043.8700;2974.5280;0.0000;0.0000;0.0000E+00;
860.0000;1080.7560;0.0000;4033.6260;2952.8700;0.0000;0.0000;0.0000E+00;
861.0000;1446.9210;0.0000;4380.9060;2933.9850;0.0000;0.0000;0.0000E+00;
862.0000;1811.9400;0.0000;4734.0070;2922.0670;0.0000;0.0000;0.0000E+00;
863.0000;1474.0040;0.0000;4381.3090;2907.3050;0.0000;0.0000;0.0000E+00;
864.0000;1118.9120;0.0000;4019.8780;2900.9660;0.0000;0.0000;0.0000E+00;
865.0000;1202.1950;0.0000;4106.0790;2903.8840;0.0000;0.0000;0.0000E+00;
866.0000;1217.2150;0.0000;4113.7000;2896.4850;0.0000;0.0000;0.0000E+00;
867.0000;1162.4900;0.0000;4047.7000;2885.2100;0.0000;0.0000;0.0000E+00;
868.0000;1126.2880;0.0000;4013.8400;2887.5520;0.0000;0.0000;0.0000E+00;
869.0000;1109.9860;0.0000;3995.6490;2885.6630;0.0000;0.0000;0.0000E+00;
870.0000;1116.3200;0.0000;3989.7490;2873.4290;0.0000;0.0000;0.0000E+00;
871.0000;1143.0010;0.0000;4027.1090;2884.1080;0.0000;0.0000;0.0000E+00;
872.0000;1188.2860;0.0000;4088.7810;2900.4950;0.0000;0.0000;0.0000E+00;
873.0000;1251.1110;0.0000;4132.0290;2880.9170;0.0000;0.0000;0.0000E+00;
874.0000;1273.5420;0.0000;4133.6750;2860.1340;0.0000;0.0000;0.0000E+00;
875.0000;1232.8210;0.0000;4092.5780;2859.7570;0.0000;0.0000;0.0000E+00;
876.0000;1189.5400;0.0000;4051.8520;2862.3120;0.0000;0.0000;0.0000E+00;
877.0000;1183.6810;0.0000;4051.5310;2867.8500;0.0000;0.0000;0.0000E+00;
878.0000;1250.6840;0.0000;4128.5890;2877.9040;0.0000;0.0000;0.0000E+00;
879.0000;1295.0350;0.0000;4162.8170;2867.7830;0.0000;0.0000;0.0000E+00;
880.0000;1256.7940;0.0000;4088.6400;2831.8460;0.0000;0.0000;0.0000E+00;
881.0000;1172.7550;0.0000;3979.4350;2806.6810;0.0000;0.0000;0.0000E+00;
882.0000;1117.6680;0.0000;3922.4350;2804.7670;0.0000;0.0000;0.0000E+00;
883.0000;1196.4430;0.0000;4019.0330;2822.5900;0.0000;0.0000;0.0000E+00;
884.0000;1229.2120;0.0000;4069.6120;2840.4000;0.0000;0.0000;0.0000E+00;
885.0000;1142.4550;0.0000;3981.9240;2839.4690;0.0000;0.0000;0.0000E+00;
886.0000;1115.3750;0.0000;3938.7890;2823.4140;0.0000;0.0000;0.0000E+00;
887.0000;1145.0830;0.0000;3942.5800;2797.4970;0.0000;0.0000;0.0000E+00;
888.0000;1176.8810;0.0000;3953.6040;2776.7220;0.0000;0.0000;0.0000E+00;
889.0000;1180.2070;0.0000;3936.7770;2756.5710;0.0000;0.0000;0.0000E+00;
890.0000;1151.4100;0.0000;3894.1190;2742.7090;0.0000;0.0000;0.0000E+00;
891.0000;1195.5410;0.0000;3945.4460;2749.9050;0.0000;0.0000;0.0000E+00;
892.0000;1233.9410;0.0000;4005.8800;2771.9390;0.0000;0.0000;0.0000E+00;
893.0000;1153.2520;0.0000;3942.8450;2789.5940;0.0000;0.0000;0.0000E+00;
894.0000;1077.2960;0.0000;3860.0450;2782.7490;0.0000;0.0000;0.0000E+00;
895.0000;1060.9310;0.0000;3813.7130;2752.7820;0.0000;0.0000;0.0000E+00;
896.0000;1046.7660;0.0000;3793.1540;2746.3880;0.0000;0.0000;0.0000E+00;
897.0000;1057.0360;0.0000;3809.0740;2752.0390;0.0000;0.0000;0.0000E+00;
898.0000;1093.1670;0.0000;3839.5320;2746.3650;0.0000;0.0000;0.0000E+00;
899.0000;1141.4110;0.0000;3882.5480;2741.1380;0.0000;0.0000;0.0000E+00;
900.0000;1174.8200;0.0000;3914.3890;2739.5690;0.0000;0.0000;0.0000E+00;
901.0000;1171.6640;0.0000;3912.1320;2740.4680;0.0000;0.0000;0.0000E+00;
902.0000;1156.8000;0.0000;3893.9170;2737.1180;0.0000;0.0000;0.0000E+00;
903.0000;1172.6640;0.0000;3895.5980;2722.9340;0.0000;0.0000;0.0000E+00;
904.0000;1177.0880;0.0000;3880.1020;2703.0150;0.0000;0.0000;0.0000E+00;
905.0000;1158.3380;0.0000;3849.2020;2690.8640;0.0000;0.0000;0.0000E+00;
906.0000;1117.0010;0.0000;3830.6500;2713.6490;0.0000;0.0000;0.0000E+00;
907.0000;1099.5420;0.0000;3821.5590;2722.0170;0.0000;0.0000;0.0000E+00;
908.0000;1140.4100;0.0000;3814.8330;2674.4230;0.0000;0.0000;0.0000E+00;
909.0000;1143.9520;0.0000;3836.7330;2692.7820;0.0000;0.0000;0.0000E+00;
910.0000;1112.2710;0.0000;3869.2780;2757.0070;0.0000;0.0000;0.0000E+00;
911.0000;1129.4770;0.0000;3858.7380;2729.2610;0.0000;0.0000;0.0000E+00;
912.0000;1136.2390;0.0000;3819.6490;2683.4100;0.0000;0.0000;0.0000E+00;
913.0000;1097.9600;0.0000;3782.4900;2684.5300;0.0000;0.0000;0.0000E+00;
914.0000;1106.5590;0.0000;3810.0550;2703.4960;0.0000;0.0000;0.0000E+00;
915.0000;1149.9540;0.0000;3871.5090;2721.5540;0.0000;0.0000;0.0000E+00;
916.0000;1155.7810;0.0000;3857.4230;2701.6430;0.0000;0.0000;0.0000E+00;
917.0000;1136.5990;0.0000;3819.6410;2683.0430;0.0000;0.0000;0.0000E+00;
918.0000;1108.0160;0.0000;3800.2300;2692.2140;0.0000;0.0000;0.0000E+00;
919.0000;1074.8250;0.0000;3792.3200;2717.4960;0.0000;0.0000;0.0000E+00;
920.0000;1094.3190;0.0000;3823.8960;2729.5770;0.0000;0.0000;0.0000E+00;
921.0000;1237.5120;0.0000;3922.3160;2684.8040;0.0000;0.0000;0.0000E+00;
922.0000;1302.2200;0.0000;3963.0490;2660.8290;0.0000;0.0000;0.0000E+00;
923.0000;1207.8240;0.0000;3899.6420;2691.8180;0.0000;0.0000;0.0000E+00;
924.0000;1121.6130;0.0000;3848.8230;2727.2100;0.0000;0.0000;0.0000E+00;
925.0000;1100.5030;0.0000;3845.7170;2745.2130;0.0000;0.0000;0.0000E+00;
926.0000;1180.5520;0.0000;3908.0080;2727.4560;0.0000;0.0000;0.0000E+00;
927.0000;1204.4090;0.0000;3941.1310;2736.7210;0.0000;0.0000;0.0000E+00;
928.0000;1137.0010;0.0000;3914.4370;2777.4360;0.0000;0.0000;0.0000E+00;
929.0000;1135.5720;0.0000;3898.9060;2763.3330;0.0000;0.0000;0.0000E+00;
930.0000;1169.5130;0.0000;3922.6730;2753.1590;0.0000;0.0000;0.0000E+00;
931.0000;1193.1910;0.0000;4004.3590;2811.1680;0.0000;0.0000;0.0000E+00;
932.0000;1183.4060;0.0000;4030.4080;2847.0020;0.0000;0.0000;0.0000E+00;
933.0000;1142.8130;0.0000;3989.8570;2847.0440;0.0000;0.0000;0.0000E+00;
934.0000;1116.2300;0.0000;4008.9160;2892.6870;0.0000;0.0000;0.0000E+00;
935.0000;1105.4960;0.0000;4000.3400;2894.8440;0.0000;0.0000;0.0000E+00;
936.0000;1107.3270;0.0000;3918.2880;2810.9610;0.0000;0.0000;0.0000E+00;
937.0000;1107.3620;0.0000;3917.0970;2809.7350;0.0000;0.0000;0.0000E+00;
938.0000;1115.5110;0.0000;3994.3750;2878.8640;0.0000;0.0000;0.0000E+00;
939.0000;1161.7190;0.0000;4047.6570;2885.9380;0.0000;0.0000;0.0000E+00;
940.0000;1162.8800;0.0000;4021.4150;2858.5350;0.0000;0.0000;0.0000E+00;
941.0000;1111.3640;0.0000;3933.7640;2822.3990;0.0000;0.0000;0.0000E+00;
942.0000;1309.5250;0.0000;4133.5150;2823.9900;0.0000;0.0000;0.0000E+00;
943.0000;1521.4640;0.0000;4354.4710;2833.0070;0.0000;0.0000;0.0000E+00;
944.0000;1321.0320;0.0000;4097.8260;2776.7940;0.0000;0.0000;0.0000E+00;
945.0000;1136.2290;0.0000;3873.4000;2737.1710;0.0000;0.0000;0.0000E+00;
946.0000;1148.1770;0.0000;3895.5050;2747.3270;0.0000;0.0000;0.0000E+00;
947.0000;1129.0270;0.0000;3902.1140;2773.0870;0.0000;0.0000;0.0000E+00;
948.0000;1110.4720;0.0000;3888.0050;2777.5330;0.0000;0.0000;0.0000E+00;
949.0000;1104.5440;0.0000;3825.6500;2721.1060;0.0000;0.0000;0.0000E+00;
950.0000;1131.1470;0.0000;3834.2740;2703.1260;0.0000;0.0000;0.0000E+00;
951.0000;1164.9130;0.0000;3900.9030;2735.9900;0.0000;0.0000;0.0000E+00;
952.0000;1115.7390;0.0000;3844.3640;2728.6250;0.0000;0.0000;0.0000E+00;
953.0000;1078.1280;0.0000;3781.2810;2703.1530;0.0000;0.0000;0.0000E+00;
954.0000;1127.5340;0.0000;3809.6040;2682.0700;0.0000;0.0000;0.0000E+00;
955.0000;1157.3430;0.0000;3849.4790;2692.1360;0.0000;0.0000;0.0000E+00;
956.0000;1153.8350;0.0000;3873.3730;2719.5380;0.0000;0.0000;0.0000E+00;
957.0000;1156.4710;0.0000;3868.5770;2712.1060;0.0000;0.0000;0.0000E+00;
958.0000;1137.1120;0.0000;3847.1880;2710.0760;0.0000;0.0000;0.0000E+00;
959.0000;1103.6640;0.0000;3835.4710;2731.8070;0.0000;0.0000;0.0000E+00;
960.0000;1140.6850;0.0000;3891.4020;2750.7180;0.0000;0.0000;0.0000E+00;
961.0000;1214.9270;0.0000;3959.0480;2744.1210;0.0000;0.0000;0.0000E+00;
962.0000;1253.0240;0.0000;3947.2260;2694.2020;0.0000;0.0000;0.0000E+00;
963.0000;1247.9880;0.0000;3913.7750;2665.7870;0.0000;0.0000;0.0000E+00;
964.0000;1200.9060;0.0000;3883.2650;2682.3590;0.0000;0.0000;0.0000E+00;
965.0000;1146.6520;0.0000;3848.6940;2702.0420;0.0000;0.0000;0.0000E+00;
966.0000;1096.4310;0.0000;3799.3880;2702.9570;0.0000;0.0000;0.0000E+00;
967.0000;1063.2680;0.0000;3729.2360;2665.9680;0.0000;0.0000;0.0000E+00;
968.0000;1104.0920;0.0000;3751.9080;2647.8160;0.0000;0.0000;0.0000E+00;
969.0000;1188.0460;0.0000;3837.7620;2649.7160;0.0000;0.0000;0.0000E+00;
970.0000;1205.4490;0.0000;3828.0200;2622.5710;0.0000;0.0000;0.0000E+00;
971.0000;1162.8710;0.0000;3762.0940;2599.2230;0.0000;0.0000;0.0000E+00;
972.0000;1097.4850;0.0000;3697.3070;2599.8220;0.0000;0.0000;0.0000E+00;
973.0000;1119.1470;0.0000;3737.8660;2618.7200;0.0000;0.0000;0.0000E+00;
974.0000;1170.2320;0.0000;3810.9570;2640.7260;0.0000;0.0000;0.0000E+00;
975.0000;1116.0840;0.0000;3758.2560;2642.1720;0.0000;0.0000;0.0000E+00;
976.0000;1091.8030;0.0000;3716.0180;2624.2140;0.0000;0.0000;0.0000E+00;
977.0000;1135.6250;0.0000;3735.0730;2599.4480;0.0000;0.0000;0.0000E+00;
978.0000;1158.4300;0.0000;3764.0250;2605.5950;0.0000;0.0000;0.0000E+00;
979.0000;1175.8730;0.0000;3787.7460;2611.8730;0.0000;0.0000;0.0000E+00;
980.0000;1202.7680;0.0000;3786.6330;2583.8640;0.0000;0.0000;0.0000E+00;
981.0000;1230.1390;0.0000;3810.0140;2579.8760;0.0000;0.0000;0.0000E+00;
982.0000;1223.0340;0.0000;3832.6970;2609.6620;0.0000;0.0000;0.0000E+00;
983.0000;1118.6160;0.0000;3770.8180;2652.2020;0.0000;0.0000;0.0000E+00;
984.0000;1086.7320;0.0000;3741.2580;2654.5250;0.0000;0.0000;0.0000E+00;
985.0000;1207.7880;0.0000;3804.9090;2597.1210;0.0000;0.0000;0.0000E+00;
986.0000;1229.9760;0.0000;3811.7400;2581.7640;0.0000;0.0000;0.0000E+00;
987.0000;1174.8240;0.0000;3763.1850;2588.3610;0.0000;0.0000;0.0000E+00;
988.0000;1151.5840;0.0000;3707.2090;2555.6250;0.0000;0.0000;0.0000E+00;
989.0000;1149.1090;0.0000;3680.6150;2531.5060;0.0000;0.0000;0.0000E+00;
990.0000;1165.9600;0.0000;3696.7000;2530.7400;0.0000;0.0000;0.0000E+00;
991.0000;1174.4620;0.0000;3703.5470;2529.0850;0.0000;0.0000;0.0000E+00;
992.0000;1176.9910;0.0000;3706.1430;2529.1520;0.0000;0.0000;0.0000E+00;
993.0000;1177.0010;0.0000;3705.2220;2528.2210;0.0000;0.0000;0.0000E+00;
994.0000;1176.4350;0.0000;3706.8690;2530.4350;0.0000;0.0000;0.0000E+00;
995.0000;1174.8440;0.0000;3701.5400;2526.6960;0.0000;0.0000;0.0000E+00;
996.0000;1170.3740;0.0000;3668.6020;2498.2280;0.0000;0.0000;0.0000E+00;
997.0000;1165.0650;0.0000;3638.6040;2473.5390;0.0000;0.0000;0.0000E+00;
998.0000;1164.3780;0.0000;3634.5560;2470.1780;0.0000;0.0000;0.0000E+00;
999.0000;1187.2120;0.0000;3656.3530;2469.1420;0.0000;0.0000;0.0000E+00;
1000.0000;1204.8340;0.0000;3675.3620;2470.5280;0.0000;0.0000;0.0000E+00;
1001.0000;1180.4970;0.0000;3649.9260;2469.4280;0.0000;0.0000;0.0000E+00;
1002.0000;1151.0590;0.0000;3641.6810;2490.6220;0.0000;0.0000;0.0000E+00;
1003.0000;1131.1220;0.0000;3642.4630;2511.3410;0.0000;0.0000;0.0000E+00;
1004.0000;1101.1110;0.0000;3552.5420;2451.4310;0.0000;0.0000;0.0000E+00;
1005.0000;1105.5700;0.0000;3516.9820;2411.4120;0.0000;0.0000;0.0000E+00;
1006.0000;1155.0970;0.0000;3611.2210;2456.1240;0.0000;0.0000;0.0000E+00;
1007.0000;1166.7540;0.0000;3613.2030;2446.4490;0.0000;0.0000;0.0000E+00;
1008.0000;1141.3600;0.0000;3549.2090;2407.8490;0.0000;0.0000;0.0000E+00;
1009.0000;1120.9400;0.0000;3538.8780;2417.9370;0.0000;0.0000;0.0000E+00;
1010.0000;1099.7820;0.0000;3535.6030;2435.8210;0.0000;0.0000;0.0000E+00;
1011.0000;1093.5160;0.0000;3528.5730;2435.0570;0.0000;0.0000;0.0000E+00;
1012.0000;1133.1870;0.0000;3517.6620;2384.4750;0.0000;0.0000;0.0000E+00;
1013.0000;1175.6140;0.0000;3526.9970;2351.3820;0.0000;0.0000;0.0000E+00;
1014.0000;1173.4090;0.0000;3565.9780;2392.5700;0.0000;0.0000;0.0000E+00;
1015.0000;1158.2310;0.0000;3562.1520;2403.9210;0.0000;0.0000;0.0000E+00;
1016.0000;1152.9960;0.0000;3537.3450;2384.3490;0.0000;0.0000;0.0000E+00;
1017.0000;1198.0040;0.0000;3589.3740;2391.3700;0.0000;0.0000;0.0000E+00;
1018.0000;1187.1900;0.0000;3560.5910;2373.4000;0.0000;0.0000;0.0000E+00;
1019.0000;1107.1700;0.0000;3434.7260;2327.5560;0.0000;0.0000;0.0000E+00;
1020.0000;1135.0340;0.0000;3462.2810;2327.2460;0.0000;0.0000;0.0000E+00;
1021.0000;1210.4840;0.0000;3555.8840;2345.3990;0.0000;0.0000;0.0000E+00;
1022.0000;1233.2970;0.0000;3569.1880;2335.8920;0.0000;0.0000;0.0000E+00;
1023.0000;1205.5810;0.0000;3520.1120;2314.5310;0.0000;0.0000;0.0000E+00;
1024.0000;1142.5940;0.0000;3443.2750;2300.6810;0.0000;0.0000;0.0000E+00;
1025.0000;1103.2490;0.0000;3432.4550;2329.2060;0.0000;0.0000;0.0000E+00;
1026.0000;1088.0540;0.0000;3425.3900;2337.3360;0.0000;0.0000;0.0000E+00;
1027.0000;1090.0370;0.0000;3387.9110;2297.8740;0.0000;0.0000;0.0000E+00;
1028.0000;1051.4050;0.0000;3336.2370;2284.8320;0.0000;0.0000;0.0000E+00;
1029.0000;1052.5460;0.0000;3342.8050;2290.2590;0.0000;0.0000;0.0000E+00;
1030.0000;1172.8750;0.0000;3460.2110;2287.3360;0.0000;0.0000;0.0000E+00;
1031.0000;1183.5820;0.0000;3458.8290;2275.2470;0.0000;0.0000;0.0000E+00;
1032.0000;1083.0000;0.0000;3345.5000;2262.5000;0.0000;0.0000;0.0000E+00;
1033.0000;1099.2050;0.0000;3371.6500;2272.4450;0.0000;0.0000;0.0000E+00;
1034.0000;1131.5470;0.0000;3400.5300;2268.9820;0.0000;0.0000;0.0000E+00;
1035.0000;1121.3910;0.0000;3358.0950;2236.7050;0.0000;0.0000;0.0000E+00;
1036.0000;1125.6150;0.0000;3350.1530;2224.5390;0.0000;0.0000;0.0000E+00;
1037.0000;1150.2970;0.0000;3385.5300;2235.2330;0.0000;0.0000;0.0000E+00;
1038.0000;1191.6940;0.0000;3444.2740;2252.5800;0.0000;0.0000;0.0000E+00;
1039.0000;1200.7280;0.0000;3438.3210;2237.5940;0.0000;0.0000;0.0000E+00;
1040.0000;1168.5590;0.0000;3372.2650;2203.7060;0.0000;0.0000;0.0000E+00;
1041.0000;1138.9040;0.0000;3367.5390;2228.6350;0.0000;0.0000;0.0000E+00;
1042.0000;1115.6480;0.0000;3358.4600;2242.8130;0.0000;0.0000;0.0000E+00;
1043.0000;1118.5910;0.0000;3325.8460;2207.2550;0.0000;0.0000;0.0000E+00;
1044.0000;1237.5680;0.0000;3450.5500;2212.9820;0.0000;0.0000;0.0000E+00;
1045.0000;1317.0130;0.0000;3553.6110;2236.5980;0.0000;0.0000;0.0000E+00;
1046.0000;1155.6440;0.0000;3381.8490;2226.2040;0.0000;0.0000;0.0000E+00;
1047.0000;1073.9620;0.0000;3273.7040;2199.7410;0.0000;0.0000;0.0000E+00;
1048.0000;1141.4380;0.0000;3317.6280;2176.1890;0.0000;0.0000;0.0000E+00;
1049.0000;1166.9230;0.0000;3345.5680;2178.6450;0.0000;0.0000;0.0000E+00;
1050.0000;1189.6760;0.0000;3379.8230;2190.1460;0.0000;0.0000;0.0000E+00;
1051.0000;1209.2780;0.0000;3401.0350;2191.7570;0.0000;0.0000;0.0000E+00;
1052.0000;1178.3150;0.0000;3357.8080;2179.4930;0.0000;0.0000;0.0000E+00;
1053.0000;1109.4220;0.0000;3288.8150;2179.3940;0.0000;0.0000;0.0000E+00;
1054.0000;1041.0120;0.0000;3262.5660;2221.5550;0.0000;0.0000;0.0000E+00;
1055.0000;1041.2610;0.0000;3289.2400;2247.9790;0.0000;0.0000;0.0000E+00;
1056.0000;1097.0000;0.0000;3340.0000;2243.0000;0.0000;0.0000;0.0000E+00;
1057.0000;1072.2080;0.0000;3315.1890;2242.9810;0.0000;0.0000;0.0000E+00;
1058.0000;1083.9490;0.0000;3304.8830;2220.9340;0.0000;0.0000;0.0000E+00;
1059.0000;1169.1060;0.0000;3350.4090;2181.3030;0.0000;0.0000;0.0000E+00;
1060.0000;1153.8710;0.0000;3341.8900;2188.0190;0.0000;0.0000;0.0000E+00;
1061.0000;1091.8600;0.0000;3304.8190;2212.9590;0.0000;0.0000;0.0000E+00;
1062.0000;1091.6030;0.0000;3294.2900;2202.6860;0.0000;0.0000;0.0000E+00;
1063.0000;1092.4880;0.0000;3292.7840;2200.2970;0.0000;0.0000;0.0000E+00;
1064.0000;1092.1940;0.0000;3297.5980;2205.4030;0.0000;0.0000;0.0000E+00;
1065.0000;1107.5820;0.0000;3300.0620;2192.4800;0.0000;0.0000;0.0000E+00;
1066.0000;1130.3220;0.0000;3297.2720;2166.9500;0.0000;0.0000;0.0000E+00;
1067.0000;1150.1250;0.0000;3295.2020;2145.0770;0.0000;0.0000;0.0000E+00;
1068.0000;1175.5140;0.0000;3340.4150;2164.9010;0.0000;0.0000;0.0000E+00;
1069.0000;1172.3190;0.0000;3357.5960;2185.2780;0.0000;0.0000;0.0000E+00;
1070.0000;1123.4100;0.0000;3278.0740;2154.6640;0.0000;0.0000;0.0000E+00;
1071.0000;1134.1440;0.0000;3281.7910;2147.6470;0.0000;0.0000;0.0000E+00;
1072.0000;1177.4460;0.0000;3344.0210;2166.5750;0.0000;0.0000;0.0000E+00;
1073.0000;1133.3260;0.0000;3306.9070;2173.5810;0.0000;0.0000;0.0000E+00;
1074.0000;1117.9030;0.0000;3283.4800;2165.5770;0.0000;0.0000;0.0000E+00;
1075.0000;1156.9900;0.0000;3306.1250;2149.1350;0.0000;0.0000;0.0000E+00;
1076.0000;1126.5760;0.0000;3281.7640;2155.1880;0.0000;0.0000;0.0000E+00;
1077.0000;1083.5130;0.0000;3261.7430;2178.2310;0.0000;0.0000;0.0000E+00;
1078.0000;1087.6160;0.0000;3288.4920;2200.8760;0.0000;0.0000;0.0000E+00;
1079.0000;1143.2320;0.0000;3328.4340;2185.2010;0.0000;0.0000;0.0000E+00;
1080.0000;1190.7610;0.0000;3345.5680;2154.8060;0.0000;0.0000;0.0000E+00;
1081.0000;1136.6140;0.0000;3303.0320;2166.4180;0.0000;0.0000;0.0000E+00;
1082.0000;1139.0990;0.0000;3315.6760;2176.5770;0.0000;0.0000;0.0000E+00;
1083.0000;1204.2460;0.0000;3376.4300;2172.1840;0.0000;0.0000;0.0000E+00;
1084.0000;1150.3570;0.0000;3316.2240;2165.8670;0.0000;0.0000;0.0000E+00;
1085.0000;1110.3260;0.0000;3279.8160;2169.4900;0.0000;0.0000;0.0000E+00;
1086.0000;1162.9020;0.0000;3347.4250;2184.5230;0.0000;0.0000;0.0000E+00;
1087.0000;1155.3170;0.0000;3320.7140;2165.3970;0.0000;0.0000;0.0000E+00;
1088.0000;1133.3470;0.0000;3278.9260;2145.5790;0.0000;0.0000;0.0000E+00;
1089.0000;1175.8840;0.0000;3349.5880;2173.7040;0.0000;0.0000;0.0000E+00;
1090.0000;1228.6290;0.0000;3410.4900;2181.8620;0.0000;0.0000;0.0000E+00;
1091.0000;1239.4810;0.0000;3405.4540;2165.9730;0.0000;0.0000;0.0000E+00;
1092.0000;1156.0280;0.0000;3330.7040;2174.6760;0.0000;0.0000;0.0000E+00;
1093.0000;1063.8620;0.0000;3223.7600;2159.8980;0.0000;0.0000;0.0000E+00;
1094.0000;1152.5450;0.0000;3270.2480;2117.7030;0.0000;0.0000;0.0000E+00;
1095.0000;2051.7650;0.0000;4173.2650;2121.5000;0.0000;0.0000;0.0000E+00;
1096.0000;2468.9710;0.0000;4601.5970;2132.6260;0.0000;0.0000;0.0000E+00;
1097.0000;1445.1950;0.0000;3553.4410;2108.2460;0.0000;0.0000;0.0000E+00;
1098.0000;996.2776;0.0000;3100.8650;2104.5870;0.0000;0.0000;0.0000E+00;
1099.0000;1176.5160;0.0000;3293.6390;2117.1230;0.0000;0.0000;0.0000E+00;
1100.0000;1132.1140;0.0000;3247.0890;2114.9750;0.0000;0.0000;0.0000E+00;
1101.0000;1103.2130;0.0000;3215.7580;2112.5450;0.0000;0.0000;0.0000E+00;
1102.0000;1114.1560;0.0000;3227.1500;2112.9940;0.0000;0.0000;0.0000E+00;
1103.0000;1137.4160;0.0000;3252.2790;2114.8630;0.0000;0.0000;0.0000E+00;
1104.0000;1175.2850;0.0000;3282.6660;2107.3810;0.0000;0.0000;0.0000E+00;
1105.0000;1202.8240;0.0000;3290.5120;2087.6880;0.0000;0.0000;0.0000E+00;
1106.0000;1137.0740;0.0000;3208.3800;2071.3060;0.0000;0.0000;0.0000E+00;
1107.0000;1081.9310;0.0000;3147.9770;2066.0470;0.0000;0.0000;0.0000E+00;
1108.0000;1161.4680;0.0000;3233.6380;2072.1700;0.0000;0.0000;0.0000E+00;
1109.0000;1195.4190;0.0000;3260.7610;2065.3420;0.0000;0.0000;0.0000E+00;
1110.0000;1178.1250;0.0000;3228.4080;2050.2820;0.0000;0.0000;0.0000E+00;
1111.0000;1209.1980;0.0000;3260.3280;2051.1310;0.0000;0.0000;0.0000E+00;
1112.0000;1197.7350;0.0000;3235.7770;2038.0420;0.0000;0.0000;0.0000E+00;
1113.0000;1142.4950;0.0000;3156.6330;2014.1380;0.0000;0.0000;0.0000E+00;
1114.0000;1151.7140;0.0000;3175.0300;2023.3160;0.0000;0.0000;0.0000E+00;
1115.0000;1187.4200;0.0000;3230.3080;2042.8880;0.0000;0.0000;0.0000E+00;
1116.0000;1200.1040;0.0000;3249.3260;2049.2230;0.0000;0.0000;0.0000E+00;
1117.0000;1136.5850;0.0000;3194.2630;2057.6780;0.0000;0.0000;0.0000E+00;
1118.0000;1073.0590;0.0000;3127.4150;2054.3570;0.0000;0.0000;0.0000E+00;
1119.0000;1108.3490;0.0000;3138.2150;2029.8660;0.0000;0.0000;0.0000E+00;
1120.0000;1122.7290;0.0000;3151.7230;2028.9940;0.0000;0.0000;0.0000E+00;
1121.0000;1112.0060;0.0000;3159.9590;2047.9530;0.0000;0.0000;0.0000E+00;
1122.0000;1134.6260;0.0000;3177.7250;2043.0990;0.0000;0.0000;0.0000E+00;
1123.0000;1172.7640;0.0000;3226.9040;2054.1400;0.0000;0.0000;0.0000E+00;
1124.0000;1196.1080;0.0000;3276.0480;2079.9390;0.0000;0.0000;0.0000E+00;
1125.0000;1142.2400;0.0000;3207.1390;2064.8990;0.0000;0.0000;0.0000E+00;
1126.0000;1102.6070;0.0000;3141.8350;2039.2270;0.0000;0.0000;0.0000E+00;
1127.0000;1145.5350;0.0000;3176.0630;2030.5280;0.0000;0.0000;0.0000E+00;
1128.0000;1179.3160;0.0000;3188.0200;2008.7030;0.0000;0.0000;0.0000E+00;
1129.0000;1209.9180;0.0000;3208.3590;1998.4410;0.0000;0.0000;0.0000E+00;
1130.0000;1254.3710;0.0000;3276.5160;2022.1450;0.0000;0.0000;0.0000E+00;
1131.0000;1231.8350;0.0000;3276.5510;2044.7150;0.0000;0.0000;0.0000E+00;
1132.0000;1166.9630;0.0000;3211.6810;2044.7180;0.0000;0.0000;0.0000E+00;
1133.0000;1164.0950;0.0000;3176.9170;2012.8220;0.0000;0.0000;0.0000E+00;
1134.0000;1148.8530;0.0000;3148.5780;1999.7250;0.0000;0.0000;0.0000E+00;
1135.0000;1111.1040;0.0000;3128.5850;2017.4810;0.0000;0.0000;0.0000E+00;
1136.0000;1105.1340;0.0000;3111.5080;2006.3740;0.0000;0.0000;0.0000E+00;
1137.0000;1126.2000;0.0000;3137.5800;2011.3800;0.0000;0.0000;0.0000E+00;
1138.0000;1148.5360;0.0000;3198.1940;2049.6570;0.0000;0.0000;0.0000E+00;
1139.0000;1110.3480;0.0000;3173.0240;2062.6760;0.0000;0.0000;0.0000E+00;
1140.0000;1066.3180;0.0000;3110.8850;2044.5670;0.0000;0.0000;0.0000E+00;
1141.0000;1085.5760;0.0000;3096.5040;2010.9280;0.0000;0.0000;0.0000E+00;
1142.0000;1108.9000;0.0000;3085.0940;1976.1940;0.0000;0.0000;0.0000E+00;
1143.0000;1119.7120;0.0000;3081.5630;1961.8510;0.0000;0.0000;0.0000E+00;
1144.0000;1112.5630;0.0000;3089.8180;1977.2550;0.0000;0.0000;0.0000E+00;
1145.0000;1144.9450;0.0000;3119.0510;1974.1060;0.0000;0.0000;0.0000E+00;
1146.0000;1212.0000;0.0000;3160.5000;1948.5000;0.0000;0.0000;0.0000E+00;
1147.0000;1262.6540;0.0000;3213.0220;1950.3680;0.0000;0.0000;0.0000E+00;
1148.0000;1220.8910;0.0000;3187.4340;1966.5420;0.0000;0.0000;0.0000E+00;
1149.0000;1100.9460;0.0000;3079.2500;1978.3040;0.0000;0.0000;0.0000E+00;
1150.0000;1091.4240;0.0000;3044.7930;1953.3690;0.0000;0.0000;0.0000E+00;
1151.0000;1125.9140;0.0000;3071.3660;1945.4530;0.0000;0.0000;0.0000E+00;
1152.0000;1112.3330;0.0000;3107.9600;1995.6260;0.0000;0.0000;0.0000E+00;
1153.0000;1104.0730;0.0000;3095.0700;1990.9970;0.0000;0.0000;0.0000E+00;
1154.0000;1147.1870;0.0000;3101.7080;1954.5210;0.0000;0.0000;0.0000E+00;
1155.0000;1273.7430;0.0000;3224.4240;1950.6810;0.0000;0.0000;0.0000E+00;
1156.0000;1276.4700;0.0000;3262.2320;1985.7610;0.0000;0.0000;0.0000E+00;
1157.0000;1169.9470;0.0000;3193.2480;2023.3010;0.0000;0.0000;0.0000E+00;
1158.0000;1155.9200;0.0000;3140.0200;1984.1000;0.0000;0.0000;0.0000E+00;
1159.0000;1174.2210;0.0000;3143.7610;1969.5390;0.0000;0.0000;0.0000E+00;
1160.0000;1194.6060;0.0000;3201.2370;2006.6310;0.0000;0.0000;0.0000E+00;
1161.0000;1197.4080;0.0000;3211.1260;2013.7180;0.0000;0.0000;0.0000E+00;
1162.0000;1180.1390;0.0000;3175.1430;1995.0030;0.0000;0.0000;0.0000E+00;
1163.0000;1152.1340;0.0000;3118.1120;1965.9780;0.0000;0.0000;0.0000E+00;
1164.0000;1134.7620;0.0000;3103.3860;1968.6240;0.0000;0.0000;0.0000E+00;
1165.0000;1131.8430;0.0000;3117.2940;1985.4510;0.0000;0.0000;0.0000E+00;
1166.0000;1136.1060;0.0000;3122.7350;1986.6290;0.0000;0.0000;0.0000E+00;
1167.0000;1142.3930;0.0000;3118.8920;1976.4990;0.0000;0.0000;0.0000E+00;
1168.0000;1146.3330;0.0000;3108.8910;1962.5580;0.0000;0.0000;0.0000E+00;
1169.0000;1145.1110;0.0000;3102.2980;1957.1870;0.0000;0.0000;0.0000E+00;
1170.0000;1153.2490;0.0000;3147.1670;1993.9190;0.0000;0.0000;0.0000E+00;
1171.0000;1159.8500;0.0000;3196.5770;2036.7270;0.0000;0.0000;0.0000E+00;
1172.0000;1136.2110;0.0000;3136.4060;2000.1950;0.0000;0.0000;0.0000E+00;
1173.0000;1131.6630;0.0000;3112.8070;1981.1440;0.0000;0.0000;0.0000E+00;
1174.0000;1147.1700;0.0000;3155.5700;2008.4000;0.0000;0.0000;0.0000E+00;
1175.0000;1099.2830;0.0000;3108.4100;2009.1270;0.0000;0.0000;0.0000E+00;
1176.0000;1082.6430;0.0000;3069.8280;1987.1850;0.0000;0.0000;0.0000E+00;
1177.0000;1136.5340;0.0000;3093.5030;1956.9700;0.0000;0.0000;0.0000E+00;
1178.0000;1154.7540;0.0000;3106.3140;1951.5600;0.0000;0.0000;0.0000E+00;
1179.0000;1148.2650;0.0000;3127.1950;1978.9310;0.0000;0.0000;0.0000E+00;
1180.0000;1142.5680;0.0000;3163.0780;2020.5100;0.0000;0.0000;0.0000E+00;
1181.0000;1149.4740;0.0000;3143.4340;1993.9590;0.0000;0.0000;0.0000E+00;
1182.0000;1133.4590;0.0000;3069.9360;1936.4770;0.0000;0.0000;0.0000E+00;
1183.0000;1064.6130;0.0000;2996.1240;1931.5110;0.0000;0.0000;0.0000E+00;
1184.0000;1454.6020;0.0000;3412.3250;1957.7240;0.0000;0.0000;0.0000E+00;
1185.0000;1872.5430;0.0000;3862.8520;1990.3090;0.0000;0.0000;0.0000E+00;
1186.0000;1377.1320;0.0000;3362.6830;1985.5510;0.0000;0.0000;0.0000E+00;
1187.0000;1027.0370;0.0000;3012.3300;1985.2930;0.0000;0.0000;0.0000E+00;
1188.0000;1156.0330;0.0000;3142.1310;1986.0980;0.0000;0.0000;0.0000E+00;
1189.0000;1239.0700;0.0000;3175.0710;1936.0000;0.0000;0.0000;0.0000E+00;
1190.0000;1214.4250;0.0000;3117.3010;1902.8750;0.0000;0.0000;0.0000E+00;
1191.0000;1079.5030;0.0000;3001.5340;1922.0310;0.0000;0.0000;0.0000E+00;
1192.0000;1127.5800;0.0000;3089.5550;1961.9740;0.0000;0.0000;0.0000E+00;
1193.0000;1195.4500;0.0000;3165.0930;1969.6430;0.0000;0.0000;0.0000E+00;
1194.0000;1150.7350;0.0000;3069.1190;1918.3840;0.0000;0.0000;0.0000E+00;
1195.0000;1124.2970;0.0000;3018.6000;1894.3020;0.0000;0.0000;0.0000E+00;
1196.0000;1139.3980;0.0000;3043.8770;1904.4800;0.0000;0.0000;0.0000E+00;
1197.0000;1196.0950;0.0000;3129.3610;1933.2660;0.0000;0.0000;0.0000E+00;
1198.0000;1206.9960;0.0000;3136.2260;1929.2300;0.0000;0.0000;0.0000E+00;
1199.0000;1169.7870;0.0000;3080.9890;1911.2020;0.0000;0.0000;0.0000E+00;
1200.0000;1125.2840;0.0000;3048.2120;1922.9280;0.0000;0.0000;0.0000E+00;
1201.0000;1107.6230;0.0000;3044.8770;1937.2540;0.0000;0.0000;0.0000E+00;
1202.0000;1120.4520;0.0000;3060.5790;1940.1270;0.0000;0.0000;0.0000E+00;
1203.0000;1127.9380;0.0000;3052.3230;1924.3850;0.0000;0.0000;0.0000E+00;
1204.0000;1112.6760;0.0000;3015.0750;1902.3990;0.0000;0.0000;0.0000E+00;
1205.0000;1106.2030;0.0000;2991.0530;1884.8510;0.0000;0.0000;0.0000E+00;
1206.0000;1211.8120;0.0000;3082.6720;1870.8600;0.0000;0.0000;0.0000E+00;
1207.0000;1223.2130;0.0000;3078.9090;1855.6960;0.0000;0.0000;0.0000E+00;
1208.0000;1109.2300;0.0000;2955.8710;1846.6410;0.0000;0.0000;0.0000E+00;
1209.0000;1152.0830;0.0000;3028.8390;1876.7560;0.0000;0.0000;0.0000E+00;
1210.0000;1246.1840;0.0000;3143.0800;1896.8960;0.0000;0.0000;0.0000E+00;
1211.0000;1287.4790;0.0000;3163.7300;1876.2520;0.0000;0.0000;0.0000E+00;
1212.0000;1257.3030;0.0000;3117.5240;1860.2220;0.0000;0.0000;0.0000E+00;
1213.0000;1191.5820;0.0000;3056.3420;1864.7600;0.0000;0.0000;0.0000E+00;
1214.0000;1155.6990;0.0000;3048.0780;1892.3790;0.0000;0.0000;0.0000E+00;
1215.0000;1143.1560;0.0000;3037.0300;1893.8740;0.0000;0.0000;0.0000E+00;
1216.0000;1172.0730;0.0000;3049.4080;1877.3360;0.0000;0.0000;0.0000E+00;
1217.0000;1229.6000;0.0000;3097.1050;1867.5050;0.0000;0.0000;0.0000E+00;
1218.0000;1223.5290;0.0000;3077.9390;1854.4100;0.0000;0.0000;0.0000E+00;
1219.0000;1179.3030;0.0000;3030.4560;1851.1530;0.0000;0.0000;0.0000E+00;
1220.0000;1182.9210;0.0000;3053.1960;1870.2740;0.0000;0.0000;0.0000E+00;
1221.0000;1177.0620;0.0000;3050.8610;1873.7990;0.0000;0.0000;0.0000E+00;
1222.0000;1155.8900;0.0000;3021.7600;1865.8700;0.0000;0.0000;0.0000E+00;
1223.0000;1130.2010;0.0000;3008.2890;1878.0880;0.0000;0.0000;0.0000E+00;
1224.0000;1137.4860;0.0000;3023.5320;1886.0450;0.0000;0.0000;0.0000E+00;
1225.0000;1174.3700;0.0000;3060.8720;1886.5010;0.0000;0.0000;0.0000E+00;
1226.0000;1191.0460;0.0000;3091.0320;1899.9860;0.0000;0.0000;0.0000E+00;
1227.0000;1208.8880;0.0000;3094.7330;1885.8460;0.0000;0.0000;0.0000E+00;
1228.0000;1220.1350;0.0000;3069.4620;1849.3280;0.0000;0.0000;0.0000E+00;
1229.0000;1193.0840;0.0000;3041.3780;1848.2950;0.0000;0.0000;0.0000E+00;
1230.0000;1130.3620;0.0000;3011.9940;1881.6320;0.0000;0.0000;0.0000E+00;
1231.0000;1074.8390;0.0000;2996.3970;1921.5580;0.0000;0.0000;0.0000E+00;
1232.0000;1104.4130;0.0000;3014.3830;1909.9690;0.0000;0.0000;0.0000E+00;
1233.0000;1138.3180;0.0000;3036.5880;1898.2700;0.0000;0.0000;0.0000E+00;
1234.0000;1104.6430;0.0000;3025.9980;1921.3540;0.0000;0.0000;0.0000E+00;
1235.0000;1061.0420;0.0000;2956.8430;1895.8010;0.0000;0.0000;0.0000E+00;
1236.0000;1069.2590;0.0000;2922.8650;1853.6060;0.0000;0.0000;0.0000E+00;
1237.0000;1158.6230;0.0000;2997.8150;1839.1930;0.0000;0.0000;0.0000E+00;
1238.0000;1192.9520;0.0000;3051.8170;1858.8650;0.0000;0.0000;0.0000E+00;
1239.0000;1180.0710;0.0000;3068.5180;1888.4470;0.0000;0.0000;0.0000E+00;
1240.0000;1169.2840;0.0000;3057.3300;1888.0450;0.0000;0.0000;0.0000E+00;
1241.0000;1141.2520;0.0000;3011.4540;1870.2010;0.0000;0.0000;0.0000E+00;
1242.0000;1129.5600;0.0000;2979.2430;1849.6840;0.0000;0.0000;0.0000E+00;
1243.0000;1166.9040;0.0000;3013.3330;1846.4280;0.0000;0.0000;0.0000E+00;
1244.0000;1157.4130;0.0000;3004.5790;1847.1660;0.0000;0.0000;0.0000E+00;
1245.0000;1120.5760;0.0000;2962.1710;1841.5950;0.0000;0.0000;0.0000E+00;
1246.0000;1135.7850;0.0000;2952.8870;1817.1020;0.0000;0.0000;0.0000E+00;
1247.0000;1134.4830;0.0000;2963.5410;1829.0580;0.0000;0.0000;0.0000E+00;
1248.0000;1129.1130;0.0000;2993.0140;1863.9010;0.0000;0.0000;0.0000E+00;
1249.0000;1181.6740;0.0000;3036.9950;1855.3210;0.0000;0.0000;0.0000E+00;
1250.0000;1213.8760;0.0000;3047.7000;1833.8240;0.0000;0.0000;0.0000E+00;
1251.0000;1207.5830;0.0000;3023.2550;1815.6730;0.0000;0.0000;0.0000E+00;
1252.0000;1215.8370;0.0000;3020.5510;1804.7150;0.0000;0.0000;0.0000E+00;
1253.0000;1197.3900;0.0000;3023.5240;1826.1340;0.0000;0.0000;0.0000E+00;
1254.0000;1152.0770;0.0000;3015.8520;1863.7750;0.0000;0.0000;0.0000E+00;
1255.0000;1103.4130;0.0000;2955.1450;1851.7320;0.0000;0.0000;0.0000E+00;
1256.0000;1140.0560;0.0000;2984.7690;1844.7140;0.0000;0.0000;0.0000E+00;
1257.0000;1234.6200;0.0000;3094.5760;1859.9560;0.0000;0.0000;0.0000E+00;
1258.0000;1156.1490;0.0000;2993.3440;1837.1960;0.0000;0.0000;0.0000E+00;
1259.0000;1089.0480;0.0000;2904.7230;1815.6750;0.0000;0.0000;0.0000E+00;
1260.0000;1139.2300;0.0000;2962.4380;1823.2070;0.0000;0.0000;0.0000E+00;
1261.0000;1135.9630;0.0000;2985.4040;1849.4410;0.0000;0.0000;0.0000E+00;
1262.0000;1149.4080;0.0000;3000.2500;1850.8420;0.0000;0.0000;0.0000E+00;
1263.0000;1203.9890;0.0000;3014.0930;1810.1040;0.0000;0.0000;0.0000E+00;
1264.0000;1199.8470;0.0000;3004.2450;1804.3980;0.0000;0.0000;0.0000E+00;
1265.0000;1144.4620;0.0000;2964.0470;1819.5850;0.0000;0.0000;0.0000E+00;
1266.0000;1082.5420;0.0000;2909.1110;1826.5690;0.0000;0.0000;0.0000E+00;
1267.0000;1075.3530;0.0000;2863.9170;1788.5640;0.0000;0.0000;0.0000E+00;
1268.0000;1087.2650;0.0000;2865.5340;1778.2690;0.0000;0.0000;0.0000E+00;
1269.0000;1070.8690;0.0000;2918.9190;1848.0500;0.0000;0.0000;0.0000E+00;
1270.0000;1111.1450;0.0000;2940.7750;1829.6300;0.0000;0.0000;0.0000E+00;
1271.0000;1181.8450;0.0000;2961.1470;1779.3020;0.0000;0.0000;0.0000E+00;
1272.0000;1225.4170;0.0000;3014.1660;1788.7490;0.0000;0.0000;0.0000E+00;
1273.0000;1190.9100;0.0000;2957.6450;1766.7360;0.0000;0.0000;0.0000E+00;
1274.0000;1129.4140;0.0000;2876.6910;1747.2770;0.0000;0.0000;0.0000E+00;
1275.0000;1134.4340;0.0000;2909.3650;1774.9310;0.0000;0.0000;0.0000E+00;
1276.0000;1204.2910;0.0000;2986.2890;1781.9980;0.0000;0.0000;0.0000E+00;
1277.0000;1260.2390;0.0000;3035.9310;1775.6930;0.0000;0.0000;0.0000E+00;
1278.0000;1203.6700;0.0000;2988.2640;1784.5940;0.0000;0.0000;0.0000E+00;
1279.0000;1126.1690;0.0000;2894.9170;1768.7480;0.0000;0.0000;0.0000E+00;
1280.0000;1078.4860;0.0000;2827.7260;1749.2400;0.0000;0.0000;0.0000E+00;
1281.0000;1087.8650;0.0000;2854.2330;1766.3680;0.0000;0.0000;0.0000E+00;
1282.0000;1103.4940;0.0000;2880.6780;1777.1840;0.0000;0.0000;0.0000E+00;
1283.0000;1105.7310;0.0000;2874.7810;1769.0500;0.0000;0.0000;0.0000E+00;
1284.0000;1089.1500;0.0000;2835.6100;1746.4600;0.0000;0.0000;0.0000E+00;
1285.0000;1093.9290;0.0000;2857.9900;1764.0610;0.0000;0.0000;0.0000E+00;
1286.0000;1124.8890;0.0000;2925.8080;1800.9190;0.0000;0.0000;0.0000E+00;
1287.0000;1157.6100;0.0000;2943.0670;1785.4570;0.0000;0.0000;0.0000E+00;
1288.0000;1209.2940;0.0000;2968.7270;1759.4330;0.0000;0.0000;0.0000E+00;
1289.0000;1228.9650;0.0000;2969.9450;1740.9800;0.0000;0.0000;0.0000E+00;
1290.0000;1143.5000;0.0000;2877.0080;1733.5080;0.0000;0.0000;0.0000E+00;
1291.0000;1093.9590;0.0000;2848.8900;1754.9310;0.0000;0.0000;0.0000E+00;
1292.0000;1108.8190;0.0000;2891.1200;1782.3000;0.0000;0.0000;0.0000E+00;
1293.0000;1097.6620;0.0000;2858.4190;1760.7580;0.0000;0.0000;0.0000E+00;
1294.0000;1079.1270;0.0000;2813.0450;1733.9180;0.0000;0.0000;0.0000E+00;
1295.0000;1082.6840;0.0000;2818.1050;1735.4210;0.0000;0.0000;0.0000E+00;
1296.0000;1157.4320;0.0000;2944.1040;1786.6710;0.0000;0.0000;0.0000E+00;
1297.0000;1186.8540;0.0000;2975.0860;1788.2310;0.0000;0.0000;0.0000E+00;
1298.0000;1147.3610;0.0000;2892.7570;1745.3960;0.0000;0.0000;0.0000E+00;
1299.0000;1129.8940;0.0000;2914.8700;1784.9760;0.0000;0.0000;0.0000E+00;
1300.0000;1151.4010;0.0000;2958.9360;1807.5340;0.0000;0.0000;0.0000E+00;
1301.0000;1187.1300;0.0000;2971.5280;1784.3980;0.0000;0.0000;0.0000E+00;
1302.0000;1147.8510;0.0000;2913.7820;1765.9300;0.0000;0.0000;0.0000E+00;
1303.0000;1116.7430;0.0000;2859.1120;1742.3700;0.0000;0.0000;0.0000E+00;
1304.0000;1132.2860;0.0000;2855.3340;1723.0480;0.0000;0.0000;0.0000E+00;
1305.0000;1172.7480;0.0000;2890.0430;1717.2950;0.0000;0.0000;0.0000E+00;
1306.0000;1167.1240;0.0000;2910.0450;1742.9210;0.0000;0.0000;0.0000E+00;
1307.0000;1116.8790;0.0000;2897.1260;1780.2470;0.0000;0.0000;0.0000E+00;
1308.0000;1133.1010;0.0000;2910.4470;1777.3460;0.0000;0.0000;0.0000E+00;
1309.0000;1137.7500;0.0000;2903.8080;1766.0580;0.0000;0.0000;0.0000E+00;
1310.0000;1115.2180;0.0000;2878.0640;1762.8460;0.0000;0.0000;0.0000E+00;
1311.0000;1126.6300;0.0000;2884.9790;1758.3490;0.0000;0.0000;0.0000E+00;
1312.0000;1171.0220;0.0000;2921.2970;1750.2750;0.0000;0.0000;0.0000E+00;
1313.0000;1203.0620;0.0000;2949.1490;1746.0870;0.0000;0.0000;0.0000E+00;
1314.0000;1112.8690;0.0000;2878.3550;1765.4860;0.0000;0.0000;0.0000E+00;
1315.0000;1141.7420;0.0000;2926.7910;1785.0490;0.0000;0.0000;0.0000E+00;
1316.0000;1301.4930;0.0000;3089.0000;1787.5070;0.0000;0.0000;0.0000E+00;
1317.0000;1288.7070;0.0000;3066.6660;1777.9590;0.0000;0.0000;0.0000E+00;
1318.0000;1194.0830;0.0000;2955.6730;1761.5900;0.0000;0.0000;0.0000E+00;
1319.0000;1110.3650;0.0000;2863.8530;1753.4880;0.0000;0.0000;0.0000E+00;
1320.0000;1088.7720;0.0000;2856.1000;1767.3280;0.0000;0.0000;0.0000E+00;
1321.0000;1096.1460;0.0000;2880.5200;1784.3740;0.0000;0.0000;0.0000E+00;
1322.0000;1108.3240;0.0000;2898.4020;1790.0780;0.0000;0.0000;0.0000E+00;
1323.0000;1137.6990;0.0000;2926.7620;1789.0620;0.0000;0.0000;0.0000E+00;
1324.0000;1159.0830;0.0000;2953.4110;1794.3280;0.0000;0.0000;0.0000E+00;
1325.0000;1162.4310;0.0000;2964.7940;1802.3630;0.0000;0.0000;0.0000E+00;
1326.0000;1176.0470;0.0000;2958.7690;1782.7220;0.0000;0.0000;0.0000E+00;
1327.0000;1175.5760;0.0000;2937.8500;1762.2730;0.0000;0.0000;0.0000E+00;
1328.0000;1152.4140;0.0000;2917.5600;1765.1460;0.0000;0.0000;0.0000E+00;
1329.0000;1110.7560;0.0000;2915.3910;1804.6350;0.0000;0.0000;0.0000E+00;
1330.0000;1094.1800;0.0000;2899.1580;1804.9780;0.0000;0.0000;0.0000E+00;
1331.0000;1110.6750;0.0000;2868.1340;1757.4590;0.0000;0.0000;0.0000E+00;
1332.0000;1107.7490;0.0000;2855.3760;1747.6280;0.0000;0.0000;0.0000E+00;
1333.0000;1105.1900;0.0000;2873.0210;1767.8310;0.0000;0.0000;0.0000E+00;
1334.0000;1123.3270;0.0000;2914.6840;1791.3560;0.0000;0.0000;0.0000E+00;
1335.0000;1205.7490;0.0000;2964.8890;1759.1400;0.0000;0.0000;0.0000E+00;
1336.0000;1156.8480;0.0000;2921.7140;1764.8660;0.0000;0.0000;0.0000E+00;
1337.0000;1005.3500;0.0000;2810.3960;1805.0460;0.0000;0.0000;0.0000E+00;
1338.0000;1032.2490;0.0000;2792.7740;1760.5250;0.0000;0.0000;0.0000E+00;
1339.0000;1123.9690;0.0000;2851.1850;1727.2160;0.0000;0.0000;0.0000E+00;
1340.0000;1193.4260;0.0000;2929.5040;1736.0780;0.0000;0.0000;0.0000E+00;
1341.0000;1196.5610;0.0000;2936.5990;1740.0370;0.0000;0.0000;0.0000E+00;
1342.0000;1141.8010;0.0000;2889.7290;1747.9280;0.0000;0.0000;0.0000E+00;
1343.0000;1092.4180;0.0000;2850.7580;1758.3400;0.0000;0.0000;0.0000E+00;
1344.0000;1150.0080;0.0000;2921.7380;1771.7300;0.0000;0.0000;0.0000E+00;
1345.0000;1145.4320;0.0000;2921.2980;1775.8660;0.0000;0.0000;0.0000E+00;
1346.0000;1064.9840;0.0000;2830.7460;1765.7620;0.0000;0.0000;0.0000E+00;
1347.0000;1037.4220;0.0000;2784.9880;1747.5660;0.0000;0.0000;0.0000E+00;
1348.0000;1090.3820;0.0000;2831.6140;1741.2320;0.0000;0.0000;0.0000E+00;
1349.0000;1170.8280;0.0000;2912.9580;1742.1300;0.0000;0.0000;0.0000E+00;
1350.0000;1155.4830;0.0000;2877.4260;1721.9430;0.0000;0.0000;0.0000E+00;
1351.0000;1197.5810;0.0000;2931.5710;1733.9910;0.0000;0.0000;0.0000E+00;
1352.0000;1242.8480;0.0000;2997.0700;1754.2220;0.0000;0.0000;0.0000E+00;
1353.0000;1132.1520;0.0000;2845.4190;1713.2670;0.0000;0.0000;0.0000E+00;
1354.0000;1083.4880;0.0000;2789.1850;1705.6970;0.0000;0.0000;0.0000E+00;
1355.0000;1123.6940;0.0000;2849.3210;1725.6270;0.0000;0.0000;0.0000E+00;
1356.0000;1158.3920;0.0000;2871.1500;1712.7580;0.0000;0.0000;0.0000E+00;
1357.0000;1167.1670;0.0000;2859.7970;1692.6310;0.0000;0.0000;0.0000E+00;
1358.0000;1144.4600;0.0000;2831.9860;1687.5260;0.0000;0.0000;0.0000E+00;
1359.0000;1113.5670;0.0000;2827.2640;1713.6970;0.0000;0.0000;0.0000E+00;
1360.0000;1099.1200;0.0000;2804.9580;1705.8380;0.0000;0.0000;0.0000E+00;
1361.0000;1100.0430;0.0000;2795.1680;1695.1250;0.0000;0.0000;0.0000E+00;
1362.0000;1098.3630;0.0000;2834.4010;1736.0380;0.0000;0.0000;0.0000E+00;
1363.0000;1157.3800;0.0000;2853.5820;1696.2020;0.0000;0.0000;0.0000E+00;
1364.0000;1200.8840;0.0000;2850.9010;1650.0170;0.0000;0.0000;0.0000E+00;
1365.0000;1139.8040;0.0000;2845.2790;1705.4750;0.0000;0.0000;0.0000E+00;
1366.0000;1091.6560;0.0000;2813.8970;1722.2410;0.0000;0.0000;0.0000E+00;
1367.0000;1081.3110;0.0000;2782.5640;1701.2530;0.0000;0.0000;0.0000E+00;
1368.0000;1107.5190;0.0000;2785.5280;1678.0090;0.0000;0.0000;0.0000E+00;
1369.0000;1162.3950;0.0000;2829.5210;1667.1260;0.0000;0.0000;0.0000E+00;
1370.0000;1176.9020;0.0000;2855.6480;1678.7460;0.0000;0.0000;0.0000E+00;
1371.0000;1117.0020;0.0000;2818.7900;1701.7870;0.0000;0.0000;0.0000E+00;
1372.0000;1141.9050;0.0000;2821.6430;1679.7390;0.0000;0.0000;0.0000E+00;
1373.0000;1123.8060;0.0000;2783.5790;1659.7730;0.0000;0.0000;0.0000E+00;
1374.0000;1009.1490;0.0000;2688.7350;1679.5860;0.0000;0.0000;0.0000E+00;
1375.0000;1100.1610;0.0000;2772.6590;1672.4990;0.0000;0.0000;0.0000E+00;
1376.0000;1164.1560;0.0000;2831.2920;1667.1370;0.0000;0.0000;0.0000E+00;
1377.0000;1068.9840;0.0000;2745.9750;1676.9910;0.0000;0.0000;0.0000E+00;
1378.0000;1123.3270;0.0000;2781.2440;1657.9170;0.0000;0.0000;0.0000E+00;
1379.0000;1183.8190;0.0000;2832.8520;1649.0330;0.0000;0.0000;0.0000E+00;
1380.0000;1163.9390;0.0000;2830.2390;1666.3000;0.0000;0.0000;0.0000E+00;
1381.0000;1142.5270;0.0000;2812.5890;1670.0630;0.0000;0.0000;0.0000E+00;
1382.0000;1114.6470;0.0000;2773.9920;1659.3460;0.0000;0.0000;0.0000E+00;
1383.0000;1101.5320;0.0000;2749.2570;1647.7250;0.0000;0.0000;0.0000E+00;
1384.0000;1128.6210;0.0000;2801.4920;1672.8710;0.0000;0.0000;0.0000E+00;
1385.0000;1152.9320;0.0000;2808.9160;1655.9830;0.0000;0.0000;0.0000E+00;
1386.0000;1151.8300;0.0000;2760.7300;1608.9000;0.0000;0.0000;0.0000E+00;
1387.0000;1146.3240;0.0000;2786.9460;1640.6220;0.0000;0.0000;0.0000E+00;
1388.0000;1104.8380;0.0000;2762.3140;1657.4750;0.0000;0.0000;0.0000E+00;
1389.0000;1065.2540;0.0000;2719.4870;1654.2330;0.0000;0.0000;0.0000E+00;
1390.0000;1103.9660;0.0000;2803.1350;1699.1700;0.0000;0.0000;0.0000E+00;
1391.0000;1132.0420;0.0000;2821.7680;1689.7260;0.0000;0.0000;0.0000E+00;
1392.0000;1137.8270;0.0000;2787.3540;1649.5280;0.0000;0.0000;0.0000E+00;
1393.0000;1156.8800;0.0000;2826.4800;1669.5990;0.0000;0.0000;0.0000E+00;
1394.0000;1133.1210;0.0000;2799.5300;1666.4090;0.0000;0.0000;0.0000E+00;
1395.0000;1108.1070;0.0000;2764.3880;1656.2810;0.0000;0.0000;0.0000E+00;
1396.0000;1150.6710;0.0000;2832.3520;1681.6810;0.0000;0.0000;0.0000E+00;
1397.0000;1184.5700;0.0000;2839.6790;1655.1090;0.0000;0.0000;0.0000E+00;
1398.0000;1181.4900;0.0000;2806.5400;1625.0500;0.0000;0.0000;0.0000E+00;
1399.0000;1142.4570;0.0000;2799.1900;1656.7340;0.0000;0.0000;0.0000E+00;
1400.0000;1119.3780;0.0000;2780.0100;1660.6320;0.0000;0.0000;0.0000E+00;
1401.0000;1115.1290;0.0000;2758.1520;1643.0230;0.0000;0.0000;0.0000E+00;
1402.0000;1117.7750;0.0000;2744.5810;1626.8060;0.0000;0.0000;0.0000E+00;
1403.0000;1111.8300;0.0000;2732.5750;1620.7450;0.0000;0.0000;0.0000E+00;
1404.0000;1113.1960;0.0000;2733.3170;1620.1210;0.0000;0.0000;0.0000E+00;
1405.0000;1135.3930;0.0000;2757.2250;1621.8330;0.0000;0.0000;0.0000E+00;
1406.0000;1196.2020;0.0000;2844.1040;1647.9020;0.0000;0.0000;0.0000E+00;
1407.0000;1189.9330;0.0000;2843.8580;1653.9250;0.0000;0.0000;0.0000E+00;
1408.0000;1104.2940;0.0000;2737.9460;1633.6520;0.0000;0.0000;0.0000E+00;
1409.0000;1114.3190;0.0000;2784.7610;1670.4410;0.0000;0.0000;0.0000E+00;
1410.0000;1152.5370;0.0000;2828.9660;1676.4290;0.0000;0.0000;0.0000E+00;
1411.0000;1169.6510;0.0000;2806.9000;1637.2500;0.0000;0.0000;0.0000E+00;
1412.0000;1146.5730;0.0000;2777.8580;1631.2860;0.0000;0.0000;0.0000E+00;
1413.0000;1144.5980;0.0000;2759.0420;1614.4450;0.0000;0.0000;0.0000E+00;
1414.0000;1145.9410;0.0000;2749.5480;1603.6070;0.0000;0.0000;0.0000E+00;
1415.0000;1071.8010;0.0000;2717.5020;1645.7010;0.0000;0.0000;0.0000E+00;
1416.0000;1084.7590;0.0000;2740.7880;1656.0290;0.0000;0.0000;0.0000E+00;
1417.0000;1143.4160;0.0000;2779.2880;1635.8720;0.0000;0.0000;0.0000E+00;
1418.0000;1107.1480;0.0000;2743.3400;1636.1920;0.0000;0.0000;0.0000E+00;
1419.0000;1149.8170;0.0000;2773.7200;1623.9030;0.0000;0.0000;0.0000E+00;
1420.0000;1194.0430;0.0000;2823.8330;1629.7890;0.0000;0.0000;0.0000E+00;
1421.0000;1135.4030;0.0000;2810.4300;1675.0270;0.0000;0.0000;0.0000E+00;
1422.0000;1204.3200;0.0000;2848.7890;1644.4690;0.0000;0.0000;0.0000E+00;
1423.0000;1239.1930;0.0000;2843.6770;1604.4840;0.0000;0.0000;0.0000E+00;
1424.0000;1109.3040;0.0000;2737.8920;1628.5880;0.0000;0.0000;0.0000E+00;
1425.0000;1056.3410;0.0000;2691.2790;1634.9380;0.0000;0.0000;0.0000E+00;
1426.0000;1096.3650;0.0000;2719.8210;1623.4550;0.0000;0.0000;0.0000E+00;
1427.0000;1177.9530;0.0000;2784.6370;1606.6840;0.0000;0.0000;0.0000E+00;
1428.0000;1184.2300;0.0000;2804.9310;1620.7010;0.0000;0.0000;0.0000E+00;
1429.0000;1148.0440;0.0000;2754.7500;1606.7070;0.0000;0.0000;0.0000E+00;
1430.0000;1113.9310;0.0000;2679.0340;1565.1030;0.0000;0.0000;0.0000E+00;
1431.0000;1119.1820;0.0000;2704.3610;1585.1780;0.0000;0.0000;0.0000E+00;
1432.0000;1089.1900;0.0000;2677.8980;1588.7080;0.0000;0.0000;0.0000E+00;
1433.0000;1036.9770;0.0000;2615.3520;1578.3750;0.0000;0.0000;0.0000E+00;
1434.0000;1043.3910;0.0000;2666.6540;1623.2630;0.0000;0.0000;0.0000E+00;
1435.0000;1073.2840;0.0000;2677.5280;1604.2440;0.0000;0.0000;0.0000E+00;
1436.0000;1108.7450;0.0000;2659.6120;1550.8670;0.0000;0.0000;0.0000E+00;
1437.0000;1139.1550;0.0000;2699.5310;1560.3760;0.0000;0.0000;0.0000E+00;
1438.0000;1232.2220;0.0000;2810.2490;1578.0270;0.0000;0.0000;0.0000E+00;
1439.0000;1247.8520;0.0000;2818.9690;1571.1170;0.0000;0.0000;0.0000E+00;
1440.0000;1085.9960;0.0000;2615.7270;1529.7310;0.0000;0.0000;0.0000E+00;
1441.0000;1038.4760;0.0000;2598.9370;1560.4610;0.0000;0.0000;0.0000E+00;
1442.0000;1073.4010;0.0000;2656.4290;1583.0280;0.0000;0.0000;0.0000E+00;
1443.0000;1110.7390;0.0000;2651.8310;1541.0930;0.0000;0.0000;0.0000E+00;
1444.0000;1134.6530;0.0000;2684.6580;1550.0050;0.0000;0.0000;0.0000E+00;
1445.0000;1104.9740;0.0000;2666.5890;1561.6150;0.0000;0.0000;0.0000E+00;
1446.0000;1050.5210;0.0000;2604.0360;1553.5160;0.0000;0.0000;0.0000E+00;
1447.0000;1089.8850;0.0000;2650.4800;1560.5950;0.0000;0.0000;0.0000E+00;
1448.0000;1119.2970;0.0000;2682.3290;1563.0320;0.0000;0.0000;0.0000E+00;
1449.0000;1114.6140;0.0000;2662.9950;1548.3800;0.0000;0.0000;0.0000E+00;
1450.0000;1141.5030;0.0000;2655.2300;1513.7280;0.0000;0.0000;0.0000E+00;
1451.0000;1117.5150;0.0000;2622.5720;1505.0570;0.0000;0.0000;0.0000E+00;
1452.0000;1077.5650;0.0000;2602.6900;1525.1260;0.0000;0.0000;0.0000E+00;
1453.0000;1106.3950;0.0000;2649.4790;1543.0840;0.0000;0.0000;0.0000E+00;
1454.0000;1137.2800;0.0000;2683.4240;1546.1440;0.0000;0.0000;0.0000E+00;
1455.0000;1117.6410;0.0000;2658.3240;1540.6820;0.0000;0.0000;0.0000E+00;
1456.0000;1044.7740;0.0000;2586.6350;1541.8610;0.0000;0.0000;0.0000E+00;
1457.0000;1118.5910;0.0000;2663.7040;1545.1130;0.0000;0.0000;0.0000E+00;
1458.0000;1183.1640;0.0000;2711.2590;1528.0950;0.0000;0.0000;0.0000E+00;
1459.0000;1119.9200;0.0000;2614.8150;1494.8960;0.0000;0.0000;0.0000E+00;
1460.0000;1077.0450;0.0000;2586.6840;1509.6390;0.0000;0.0000;0.0000E+00;
1461.0000;1078.8800;0.0000;2610.3320;1531.4520;0.0000;0.0000;0.0000E+00;
1462.0000;1113.6300;0.0000;2647.6350;1534.0050;0.0000;0.0000;0.0000E+00;
1463.0000;1103.8740;0.0000;2637.5930;1533.7190;0.0000;0.0000;0.0000E+00;
1464.0000;1081.1460;0.0000;2583.0160;1501.8700;0.0000;0.0000;0.0000E+00;
1465.0000;1070.2840;0.0000;2549.0320;1478.7490;0.0000;0.0000;0.0000E+00;
1466.0000;1088.5490;0.0000;2622.5390;1533.9900;0.0000;0.0000;0.0000E+00;
1467.0000;1173.1740;0.0000;2691.8700;1518.6950;0.0000;0.0000;0.0000E+00;
1468.0000;1212.3610;0.0000;2692.0030;1479.6420;0.0000;0.0000;0.0000E+00;
1469.0000;1114.9820;0.0000;2625.5610;1510.5790;0.0000;0.0000;0.0000E+00;
1470.0000;1167.6830;0.0000;2668.5350;1500.8520;0.0000;0.0000;0.0000E+00;
1471.0000;1227.9370;0.0000;2698.0160;1470.0790;0.0000;0.0000;0.0000E+00;
1472.0000;1160.1750;0.0000;2617.3760;1457.2010;0.0000;0.0000;0.0000E+00;
1473.0000;1109.5650;0.0000;2593.9540;1484.3890;0.0000;0.0000;0.0000E+00;
1474.0000;1072.9450;0.0000;2584.7350;1511.7900;0.0000;0.0000;0.0000E+00;
1475.0000;1076.5350;0.0000;2588.6910;1512.1570;0.0000;0.0000;0.0000E+00;
1476.0000;1163.8360;0.0000;2670.4430;1506.6070;0.0000;0.0000;0.0000E+00;
1477.0000;1179.8440;0.0000;2672.2620;1492.4180;0.0000;0.0000;0.0000E+00;
1478.0000;1120.4650;0.0000;2599.5140;1479.0490;0.0000;0.0000;0.0000E+00;
1479.0000;1110.8490;0.0000;2587.5160;1476.6670;0.0000;0.0000;0.0000E+00;
1480.0000;1137.7440;0.0000;2615.0890;1477.3460;0.0000;0.0000;0.0000E+00;
1481.0000;1157.3710;0.0000;2628.1720;1470.8010;0.0000;0.0000;0.0000E+00;
1482.0000;1120.4240;0.0000;2574.1790;1453.7550;0.0000;0.0000;0.0000E+00;
1483.0000;1071.1270;0.0000;2547.2770;1476.1510;0.0000;0.0000;0.0000E+00;
1484.0000;1094.6840;0.0000;2580.0630;1485.3780;0.0000;0.0000;0.0000E+00;
1485.0000;1191.6250;0.0000;2645.1040;1453.4800;0.0000;0.0000;0.0000E+00;
1486.0000;1150.2590;0.0000;2615.7170;1465.4580;0.0000;0.0000;0.0000E+00;
1487.0000;1127.1530;0.0000;2626.6930;1499.5400;0.0000;0.0000;0.0000E+00;
1488.0000;1156.9870;0.0000;2674.2120;1517.2250;0.0000;0.0000;0.0000E+00;
1489.0000;1095.8200;0.0000;2572.2970;1476.4770;0.0000;0.0000;0.0000E+00;
1490.0000;1080.5710;0.0000;2548.4850;1467.9140;0.0000;0.0000;0.0000E+00;
1491.0000;1105.5870;0.0000;2584.5890;1479.0020;0.0000;0.0000;0.0000E+00;
1492.0000;1084.7910;0.0000;2525.9290;1441.1380;0.0000;0.0000;0.0000E+00;
1493.0000;1065.8430;0.0000;2508.4260;1442.5830;0.0000;0.0000;0.0000E+00;
1494.0000;1060.7230;0.0000;2538.6070;1477.8850;0.0000;0.0000;0.0000E+00;
1495.0000;1074.6440;0.0000;2580.1610;1505.5160;0.0000;0.0000;0.0000E+00;
1496.0000;1120.0120;0.0000;2603.3910;1483.3790;0.0000;0.0000;0.0000E+00;
1497.0000;1123.8570;0.0000;2600.4160;1476.5590;0.0000;0.0000;0.0000E+00;
1498.0000;1066.7480;0.0000;2572.8100;1506.0620;0.0000;0.0000;0.0000E+00;
1499.0000;1041.9980;0.0000;2517.9220;1475.9240;0.0000;0.0000;0.0000E+00;
1500.0000;1091.4470;0.0000;2541.4570;1450.0100;0.0000;0.0000;0.0000E+00;
1501.0000;1180.9110;0.0000;2632.8380;1451.9270;0.0000;0.0000;0.0000E+00;
1502.0000;1211.7020;0.0000;2672.6570;1460.9550;0.0000;0.0000;0.0000E+00;
1503.0000;1166.8640;0.0000;2624.8420;1457.9790;0.0000;0.0000;0.0000E+00;
1504.0000;1103.0280;0.0000;2552.1570;1449.1290;0.0000;0.0000;0.0000E+00;
1505.0000;1100.4740;0.0000;2550.3190;1449.8450;0.0000;0.0000;0.0000E+00;
1506.0000;1071.2400;0.0000;2519.8810;1448.6410;0.0000;0.0000;0.0000E+00;
1507.0000;1040.5640;0.0000;2486.0390;1445.4750;0.0000;0.0000;0.0000E+00;
1508.0000;1048.5000;0.0000;2493.0000;1444.5000;0.0000;0.0000;0.0000E+00;
1509.0000;1154.8960;0.0000;2615.3540;1460.4580;0.0000;0.0000;0.0000E+00;
1510.0000;1213.3630;0.0000;2670.8990;1457.5370;0.0000;0.0000;0.0000E+00;
1511.0000;1172.7320;0.0000;2612.7030;1439.9710;0.0000;0.0000;0.0000E+00;
1512.0000;1125.0460;0.0000;2577.0780;1452.0320;0.0000;0.0000;0.0000E+00;
1513.0000;1089.2880;0.0000;2508.8580;1419.5700;0.0000;0.0000;0.0000E+00;
1514.0000;1085.8340;0.0000;2477.1050;1391.2710;0.0000;0.0000;0.0000E+00;
1515.0000;1110.5320;0.0000;2542.7160;1432.1840;0.0000;0.0000;0.0000E+00;
1516.0000;1159.5330;0.0000;2568.5110;1408.9780;0.0000;0.0000;0.0000E+00;
1517.0000;1179.7730;0.0000;2564.5190;1384.7450;0.0000;0.0000;0.0000E+00;
1518.0000;1146.5000;0.0000;2550.5000;1404.0000;0.0000;0.0000;0.0000E+00;
1519.0000;1124.7490;0.0000;2513.2920;1388.5430;0.0000;0.0000;0.0000E+00;
1520.0000;1118.4730;0.0000;2487.0280;1368.5540;0.0000;0.0000;0.0000E+00;
1521.0000;1134.6710;0.0000;2503.2340;1368.5630;0.0000;0.0000;0.0000E+00;
1522.0000;1168.2440;0.0000;2567.3570;1399.1140;0.0000;0.0000;0.0000E+00;
1523.0000;1155.6030;0.0000;2555.5050;1399.9010;0.0000;0.0000;0.0000E+00;
1524.0000;1099.0650;0.0000;2491.0970;1392.0320;0.0000;0.0000;0.0000E+00;
1525.0000;1052.1340;0.0000;2469.1730;1417.0400;0.0000;0.0000;0.0000E+00;
1526.0000;1101.3780;0.0000;2493.9610;1392.5840;0.0000;0.0000;0.0000E+00;
1527.0000;1160.1160;0.0000;2534.2140;1374.0990;0.0000;0.0000;0.0000E+00;
1528.0000;1149.2590;0.0000;2543.8860;1394.6280;0.0000;0.0000;0.0000E+00;
1529.0000;1118.3940;0.0000;2508.4060;1390.0120;0.0000;0.0000;0.0000E+00;
1530.0000;1124.0640;0.0000;2498.3220;1374.2570;0.0000;0.0000;0.0000E+00;
1531.0000;1161.2900;0.0000;2514.2880;1352.9980;0.0000;0.0000;0.0000E+00;
1532.0000;1158.7730;0.0000;2485.6850;1326.9120;0.0000;0.0000;0.0000E+00;
1533.0000;1113.2040;0.0000;2462.3650;1349.1620;0.0000;0.0000;0.0000E+00;
1534.0000;1074.8030;0.0000;2448.5110;1373.7080;0.0000;0.0000;0.0000E+00;
1535.0000;1099.8640;0.0000;2441.9860;1342.1220;0.0000;0.0000;0.0000E+00;
1536.0000;1136.9050;0.0000;2474.2780;1337.3730;0.0000;0.0000;0.0000E+00;
1537.0000;1205.5280;0.0000;2550.7680;1345.2400;0.0000;0.0000;0.0000E+00;
1538.0000;1249.0330;0.0000;2602.4980;1353.4640;0.0000;0.0000;0.0000E+00;
1539.0000;1129.7030;0.0000;2501.3280;1371.6250;0.0000;0.0000;0.0000E+00;
1540.0000;1071.1710;0.0000;2434.4820;1363.3100;0.0000;0.0000;0.0000E+00;
1541.0000;1101.0860;0.0000;2438.7820;1337.6960;0.0000;0.0000;0.0000E+00;
1542.0000;1097.3690;0.0000;2431.1380;1333.7690;0.0000;0.0000;0.0000E+00;
1543.0000;1097.8540;0.0000;2452.8090;1354.9540;0.0000;0.0000;0.0000E+00;
1544.0000;1124.5420;0.0000;2499.3310;1374.7900;0.0000;0.0000;0.0000E+00;
1545.0000;1166.9630;0.0000;2535.7250;1368.7610;0.0000;0.0000;0.0000E+00;
1546.0000;1141.8380;0.0000;2517.3570;1375.5190;0.0000;0.0000;0.0000E+00;
1547.0000;1078.5200;0.0000;2426.8670;1348.3470;0.0000;0.0000;0.0000E+00;
1548.0000;1043.5950;0.0000;2351.1740;1307.5780;0.0000;0.0000;0.0000E+00;
1549.0000;1102.3130;0.0000;2441.3640;1339.0510;0.0000;0.0000;0.0000E+00;
1550.0000;1137.7810;0.0000;2491.4140;1353.6320;0.0000;0.0000;0.0000E+00;
1551.0000;1134.2470;0.0000;2482.5020;1348.2550;0.0000;0.0000;0.0000E+00;
1552.0000;1122.9410;0.0000;2475.4740;1352.5330;0.0000;0.0000;0.0000E+00;
1553.0000;1074.0090;0.0000;2439.2110;1365.2020;0.0000;0.0000;0.0000E+00;
1554.0000;1126.5350;0.0000;2491.7740;1365.2390;0.0000;0.0000;0.0000E+00;
1555.0000;1259.6370;0.0000;2610.4130;1350.7760;0.0000;0.0000;0.0000E+00;
1556.0000;1162.7490;0.0000;2521.4150;1358.6660;0.0000;0.0000;0.0000E+00;
1557.0000;1104.1400;0.0000;2477.6320;1373.4910;0.0000;0.0000;0.0000E+00;
1558.0000;1129.8100;0.0000;2503.4630;1373.6540;0.0000;0.0000;0.0000E+00;
1559.0000;1117.2460;0.0000;2464.3890;1347.1430;0.0000;0.0000;0.0000E+00;
1560.0000;1100.7410;0.0000;2461.4170;1360.6760;0.0000;0.0000;0.0000E+00;
1561.0000;1099.1210;0.0000;2473.6230;1374.5020;0.0000;0.0000;0.0000E+00;
1562.0000;1111.0570;0.0000;2464.2310;1353.1740;0.0000;0.0000;0.0000E+00;
1563.0000;1076.1420;0.0000;2437.4190;1361.2760;0.0000;0.0000;0.0000E+00;
1564.0000;1076.4060;0.0000;2448.8740;1372.4690;0.0000;0.0000;0.0000E+00;
1565.0000;1123.0010;0.0000;2490.0600;1367.0580;0.0000;0.0000;0.0000E+00;
1566.0000;1147.8150;0.0000;2487.3300;1339.5150;0.0000;0.0000;0.0000E+00;
1567.0000;1147.1070;0.0000;2466.0890;1318.9820;0.0000;0.0000;0.0000E+00;
1568.0000;1105.7240;0.0000;2429.8710;1324.1470;0.0000;0.0000;0.0000E+00;
1569.0000;1049.8900;0.0000;2400.4960;1350.6060;0.0000;0.0000;0.0000E+00;
1570.0000;1098.7320;0.0000;2456.7190;1357.9860;0.0000;0.0000;0.0000E+00;
1571.0000;1126.7290;0.0000;2467.6690;1340.9410;0.0000;0.0000;0.0000E+00;
1572.0000;1098.1300;0.0000;2423.7370;1325.6070;0.0000;0.0000;0.0000E+00;
1573.0000;1145.6770;0.0000;2508.1020;1362.4250;0.0000;0.0000;0.0000E+00;
1574.0000;1101.3940;0.0000;2470.1030;1368.7090;0.0000;0.0000;0.0000E+00;
1575.0000;1044.9890;0.0000;2393.1800;1348.1910;0.0000;0.0000;0.0000E+00;
1576.0000;1113.9660;0.0000;2457.7900;1343.8240;0.0000;0.0000;0.0000E+00;
1577.0000;1158.9470;0.0000;2510.2290;1351.2820;0.0000;0.0000;0.0000E+00;
1578.0000;1136.4540;0.0000;2479.4790;1343.0260;0.0000;0.0000;0.0000E+00;
1579.0000;1085.7620;0.0000;2402.6850;1316.9230;0.0000;0.0000;0.0000E+00;
1580.0000;1160.6480;0.0000;2480.8410;1320.1930;0.0000;0.0000;0.0000E+00;
1581.0000;1154.6190;0.0000;2472.8190;1318.2000;0.0000;0.0000;0.0000E+00;
1582.0000;1095.7210;0.0000;2417.1720;1321.4510;0.0000;0.0000;0.0000E+00;
1583.0000;1117.0920;0.0000;2466.3930;1349.3010;0.0000;0.0000;0.0000E+00;
1584.0000;1122.3600;0.0000;2466.6240;1344.2630;0.0000;0.0000;0.0000E+00;
1585.0000;1155.1840;0.0000;2480.4740;1325.2900;0.0000;0.0000;0.0000E+00;
1586.0000;1213.4450;0.0000;2538.4640;1325.0190;0.0000;0.0000;0.0000E+00;
1587.0000;1204.9880;0.0000;2565.8320;1360.8440;0.0000;0.0000;0.0000E+00;
1588.0000;1114.3930;0.0000;2477.6750;1363.2820;0.0000;0.0000;0.0000E+00;
1589.0000;1033.2810;0.0000;2377.1160;1343.8340;0.0000;0.0000;0.0000E+00;
1590.0000;1076.1960;0.0000;2437.0320;1360.8370;0.0000;0.0000;0.0000E+00;
1591.0000;1063.8260;0.0000;2417.2620;1353.4370;0.0000;0.0000;0.0000E+00;
1592.0000;1056.9250;0.0000;2396.6210;1339.6950;0.0000;0.0000;0.0000E+00;
1593.0000;1093.1100;0.0000;2438.0180;1344.9080;0.0000;0.0000;0.0000E+00;
1594.0000;1097.2820;0.0000;2473.7640;1376.4830;0.0000;0.0000;0.0000E+00;
1595.0000;1032.1980;0.0000;2387.5820;1355.3840;0.0000;0.0000;0.0000E+00;
1596.0000;1135.7560;0.0000;2447.4770;1311.7210;0.0000;0.0000;0.0000E+00;
1597.0000;1615.9510;0.0000;2949.8560;1333.9050;0.0000;0.0000;0.0000E+00;
1598.0000;1377.9150;0.0000;2722.7660;1344.8510;0.0000;0.0000;0.0000E+00;
1599.0000;1021.2500;0.0000;2362.0370;1340.7870;0.0000;0.0000;0.0000E+00;
1600.0000;1094.2960;0.0000;2429.0880;1334.7910;0.0000;0.0000;0.0000E+00;
1601.0000;1045.3670;0.0000;2400.7850;1355.4180;0.0000;0.0000;0.0000E+00;
1602.0000;1047.9110;0.0000;2418.0660;1370.1550;0.0000;0.0000;0.0000E+00;
1603.0000;1063.7850;0.0000;2419.6720;1355.8870;0.0000;0.0000;0.0000E+00;
1604.0000;1003.0480;0.0000;2319.2420;1316.1950;0.0000;0.0000;0.0000E+00;
1605.0000;1088.0480;0.0000;2415.7400;1327.6920;0.0000;0.0000;0.0000E+00;
1606.0000;1179.4220;0.0000;2523.4420;1344.0210;0.0000;0.0000;0.0000E+00;
1607.0000;1161.5330;0.0000;2485.6880;1324.1550;0.0000;0.0000;0.0000E+00;
1608.0000;1122.2850;0.0000;2421.8160;1299.5310;0.0000;0.0000;0.0000E+00;
1609.0000;1418.8750;0.0000;2711.3920;1292.5170;0.0000;0.0000;0.0000E+00;
1610.0000;1634.5830;0.0000;2937.8860;1303.3040;0.0000;0.0000;0.0000E+00;
1611.0000;1195.0970;0.0000;2507.5880;1312.4910;0.0000;0.0000;0.0000E+00;
1612.0000;1040.3820;0.0000;2364.1720;1323.7910;0.0000;0.0000;0.0000E+00;
1613.0000;1052.3750;0.0000;2360.0350;1307.6600;0.0000;0.0000;0.0000E+00;
1614.0000;1062.8120;0.0000;2332.1860;1269.3730;0.0000;0.0000;0.0000E+00;
1615.0000;1059.6490;0.0000;2327.5940;1267.9450;0.0000;0.0000;0.0000E+00;
1616.0000;1057.2620;0.0000;2318.7890;1261.5260;0.0000;0.0000;0.0000E+00;
1617.0000;1064.2160;0.0000;2313.3200;1249.1030;0.0000;0.0000;0.0000E+00;
1618.0000;1085.0620;0.0000;2330.0770;1245.0140;0.0000;0.0000;0.0000E+00;
1619.0000;1110.2670;0.0000;2354.6560;1244.3890;0.0000;0.0000;0.0000E+00;
1620.0000;1144.5380;0.0000;2402.1710;1257.6330;0.0000;0.0000;0.0000E+00;
1621.0000;1174.7480;0.0000;2446.9160;1272.1680;0.0000;0.0000;0.0000E+00;
1622.0000;1175.4150;0.0000;2430.9040;1255.4880;0.0000;0.0000;0.0000E+00;
1623.0000;1155.5310;0.0000;2403.1620;1247.6300;0.0000;0.0000;0.0000E+00;
1624.0000;1160.6540;0.0000;2423.9080;1263.2550;0.0000;0.0000;0.0000E+00;
1625.0000;1202.0790;0.0000;2490.7890;1288.7100;0.0000;0.0000;0.0000E+00;
1626.0000;1133.3110;0.0000;2402.5970;1269.2860;0.0000;0.0000;0.0000E+00;
1627.0000;1057.8250;0.0000;2309.3050;1251.4810;0.0000;0.0000;0.0000E+00;
1628.0000;1081.2110;0.0000;2322.8240;1241.6140;0.0000;0.0000;0.0000E+00;
1629.0000;1224.1020;0.0000;2425.2160;1201.1140;0.0000;0.0000;0.0000E+00;
1630.0000;1155.6920;0.0000;2384.4280;1228.7360;0.0000;0.0000;0.0000E+00;
1631.0000;1062.0070;0.0000;2329.2710;1267.2640;0.0000;0.0000;0.0000E+00;
1632.0000;1130.1540;0.0000;2379.8800;1249.7260;0.0000;0.0000;0.0000E+00;
1633.0000;1087.5600;0.0000;2314.6990;1227.1390;0.0000;0.0000;0.0000E+00;
1634.0000;1042.2270;0.0000;2273.9150;1231.6870;0.0000;0.0000;0.0000E+00;
1635.0000;1034.3440;0.0000;2293.2080;1258.8640;0.0000;0.0000;0.0000E+00;
1636.0000;1058.1080;0.0000;2325.0780;1266.9710;0.0000;0.0000;0.0000E+00;
1637.0000;1209.2160;0.0000;2437.0680;1227.8520;0.0000;0.0000;0.0000E+00;
1638.0000;1259.5580;0.0000;2474.2870;1214.7290;0.0000;0.0000;0.0000E+00;
1639.0000;1133.3190;0.0000;2385.9980;1252.6780;0.0000;0.0000;0.0000E+00;
1640.0000;1126.5770;0.0000;2369.2040;1242.6270;0.0000;0.0000;0.0000E+00;
1641.0000;1101.6080;0.0000;2356.0560;1254.4480;0.0000;0.0000;0.0000E+00;
1642.0000;1041.5650;0.0000;2305.0820;1263.5170;0.0000;0.0000;0.0000E+00;
1643.0000;990.2672;0.0000;2220.7460;1230.4790;0.0000;0.0000;0.0000E+00;
1644.0000;1043.8940;0.0000;2261.1140;1217.2200;0.0000;0.0000;0.0000E+00;
1645.0000;1073.5400;0.0000;2296.6600;1223.1200;0.0000;0.0000;0.0000E+00;
1646.0000;1052.1580;0.0000;2279.6520;1227.4940;0.0000;0.0000;0.0000E+00;
1647.0000;1096.7520;0.0000;2298.1930;1201.4420;0.0000;0.0000;0.0000E+00;
1648.0000;1086.6210;0.0000;2286.8000;1200.1790;0.0000;0.0000;0.0000E+00;
1649.0000;1060.0920;0.0000;2263.5510;1203.4590;0.0000;0.0000;0.0000E+00;
1650.0000;1076.9710;0.0000;2270.6290;1193.6580;0.0000;0.0000;0.0000E+00;
1651.0000;1124.7200;0.0000;2339.9550;1215.2350;0.0000;0.0000;0.0000E+00;
1652.0000;1128.5460;0.0000;2351.7540;1223.2080;0.0000;0.0000;0.0000E+00;
1653.0000;1092.4690;0.0000;2305.3520;1212.8820;0.0000;0.0000;0.0000E+00;
1654.0000;1083.0710;0.0000;2289.3420;1206.2700;0.0000;0.0000;0.0000E+00;
1655.0000;1119.6990;0.0000;2292.8850;1173.1860;0.0000;0.0000;0.0000E+00;
1656.0000;1133.8330;0.0000;2302.0470;1168.2140;0.0000;0.0000;0.0000E+00;
1657.0000;1092.3970;0.0000;2291.6910;1199.2940;0.0000;0.0000;0.0000E+00;
1658.0000;1053.8220;0.0000;2248.4260;1194.6040;0.0000;0.0000;0.0000E+00;
1659.0000;1044.4890;0.0000;2215.4350;1170.9460;0.0000;0.0000;0.0000E+00;
1660.0000;1063.9900;0.0000;2223.2160;1159.2260;0.0000;0.0000;0.0000E+00;
1661.0000;1091.0000;0.0000;2271.5000;1180.5000;0.0000;0.0000;0.0000E+00;
1662.0000;1127.2940;0.0000;2332.3980;1205.1040;0.0000;0.0000;0.0000E+00;
1663.0000;1135.1830;0.0000;2327.7810;1192.5980;0.0000;0.0000;0.0000E+00;
1664.0000;1102.3090;0.0000;2262.5520;1160.2430;0.0000;0.0000;0.0000E+00;
1665.0000;1061.7580;0.0000;2223.9960;1162.2380;0.0000;0.0000;0.0000E+00;
1666.0000;1157.9800;0.0000;2305.7440;1147.7640;0.0000;0.0000;0.0000E+00;
1667.0000;1182.9180;0.0000;2342.9400;1160.0220;0.0000;0.0000;0.0000E+00;
1668.0000;1082.6710;0.0000;2280.5350;1197.8640;0.0000;0.0000;0.0000E+00;
1669.0000;1113.4470;0.0000;2305.3870;1191.9400;0.0000;0.0000;0.0000E+00;
1670.0000;1124.0560;0.0000;2291.0000;1166.9440;0.0000;0.0000;0.0000E+00;
1671.0000;1126.1630;0.0000;2289.1300;1162.9670;0.0000;0.0000;0.0000E+00;
1672.0000;1140.5000;0.0000;2334.0000;1193.5000;0.0000;0.0000;0.0000E+00;
1673.0000;1083.8110;0.0000;2265.3750;1181.5640;0.0000;0.0000;0.0000E+00;
1674.0000;1062.6010;0.0000;2248.3480;1185.7470;0.0000;0.0000;0.0000E+00;
1675.0000;1080.7290;0.0000;2274.4260;1193.6970;0.0000;0.0000;0.0000E+00;
1676.0000;1068.8490;0.0000;2227.1460;1158.2970;0.0000;0.0000;0.0000E+00;
1677.0000;1086.9410;0.0000;2221.6270;1134.6860;0.0000;0.0000;0.0000E+00;
1678.0000;1080.5500;0.0000;2208.8710;1128.3200;0.0000;0.0000;0.0000E+00;
1679.0000;1051.2470;0.0000;2183.1110;1131.8650;0.0000;0.0000;0.0000E+00;
1680.0000;1079.6500;0.0000;2208.5860;1128.9360;0.0000;0.0000;0.0000E+00;
1681.0000;1146.0600;0.0000;2267.5970;1121.5370;0.0000;0.0000;0.0000E+00;
1682.0000;1162.4440;0.0000;2293.4430;1130.9990;0.0000;0.0000;0.0000E+00;
1683.0000;1109.2910;0.0000;2260.2910;1151.0000;0.0000;0.0000;0.0000E+00;
1684.0000;1172.6780;0.0000;2278.5560;1105.8780;0.0000;0.0000;0.0000E+00;
1685.0000;1168.3350;0.0000;2272.6400;1104.3050;0.0000;0.0000;0.0000E+00;
1686.0000;1109.6510;0.0000;2244.8260;1135.1760;0.0000;0.0000;0.0000E+00;
1687.0000;1106.3750;0.0000;2233.9110;1127.5360;0.0000;0.0000;0.0000E+00;
1688.0000;1118.1940;0.0000;2228.4620;1110.2680;0.0000;0.0000;0.0000E+00;
1689.0000;1104.6380;0.0000;2219.3390;1114.7010;0.0000;0.0000;0.0000E+00;
1690.0000;1075.7960;0.0000;2212.7380;1136.9410;0.0000;0.0000;0.0000E+00;
1691.0000;1087.5360;0.0000;2225.3680;1137.8310;0.0000;0.0000;0.0000E+00;
1692.0000;1074.7450;0.0000;2208.7660;1134.0210;0.0000;0.0000;0.0000E+00;
1693.0000;1074.0050;0.0000;2204.9600;1130.9540;0.0000;0.0000;0.0000E+00;
1694.0000;1103.1380;0.0000;2226.2250;1123.0880;0.0000;0.0000;0.0000E+00;
1695.0000;1119.0860;0.0000;2206.5990;1087.5130;0.0000;0.0000;0.0000E+00;
1696.0000;1150.7480;0.0000;2245.7210;1094.9730;0.0000;0.0000;0.0000E+00;
1697.0000;1155.0470;0.0000;2265.8690;1110.8220;0.0000;0.0000;0.0000E+00;
1698.0000;1115.8420;0.0000;2214.1410;1098.2990;0.0000;0.0000;0.0000E+00;
1699.0000;1136.1090;0.0000;2283.7500;1147.6410;0.0000;0.0000;0.0000E+00;
1700.0000;1106.9090;0.0000;2252.0540;1145.1440;0.0000;0.0000;0.0000E+00;
1701.0000;1141.0950;0.0000;2241.4400;1100.3450;0.0000;0.0000;0.0000E+00;
1702.0000;1338.8490;0.0000;2431.1860;1092.3380;0.0000;0.0000;0.0000E+00;
1703.0000;1143.1990;0.0000;2241.4890;1098.2910;0.0000;0.0000;0.0000E+00;
1704.0000;1011.2990;0.0000;2100.7380;1089.4390;0.0000;0.0000;0.0000E+00;
1705.0000;1106.9910;0.0000;2179.1730;1072.1820;0.0000;0.0000;0.0000E+00;
1706.0000;1135.8230;0.0000;2222.4560;1086.6320;0.0000;0.0000;0.0000E+00;
1707.0000;1099.8200;0.0000;2191.7440;1091.9240;0.0000;0.0000;0.0000E+00;
1708.0000;1080.2150;0.0000;2183.8640;1103.6490;0.0000;0.0000;0.0000E+00;
1709.0000;1105.8890;0.0000;2217.3460;1111.4570;0.0000;0.0000;0.0000E+00;
1710.0000;1070.2250;0.0000;2137.2900;1067.0640;0.0000;0.0000;0.0000E+00;
1711.0000;1038.1360;0.0000;2125.3260;1087.1900;0.0000;0.0000;0.0000E+00;
1712.0000;1052.1580;0.0000;2164.3640;1112.2070;0.0000;0.0000;0.0000E+00;
1713.0000;1106.8960;0.0000;2189.7180;1082.8220;0.0000;0.0000;0.0000E+00;
1714.0000;1121.9640;0.0000;2211.6330;1089.6690;0.0000;0.0000;0.0000E+00;
1715.0000;1128.6150;0.0000;2229.5800;1100.9650;0.0000;0.0000;0.0000E+00;
1716.0000;1097.8620;0.0000;2203.2960;1105.4330;0.0000;0.0000;0.0000E+00;
1717.0000;1030.3030;0.0000;2129.9980;1099.6950;0.0000;0.0000;0.0000E+00;
1718.0000;1074.7390;0.0000;2150.5890;1075.8500;0.0000;0.0000;0.0000E+00;
1719.0000;1113.2450;0.0000;2179.2340;1065.9900;0.0000;0.0000;0.0000E+00;
1720.0000;1093.2590;0.0000;2166.7630;1073.5050;0.0000;0.0000;0.0000E+00;
1721.0000;1053.6260;0.0000;2130.4060;1076.7790;0.0000;0.0000;0.0000E+00;
1722.0000;1052.8110;0.0000;2146.7060;1093.8960;0.0000;0.0000;0.0000E+00;
1723.0000;1040.3220;0.0000;2146.5090;1106.1860;0.0000;0.0000;0.0000E+00;
1724.0000;1029.1930;0.0000;2129.2070;1100.0140;0.0000;0.0000;0.0000E+00;
1725.0000;1089.5970;0.0000;2171.6770;1082.0800;0.0000;0.0000;0.0000E+00;
1726.0000;1099.0280;0.0000;2181.6850;1082.6570;0.0000;0.0000;0.0000E+00;
1727.0000;1076.7750;0.0000;2177.4960;1100.7220;0.0000;0.0000;0.0000E+00;
1728.0000;1078.6140;0.0000;2187.7750;1109.1620;0.0000;0.0000;0.0000E+00;
1729.0000;1140.9030;0.0000;2215.4440;1074.5420;0.0000;0.0000;0.0000E+00;
1730.0000;1115.9120;0.0000;2185.2970;1069.3850;0.0000;0.0000;0.0000E+00;
1731.0000;1089.4190;0.0000;2175.1950;1085.7760;0.0000;0.0000;0.0000E+00;
1732.0000;1124.2740;0.0000;2217.5640;1093.2900;0.0000;0.0000;0.0000E+00;
1733.0000;1097.6220;0.0000;2177.5570;1079.9350;0.0000;0.0000;0.0000E+00;
1734.0000;1099.4810;0.0000;2189.3270;1089.8460;0.0000;0.0000;0.0000E+00;
1735.0000;1114.4150;0.0000;2211.0670;1096.6520;0.0000;0.0000;0.0000E+00;
1736.0000;1100.6000;0.0000;2177.4460;1076.8460;0.0000;0.0000;0.0000E+00;
1737.0000;1057.4090;0.0000;2145.7960;1088.3880;0.0000;0.0000;0.0000E+00;
1738.0000;1085.0170;0.0000;2156.6460;1071.6290;0.0000;0.0000;0.0000E+00;
1739.0000;1130.0170;0.0000;2183.0330;1053.0160;0.0000;0.0000;0.0000E+00;
1740.0000;1106.5790;0.0000;2178.0120;1071.4330;0.0000;0.0000;0.0000E+00;
1741.0000;1151.4340;0.0000;2196.1450;1044.7110;0.0000;0.0000;0.0000E+00;
1742.0000;1125.4210;0.0000;2173.3190;1047.8980;0.0000;0.0000;0.0000E+00;
1743.0000;1056.5730;0.0000;2128.4930;1071.9200;0.0000;0.0000;0.0000E+00;
1744.0000;1057.2230;0.0000;2121.7380;1064.5140;0.0000;0.0000;0.0000E+00;
1745.0000;1066.3060;0.0000;2125.8550;1059.5490;0.0000;0.0000;0.0000E+00;
1746.0000;1081.4580;0.0000;2150.7540;1069.2960;0.0000;0.0000;0.0000E+00;
1747.0000;1080.1150;0.0000;2161.4340;1081.3190;0.0000;0.0000;0.0000E+00;
1748.0000;1054.8580;0.0000;2125.4030;1070.5450;0.0000;0.0000;0.0000E+00;
1749.0000;1101.6860;0.0000;2162.3150;1060.6290;0.0000;0.0000;0.0000E+00;
1750.0000;1117.3410;0.0000;2182.3570;1065.0160;0.0000;0.0000;0.0000E+00;
1751.0000;1105.6040;0.0000;2173.1320;1067.5280;0.0000;0.0000;0.0000E+00;
1752.0000;1165.2740;0.0000;2203.8800;1038.6060;0.0000;0.0000;0.0000E+00;
1753.0000;1069.5010;0.0000;2122.3050;1052.8050;0.0000;0.0000;0.0000E+00;
1754.0000;1073.5390;0.0000;2154.0180;1080.4780;0.0000;0.0000;0.0000E+00;
1755.0000;1214.5560;0.0000;2298.0870;1083.5310;0.0000;0.0000;0.0000E+00;
1756.0000;1197.2110;0.0000;2254.4620;1057.2510;0.0000;0.0000;0.0000E+00;
1757.0000;1073.2360;0.0000;2117.6760;1044.4390;0.0000;0.0000;0.0000E+00;
1758.0000;1030.9860;0.0000;2061.9130;1030.9270;0.0000;0.0000;0.0000E+00;
1759.0000;1121.8880;0.0000;2137.7090;1015.8210;0.0000;0.0000;0.0000E+00;
1760.0000;1136.1590;0.0000;2160.2380;1024.0790;0.0000;0.0000;0.0000E+00;
1761.0000;1202.7480;0.0000;2259.4800;1056.7330;0.0000;0.0000;0.0000E+00;
1762.0000;1187.0080;0.0000;2255.9620;1068.9540;0.0000;0.0000;0.0000E+00;
1763.0000;1076.4190;0.0000;2131.4880;1055.0680;0.0000;0.0000;0.0000E+00;
1764.0000;1085.6740;0.0000;2164.8990;1079.2250;0.0000;0.0000;0.0000E+00;
1765.0000;1116.3810;0.0000;2172.6340;1056.2530;0.0000;0.0000;0.0000E+00;
1766.0000;1100.8370;0.0000;2132.4990;1031.6620;0.0000;0.0000;0.0000E+00;
1767.0000;1063.0080;0.0000;2115.9850;1052.9770;0.0000;0.0000;0.0000E+00;
1768.0000;1151.6400;0.0000;2244.4690;1092.8280;0.0000;0.0000;0.0000E+00;
1769.0000;1115.7210;0.0000;2165.7600;1050.0390;0.0000;0.0000;0.0000E+00;
1770.0000;1092.3770;0.0000;2096.6030;1004.2260;0.0000;0.0000;0.0000E+00;
1771.0000;1171.7400;0.0000;2202.8580;1031.1190;0.0000;0.0000;0.0000E+00;
1772.0000;1148.2120;0.0000;2212.8240;1064.6110;0.0000;0.0000;0.0000E+00;
1773.0000;1083.6060;0.0000;2156.4080;1072.8020;0.0000;0.0000;0.0000E+00;
1774.0000;1067.4990;0.0000;2120.7590;1053.2600;0.0000;0.0000;0.0000E+00;
1775.0000;1120.6060;0.0000;2146.0730;1025.4670;0.0000;0.0000;0.0000E+00;
1776.0000;1111.6560;0.0000;2114.2280;1002.5720;0.0000;0.0000;0.0000E+00;
1777.0000;1117.8810;0.0000;2125.0510;1007.1710;0.0000;0.0000;0.0000E+00;
1778.0000;1088.6540;0.0000;2107.7330;1019.0790;0.0000;0.0000;0.0000E+00;
1779.0000;1032.9590;0.0000;2047.8920;1014.9320;0.0000;0.0000;0.0000E+00;
1780.0000;1103.0170;0.0000;2111.6770;1008.6600;0.0000;0.0000;0.0000E+00;
1781.0000;1119.6400;0.0000;2142.1270;1022.4870;0.0000;0.0000;0.0000E+00;
1782.0000;1109.2270;0.0000;2134.5660;1025.3390;0.0000;0.0000;0.0000E+00;
1783.0000;1110.8860;0.0000;2114.5630;1003.6760;0.0000;0.0000;0.0000E+00;
1784.0000;1030.7540;0.0000;2047.7500;1016.9970;0.0000;0.0000;0.0000E+00;
1785.0000;1078.8060;0.0000;2075.4270;996.6212;0.0000;0.0000;0.0000E+00;
1786.0000;1133.2010;0.0000;2106.3450;973.1448;0.0000;0.0000;0.0000E+00;
1787.0000;1075.4520;0.0000;2055.0210;979.5691;0.0000;0.0000;0.0000E+00;
1788.0000;1041.3190;0.0000;2023.7800;982.4617;0.0000;0.0000;0.0000E+00;
1789.0000;1124.6090;0.0000;2121.9140;997.3052;0.0000;0.0000;0.0000E+00;
1790.0000;1169.8610;0.0000;2190.2690;1020.4090;0.0000;0.0000;0.0000E+00;
1791.0000;1096.8980;0.0000;2126.0870;1029.1890;0.0000;0.0000;0.0000E+00;
1792.0000;1146.1250;0.0000;2138.1330;992.0079;0.0000;0.0000;0.0000E+00;
1793.0000;1200.6160;0.0000;2192.0730;991.4570;0.0000;0.0000;0.0000E+00;
1794.0000;1162.0410;0.0000;2165.9810;1003.9400;0.0000;0.0000;0.0000E+00;
1795.0000;1061.5730;0.0000;2058.1590;996.5862;0.0000;0.0000;0.0000E+00;
1796.0000;1109.0990;0.0000;2100.8250;991.7261;0.0000;0.0000;0.0000E+00;
1797.0000;1132.8930;0.0000;2140.3210;1007.4280;0.0000;0.0000;0.0000E+00;
1798.0000;1109.9900;0.0000;2120.9870;1010.9970;0.0000;0.0000;0.0000E+00;
1799.0000;1078.2490;0.0000;2065.9820;987.7329;0.0000;0.0000;0.0000E+00;
1800.0000;1094.9460;0.0000;2074.9590;980.0126;0.0000;0.0000;0.0000E+00;
1801.0000;1062.5980;0.0000;2050.1210;987.5231;0.0000;0.0000;0.0000E+00;
1802.0000;1053.3570;0.0000;2053.5360;1000.1790;0.0000;0.0000;0.0000E+00;
1803.0000;1099.0930;0.0000;2106.5000;1007.4060;0.0000;0.0000;0.0000E+00;
1804.0000;1110.4640;0.0000;2123.2680;1012.8040;0.0000;0.0000;0.0000E+00;
1805.0000;1120.9350;0.0000;2106.7380;985.8025;0.0000;0.0000;0.0000E+00;
1806.0000;1112.9800;0.0000;2105.4350;992.4550;0.0000;0.0000;0.0000E+00;
1807.0000;1097.8070;0.0000;2125.8050;1027.9970;0.0000;0.0000;0.0000E+00;
1808.0000;1115.4220;0.0000;2105.0410;989.6186;0.0000;0.0000;0.0000E+00;
1809.0000;1132.6090;0.0000;2096.3130;963.7040;0.0000;0.0000;0.0000E+00;
1810.0000;1099.4560;0.0000;2064.4180;964.9621;0.0000;0.0000;0.0000E+00;
1811.0000;1052.4270;0.0000;2027.0780;974.6502;0.0000;0.0000;0.0000E+00;
1812.0000;1091.4500;0.0000;2050.7870;959.3375;0.0000;0.0000;0.0000E+00;
1813.0000;1108.9020;0.0000;2088.8660;979.9642;0.0000;0.0000;0.0000E+00;
1814.0000;1130.4590;0.0000;2122.4810;992.0218;0.0000;0.0000;0.0000E+00;
1815.0000;1136.1870;0.0000;2118.2180;982.0311;0.0000;0.0000;0.0000E+00;
1816.0000;1088.3560;0.0000;2068.1570;979.8015;0.0000;0.0000;0.0000E+00;
1817.0000;1118.0730;0.0000;2088.2950;970.2216;0.0000;0.0000;0.0000E+00;
1818.0000;1153.6630;0.0000;2119.5590;965.8959;0.0000;0.0000;0.0000E+00;
1819.0000;1142.8800;0.0000;2107.8340;964.9542;0.0000;0.0000;0.0000E+00;
1820.0000;1095.7900;0.0000;2054.2600;958.4697;0.0000;0.0000;0.0000E+00;
1821.0000;1047.7760;0.0000;2020.4760;972.6995;0.0000;0.0000;0.0000E+00;
1822.0000;1065.5110;0.0000;2026.1790;960.6676;0.0000;0.0000;0.0000E+00;
1823.0000;1122.5950;0.0000;2078.1700;955.5751;0.0000;0.0000;0.0000E+00;
1824.0000;1130.7110;0.0000;2127.7660;997.0552;0.0000;0.0000;0.0000E+00;
1825.0000;1070.7410;0.0000;2028.7100;957.9698;0.0000;0.0000;0.0000E+00;
1826.0000;1060.8050;0.0000;2026.5350;965.7297;0.0000;0.0000;0.0000E+00;
1827.0000;1102.4860;0.0000;2092.4210;989.9349;0.0000;0.0000;0.0000E+00;
1828.0000;1126.5310;0.0000;2088.8560;962.3256;0.0000;0.0000;0.0000E+00;
1829.0000;1117.2690;0.0000;2072.6310;955.3616;0.0000;0.0000;0.0000E+00;
1830.0000;1105.9330;0.0000;2045.7650;939.8322;0.0000;0.0000;0.0000E+00;
1831.0000;1090.6840;0.0000;2029.5220;938.8373;0.0000;0.0000;0.0000E+00;
1832.0000;1084.1170;0.0000;2039.9130;955.7967;0.0000;0.0000;0.0000E+00;
1833.0000;1134.6220;0.0000;2070.3440;935.7216;0.0000;0.0000;0.0000E+00;
1834.0000;1139.4260;0.0000;2075.6000;936.1743;0.0000;0.0000;0.0000E+00;
1835.0000;1153.5370;0.0000;2101.1060;947.5688;0.0000;0.0000;0.0000E+00;
1836.0000;1168.8390;0.0000;2127.9180;959.0795;0.0000;0.0000;0.0000E+00;
1837.0000;1060.8620;0.0000;2044.4170;983.5553;0.0000;0.0000;0.0000E+00;
1838.0000;1079.1290;0.0000;2052.5250;973.3961;0.0000;0.0000;0.0000E+00;
1839.0000;1126.7430;0.0000;2092.1930;965.4506;0.0000;0.0000;0.0000E+00;
1840.0000;1123.3440;0.0000;2094.9590;971.6151;0.0000;0.0000;0.0000E+00;
1841.0000;1109.3210;0.0000;2065.3330;956.0126;0.0000;0.0000;0.0000E+00;
1842.0000;1064.9240;0.0000;1997.7650;932.8415;0.0000;0.0000;0.0000E+00;
1843.0000;1028.1050;0.0000;1977.0020;948.8973;0.0000;0.0000;0.0000E+00;
1844.0000;1042.1830;0.0000;2029.8070;987.6240;0.0000;0.0000;0.0000E+00;
1845.0000;1101.5710;0.0000;2089.2810;987.7106;0.0000;0.0000;0.0000E+00;
1846.0000;1087.5510;0.0000;2049.7380;962.1875;0.0000;0.0000;0.0000E+00;
1847.0000;1078.2030;0.0000;2021.7660;943.5630;0.0000;0.0000;0.0000E+00;
1848.0000;1083.5680;0.0000;2040.2270;956.6584;0.0000;0.0000;0.0000E+00;
1849.0000;1079.9410;0.0000;2063.0710;983.1293;0.0000;0.0000;0.0000E+00;
1850.0000;1094.6290;0.0000;2049.0420;954.4125;0.0000;0.0000;0.0000E+00;
1851.0000;1068.2520;0.0000;2016.6140;948.3624;0.0000;0.0000;0.0000E+00;
1852.0000;1070.3990;0.0000;2013.4670;943.0676;0.0000;0.0000;0.0000E+00;
1853.0000;1116.7260;0.0000;2037.7840;921.0573;0.0000;0.0000;0.0000E+00;
1854.0000;1051.7590;0.0000;1999.0150;947.2559;0.0000;0.0000;0.0000E+00;
1855.0000;1086.7960;0.0000;2038.6120;951.8163;0.0000;0.0000;0.0000E+00;
1856.0000;1163.7410;0.0000;2088.4400;924.6990;0.0000;0.0000;0.0000E+00;
1857.0000;1171.0150;0.0000;2069.8080;898.7931;0.0000;0.0000;0.0000E+00;
1858.0000;1089.1180;0.0000;2007.0230;917.9052;0.0000;0.0000;0.0000E+00;
1859.0000;1133.9130;0.0000;2056.3790;922.4667;0.0000;0.0000;0.0000E+00;
1860.0000;1108.0610;0.0000;2029.9130;921.8526;0.0000;0.0000;0.0000E+00;
1861.0000;1056.6090;0.0000;1987.3120;930.7032;0.0000;0.0000;0.0000E+00;
1862.0000;1170.4860;0.0000;2119.4160;948.9304;0.0000;0.0000;0.0000E+00;
1863.0000;1161.3250;0.0000;2099.3220;937.9964;0.0000;0.0000;0.0000E+00;
1864.0000;1131.2130;0.0000;2038.4640;907.2509;0.0000;0.0000;0.0000E+00;
1865.0000;1108.0850;0.0000;2011.4510;903.3658;0.0000;0.0000;0.0000E+00;
1866.0000;1087.8750;0.0000;2030.8310;942.9558;0.0000;0.0000;0.0000E+00;
1867.0000;1094.8430;0.0000;2034.3010;939.4576;0.0000;0.0000;0.0000E+00;
1868.0000;1116.5020;0.0000;2027.3070;910.8053;0.0000;0.0000;0.0000E+00;
1869.0000;1129.4460;0.0000;2023.4310;893.9854;0.0000;0.0000;0.0000E+00;
1870.0000;1116.6660;0.0000;2020.3600;903.6940;0.0000;0.0000;0.0000E+00;
1871.0000;1085.8730;0.0000;1988.8110;902.9388;0.0000;0.0000;0.0000E+00;
1872.0000;1050.2300;0.0000;1967.1790;916.9491;0.0000;0.0000;0.0000E+00;
1873.0000;1043.3480;0.0000;1964.6690;921.3210;0.0000;0.0000;0.0000E+00;
1874.0000;1075.1710;0.0000;1988.9090;913.7375;0.0000;0.0000;0.0000E+00;
1875.0000;1111.0690;0.0000;2030.3090;919.2404;0.0000;0.0000;0.0000E+00;
1876.0000;1086.9530;0.0000;2010.9670;924.0141;0.0000;0.0000;0.0000E+00;
1877.0000;1092.9650;0.0000;2024.1460;931.1810;0.0000;0.0000;0.0000E+00;
1878.0000;1126.2780;0.0000;2053.9750;927.6973;0.0000;0.0000;0.0000E+00;
1879.0000;1131.6170;0.0000;2039.6160;907.9993;0.0000;0.0000;0.0000E+00;
1880.0000;1132.0830;0.0000;2034.9780;902.8954;0.0000;0.0000;0.0000E+00;
1881.0000;1115.4510;0.0000;2011.2320;895.7808;0.0000;0.0000;0.0000E+00;
1882.0000;1076.0960;0.0000;1969.0240;892.9288;0.0000;0.0000;0.0000E+00;
1883.0000;1066.2530;0.0000;1972.7400;906.4874;0.0000;0.0000;0.0000E+00;
1884.0000;1169.1230;0.0000;2106.5200;937.3971;0.0000;0.0000;0.0000E+00;
1885.0000;1170.8780;0.0000;2103.4540;932.5759;0.0000;0.0000;0.0000E+00;
1886.0000;1126.7050;0.0000;2044.9090;918.2043;0.0000;0.0000;0.0000E+00;
1887.0000;1096.8730;0.0000;1999.5420;902.6693;0.0000;0.0000;0.0000E+00;
1888.0000;1082.4710;0.0000;1959.0010;876.5308;0.0000;0.0000;0.0000E+00;
1889.0000;1095.2260;0.0000;2004.8790;909.6532;0.0000;0.0000;0.0000E+00;
1890.0000;1142.7320;0.0000;2041.5030;898.7701;0.0000;0.0000;0.0000E+00;
1891.0000;1142.0690;0.0000;2018.6640;876.5953;0.0000;0.0000;0.0000E+00;
1892.0000;1067.9130;0.0000;1971.1350;903.2217;0.0000;0.0000;0.0000E+00;
1893.0000;1082.7840;0.0000;1982.5980;899.8139;0.0000;0.0000;0.0000E+00;
1894.0000;1100.8180;0.0000;2005.0030;904.1858;0.0000;0.0000;0.0000E+00;
1895.0000;1078.1900;0.0000;2006.6900;928.5002;0.0000;0.0000;0.0000E+00;
1896.0000;1061.1620;0.0000;2000.3560;939.1945;0.0000;0.0000;0.0000E+00;
1897.0000;1189.4060;0.0000;2078.2290;888.8230;0.0000;0.0000;0.0000E+00;
1898.0000;1712.8440;0.0000;2598.7450;885.9016;0.0000;0.0000;0.0000E+00;
1899.0000;1558.9450;0.0000;2477.9690;919.0240;0.0000;0.0000;0.0000E+00;
1900.0000;1041.9500;0.0000;1966.7600;924.8100;0.0000;0.0000;0.0000E+00;
1901.0000;1117.2240;0.0000;1990.8700;873.6469;0.0000;0.0000;0.0000E+00;
1902.0000;1146.0170;0.0000;2017.8130;871.7960;0.0000;0.0000;0.0000E+00;
1903.0000;1076.6650;0.0000;1971.5650;894.8996;0.0000;0.0000;0.0000E+00;
1904.0000;1063.0070;0.0000;1966.8800;903.8736;0.0000;0.0000;0.0000E+00;
1905.0000;1163.2360;0.0000;2055.0620;891.8261;0.0000;0.0000;0.0000E+00;
1906.0000;1147.2150;0.0000;2051.9820;904.7675;0.0000;0.0000;0.0000E+00;
1907.0000;1114.5000;0.0000;1997.9350;883.4348;0.0000;0.0000;0.0000E+00;
1908.0000;1090.5030;0.0000;1975.7340;885.2302;0.0000;0.0000;0.0000E+00;
1909.0000;1086.8750;0.0000;1986.0310;899.1559;0.0000;0.0000;0.0000E+00;
1910.0000;1098.7420;0.0000;1976.5490;877.8076;0.0000;0.0000;0.0000E+00;
1911.0000;1138.2290;0.0000;2030.3640;892.1348;0.0000;0.0000;0.0000E+00;
1912.0000;1109.7550;0.0000;2006.7060;896.9507;0.0000;0.0000;0.0000E+00;
1913.0000;1071.8570;0.0000;1967.0060;895.1490;0.0000;0.0000;0.0000E+00;
1914.0000;1096.4760;0.0000;1993.0220;896.5460;0.0000;0.0000;0.0000E+00;
1915.0000;1135.2740;0.0000;2023.9510;888.6764;0.0000;0.0000;0.0000E+00;
1916.0000;1137.4770;0.0000;2012.4610;874.9848;0.0000;0.0000;0.0000E+00;
1917.0000;1114.8740;0.0000;2004.3560;889.4820;0.0000;0.0000;0.0000E+00;
1918.0000;1083.9020;0.0000;2003.8820;919.9792;0.0000;0.0000;0.0000E+00;
1919.0000;1062.1260;0.0000;1985.1480;923.0214;0.0000;0.0000;0.0000E+00;
1920.0000;1097.6070;0.0000;2008.4610;910.8541;0.0000;0.0000;0.0000E+00;
1921.0000;1088.5650;0.0000;1974.1690;885.6041;0.0000;0.0000;0.0000E+00;
1922.0000;1050.6170;0.0000;1933.1700;882.5529;0.0000;0.0000;0.0000E+00;
1923.0000;1050.9970;0.0000;1955.6100;904.6122;0.0000;0.0000;0.0000E+00;
1924.0000;1108.7960;0.0000;2007.5010;898.7056;0.0000;0.0000;0.0000E+00;
1925.0000;1148.0080;0.0000;2048.8870;900.8795;0.0000;0.0000;0.0000E+00;
1926.0000;1140.5190;0.0000;2037.7380;897.2188;0.0000;0.0000;0.0000E+00;
1927.0000;1103.7710;0.0000;1993.4360;889.6647;0.0000;0.0000;0.0000E+00;
1928.0000;1080.4930;0.0000;1969.7010;889.2084;0.0000;0.0000;0.0000E+00;
1929.0000;1071.1850;0.0000;1953.2290;882.0438;0.0000;0.0000;0.0000E+00;
1930.0000;1125.6710;0.0000;2010.7520;885.0804;0.0000;0.0000;0.0000E+00;
1931.0000;1132.5990;0.0000;2032.4760;899.8777;0.0000;0.0000;0.0000E+00;
1932.0000;1077.5980;0.0000;1986.4880;908.8894;0.0000;0.0000;0.0000E+00;
1933.0000;1107.2970;0.0000;1998.6690;891.3717;0.0000;0.0000;0.0000E+00;
1934.0000;1066.9470;0.0000;1935.9400;868.9933;0.0000;0.0000;0.0000E+00;
1935.0000;1034.0390;0.0000;1930.0040;895.9648;0.0000;0.0000;0.0000E+00;
1936.0000;1078.9580;0.0000;1992.2690;913.3104;0.0000;0.0000;0.0000E+00;
1937.0000;1187.3400;0.0000;2055.0240;867.6844;0.0000;0.0000;0.0000E+00;
1938.0000;1254.1300;0.0000;2145.8370;891.7075;0.0000;0.0000;0.0000E+00;
1939.0000;1187.4610;0.0000;2077.9710;890.5109;0.0000;0.0000;0.0000E+00;
1940.0000;1092.5310;0.0000;1959.5400;867.0088;0.0000;0.0000;0.0000E+00;
1941.0000;1085.6960;0.0000;1944.6480;858.9519;0.0000;0.0000;0.0000E+00;
1942.0000;1132.9500;0.0000;2015.3400;882.3903;0.0000;0.0000;0.0000E+00;
1943.0000;1054.1200;0.0000;1913.5470;859.4269;0.0000;0.0000;0.0000E+00;
1944.0000;1039.1830;0.0000;1904.7490;865.5656;0.0000;0.0000;0.0000E+00;
1945.0000;1089.0170;0.0000;1970.7610;881.7440;0.0000;0.0000;0.0000E+00;
1946.0000;1118.4790;0.0000;1991.2970;872.8176;0.0000;0.0000;0.0000E+00;
1947.0000;1117.5860;0.0000;1987.9890;870.4024;0.0000;0.0000;0.0000E+00;
1948.0000;1085.4000;0.0000;1946.6040;861.2033;0.0000;0.0000;0.0000E+00;
1949.0000;1075.5110;0.0000;1947.4390;871.9284;0.0000;0.0000;0.0000E+00;
1950.0000;1097.8800;0.0000;1959.9790;862.0990;0.0000;0.0000;0.0000E+00;
1951.0000;1106.8960;0.0000;1913.5450;806.6494;0.0000;0.0000;0.0000E+00;
1952.0000;1068.1720;0.0000;1913.4740;845.3022;0.0000;0.0000;0.0000E+00;
1953.0000;1063.8940;0.0000;1942.4220;878.5281;0.0000;0.0000;0.0000E+00;
1954.0000;1093.6980;0.0000;1958.6610;864.9633;0.0000;0.0000;0.0000E+00;
1955.0000;1103.4280;0.0000;1939.3730;835.9447;0.0000;0.0000;0.0000E+00;
1956.0000;1070.2210;0.0000;1924.5570;854.3365;0.0000;0.0000;0.0000E+00;
1957.0000;1188.6910;0.0000;2033.5560;844.8652;0.0000;0.0000;0.0000E+00;
1958.0000;1146.0450;0.0000;1998.8110;852.7654;0.0000;0.0000;0.0000E+00;
1959.0000;1067.1260;0.0000;1946.3790;879.2527;0.0000;0.0000;0.0000E+00;
1960.0000;1111.6220;0.0000;2003.3180;891.6960;0.0000;0.0000;0.0000E+00;
1961.0000;1067.2880;0.0000;1933.2490;865.9607;0.0000;0.0000;0.0000E+00;
1962.0000;1053.9210;0.0000;1897.9860;844.0656;0.0000;0.0000;0.0000E+00;
1963.0000;1126.6660;0.0000;1978.7480;852.0817;0.0000;0.0000;0.0000E+00;
1964.0000;1185.7060;0.0000;2046.7770;861.0708;0.0000;0.0000;0.0000E+00;
1965.0000;1127.8820;0.0000;1964.9550;837.0739;0.0000;0.0000;0.0000E+00;
1966.0000;1097.2530;0.0000;1927.1300;829.8770;0.0000;0.0000;0.0000E+00;
1967.0000;1026.5350;0.0000;1856.4270;829.8917;0.0000;0.0000;0.0000E+00;
1968.0000;1052.4070;0.0000;1899.9260;847.5189;0.0000;0.0000;0.0000E+00;
1969.0000;1147.2830;0.0000;2014.6760;867.3923;0.0000;0.0000;0.0000E+00;
1970.0000;1134.0280;0.0000;1995.4560;861.4273;0.0000;0.0000;0.0000E+00;
1971.0000;1102.3670;0.0000;1957.8340;855.4667;0.0000;0.0000;0.0000E+00;
1972.0000;1117.9890;0.0000;1948.0930;830.1046;0.0000;0.0000;0.0000E+00;
1973.0000;1135.6830;0.0000;1950.1330;814.4499;0.0000;0.0000;0.0000E+00;
1974.0000;1098.7850;0.0000;1932.4240;833.6396;0.0000;0.0000;0.0000E+00;
1975.0000;1041.7720;0.0000;1906.0000;864.2277;0.0000;0.0000;0.0000E+00;
1976.0000;1043.2790;0.0000;1889.3240;846.0457;0.0000;0.0000;0.0000E+00;
1977.0000;1101.5210;0.0000;1935.2460;833.7246;0.0000;0.0000;0.0000E+00;
1978.0000;1136.6700;0.0000;1996.6850;860.0154;0.0000;0.0000;0.0000E+00;
1979.0000;1094.9730;0.0000;1983.5100;888.5373;0.0000;0.0000;0.0000E+00;
1980.0000;1042.1290;0.0000;1884.6560;842.5272;0.0000;0.0000;0.0000E+00;
1981.0000;1085.3230;0.0000;1919.2060;833.8826;0.0000;0.0000;0.0000E+00;
1982.0000;1110.1530;0.0000;1959.3180;849.1656;0.0000;0.0000;0.0000E+00;
1983.0000;1064.4830;0.0000;1918.9000;854.4167;0.0000;0.0000;0.0000E+00;
1984.0000;1031.6760;0.0000;1869.7160;838.0398;0.0000;0.0000;0.0000E+00;
1985.0000;1150.5490;0.0000;1986.9020;836.3525;0.0000;0.0000;0.0000E+00;
1986.0000;1171.2220;0.0000;2016.2630;845.0410;0.0000;0.0000;0.0000E+00;
1987.0000;1121.9200;0.0000;1967.8730;845.9531;0.0000;0.0000;0.0000E+00;
1988.0000;1081.9110;0.0000;1909.1380;827.2273;0.0000;0.0000;0.0000E+00;
1989.0000;1096.1050;0.0000;1901.0640;804.9594;0.0000;0.0000;0.0000E+00;
1990.0000;1134.0340;0.0000;1951.3300;817.2960;0.0000;0.0000;0.0000E+00;
1991.0000;1095.2590;0.0000;1933.4240;838.1655;0.0000;0.0000;0.0000E+00;
1992.0000;1079.2060;0.0000;1923.0970;843.8913;0.0000;0.0000;0.0000E+00;
1993.0000;1125.3710;0.0000;1958.3210;832.9498;0.0000;0.0000;0.0000E+00;
1994.0000;1151.3120;0.0000;1977.4260;826.1141;0.0000;0.0000;0.0000E+00;
1995.0000;1118.0700;0.0000;1946.5240;828.4540;0.0000;0.0000;0.0000E+00;
1996.0000;1090.5060;0.0000;1943.3910;852.8844;0.0000;0.0000;0.0000E+00;
1997.0000;1088.1410;0.0000;1930.8410;842.6996;0.0000;0.0000;0.0000E+00;
1998.0000;1064.5960;0.0000;1886.8910;822.2941;0.0000;0.0000;0.0000E+00;
1999.0000;997.9852;0.0000;1868.8470;870.8620;0.0000;0.0000;0.0000E+00;
2000.0000;1085.2340;0.0000;1958.0330;872.7983;0.0000;0.0000;0.0000E+00;
2001.0000;1099.4200;0.0000;1952.3960;852.9754;0.0000;0.0000;0.0000E+00;
2002.0000;1083.0560;0.0000;1921.5190;838.4630;0.0000;0.0000;0.0000E+00;
2003.0000;1100.7250;0.0000;1939.6540;838.9290;0.0000;0.0000;0.0000E+00;
2004.0000;1107.2150;0.0000;1947.7240;840.5092;0.0000;0.0000;0.0000E+00;
2005.0000;1119.4980;0.0000;1964.8950;845.3973;0.0000;0.0000;0.0000E+00;
2006.0000;1072.2790;0.0000;1954.5320;882.2532;0.0000;0.0000;0.0000E+00;
2007.0000;1030.8140;0.0000;1904.5190;873.7051;0.0000;0.0000;0.0000E+00;
2008.0000;1054.8980;0.0000;1877.1460;822.2475;0.0000;0.0000;0.0000E+00;
2009.0000;1099.0000;0.0000;1945.0000;846.0000;0.0000;0.0000;0.0000E+00;
2010.0000;1124.5200;0.0000;1967.8830;843.3632;0.0000;0.0000;0.0000E+00;
2011.0000;1089.6340;0.0000;1930.4030;840.7689;0.0000;0.0000;0.0000E+00;
2012.0000;1090.8210;0.0000;1933.7310;842.9106;0.0000;0.0000;0.0000E+00;
2013.0000;1115.0880;0.0000;1958.5070;843.4191;0.0000;0.0000;0.0000E+00;
2014.0000;1027.0000;0.0000;1866.5000;839.5000;0.0000;0.0000;0.0000E+00;
2015.0000;1110.4520;0.0000;1968.7180;858.2665;0.0000;0.0000;0.0000E+00;
2016.0000;1093.4330;0.0000;1945.0600;851.6268;0.0000;0.0000;0.0000E+00;
2017.0000;1073.3810;0.0000;1908.3980;835.0170;0.0000;0.0000;0.0000E+00;
2018.0000;1149.3310;0.0000;1979.3540;830.0237;0.0000;0.0000;0.0000E+00;
2019.0000;1179.5000;0.0000;2007.0000;827.5000;0.0000;0.0000;0.0000E+00;
2020.0000;1079.0450;0.0000;1929.7960;850.7512;0.0000;0.0000;0.0000E+00;
2021.0000;1134.1060;0.0000;1984.1880;850.0824;0.0000;0.0000;0.0000E+00;
2022.0000;1203.1180;0.0000;2042.6530;839.5344;0.0000;0.0000;0.0000E+00;
2023.0000;1124.9580;0.0000;1973.3310;848.3737;0.0000;0.0000;0.0000E+00;
2024.0000;1033.2680;0.0000;1896.5770;863.3085;0.0000;0.0000;0.0000E+00;
2025.0000;1056.2570;0.0000;1873.9830;817.7263;0.0000;0.0000;0.0000E+00;
2026.0000;1087.5810;0.0000;1907.8770;820.2958;0.0000;0.0000;0.0000E+00;
2027.0000;1091.4070;0.0000;1934.8750;843.4683;0.0000;0.0000;0.0000E+00;
2028.0000;1105.0290;0.0000;1941.1910;836.1613;0.0000;0.0000;0.0000E+00;
2029.0000;1153.7750;0.0000;1972.8370;819.0627;0.0000;0.0000;0.0000E+00;
2030.0000;1082.1110;0.0000;1926.3700;844.2592;0.0000;0.0000;0.0000E+00;
2031.0000;1125.5370;0.0000;1966.8410;841.3043;0.0000;0.0000;0.0000E+00;
2032.0000;1137.3270;0.0000;1968.9880;831.6611;0.0000;0.0000;0.0000E+00;
2033.0000;1071.1110;0.0000;1919.9080;848.7966;0.0000;0.0000;0.0000E+00;
2034.0000;1096.1540;0.0000;1970.2830;874.1287;0.0000;0.0000;0.0000E+00;
2035.0000;1096.0290;0.0000;1941.0780;845.0496;0.0000;0.0000;0.0000E+00;
2036.0000;1060.1040;0.0000;1895.8980;835.7945;0.0000;0.0000;0.0000E+00;
2037.0000;1112.4920;0.0000;1960.6420;848.1499;0.0000;0.0000;0.0000E+00;
2038.0000;1173.2880;0.0000;2027.5110;854.2225;0.0000;0.0000;0.0000E+00;
2039.0000;1072.3780;0.0000;1912.8030;840.4246;0.0000;0.0000;0.0000E+00;
2040.0000;1081.0450;0.0000;1913.1830;832.1387;0.0000;0.0000;0.0000E+00;
2041.0000;1081.9100;0.0000;1926.9340;845.0244;0.0000;0.0000;0.0000E+00;
2042.0000;1042.2640;0.0000;1887.7530;845.4892;0.0000;0.0000;0.0000E+00;
2043.0000;1033.5490;0.0000;1874.9920;841.4432;0.0000;0.0000;0.0000E+00;
2044.0000;1110.0070;0.0000;1961.3070;851.3006;0.0000;0.0000;0.0000E+00;
2045.0000;1130.0330;0.0000;1938.4020;808.3696;0.0000;0.0000;0.0000E+00;
2046.0000;1062.8220;0.0000;1877.4310;814.6091;0.0000;0.0000;0.0000E+00;
2047.0000;1046.0690;0.0000;1901.7280;855.6596;0.0000;0.0000;0.0000E+00;
2048.0000;1075.1980;0.0000;1940.1560;864.9578;0.0000;0.0000;0.0000E+00;
2049.0000;1076.0240;0.0000;1895.7220;819.6978;0.0000;0.0000;0.0000E+00;
2050.0000;1119.3790;0.0000;1927.7580;808.3793;0.0000;0.0000;0.0000E+00;
2051.0000;1068.8480;0.0000;1900.5940;831.7461;0.0000;0.0000;0.0000E+00;
2052.0000;1067.9100;0.0000;1884.7820;816.8713;0.0000;0.0000;0.0000E+00;
2053.0000;1092.9220;0.0000;1899.1100;806.1888;0.0000;0.0000;0.0000E+00;
2054.0000;1075.2660;0.0000;1908.0440;832.7785;0.0000;0.0000;0.0000E+00;
2055.0000;1081.2700;0.0000;1886.5120;805.2416;0.0000;0.0000;0.0000E+00;
2056.0000;1087.7780;0.0000;1871.3430;783.5651;0.0000;0.0000;0.0000E+00;
2057.0000;1106.5390;0.0000;1911.8330;805.2941;0.0000;0.0000;0.0000E+00;
2058.0000;1100.4100;0.0000;1933.8460;833.4359;0.0000;0.0000;0.0000E+00;
2059.0000;1085.8980;0.0000;1915.5300;829.6318;0.0000;0.0000;0.0000E+00;
2060.0000;1119.4160;0.0000;1933.4090;813.9930;0.0000;0.0000;0.0000E+00;
2061.0000;1075.6190;0.0000;1883.5120;807.8935;0.0000;0.0000;0.0000E+00;
2062.0000;1067.5700;0.0000;1866.0240;798.4545;0.0000;0.0000;0.0000E+00;
2063.0000;1040.1220;0.0000;1881.9690;841.8475;0.0000;0.0000;0.0000E+00;
2064.0000;1020.3060;0.0000;1898.2110;877.9054;0.0000;0.0000;0.0000E+00;
2065.0000;1073.5110;0.0000;1892.1530;818.6427;0.0000;0.0000;0.0000E+00;
2066.0000;1030.8850;0.0000;1861.1200;830.2347;0.0000;0.0000;0.0000E+00;
2067.0000;1059.5590;0.0000;1902.0230;842.4642;0.0000;0.0000;0.0000E+00;
2068.0000;1062.5160;0.0000;1880.9850;818.4690;0.0000;0.0000;0.0000E+00;
2069.0000;1059.6530;0.0000;1862.9060;803.2528;0.0000;0.0000;0.0000E+00;
2070.0000;1128.9270;0.0000;1957.2320;828.3047;0.0000;0.0000;0.0000E+00;
2071.0000;1195.3530;0.0000;2002.7530;807.4003;0.0000;0.0000;0.0000E+00;
2072.0000;1070.3260;0.0000;1875.5350;805.2092;0.0000;0.0000;0.0000E+00;
2073.0000;1082.2070;0.0000;1890.7200;808.5131;0.0000;0.0000;0.0000E+00;
2074.0000;1134.1440;0.0000;1952.8930;818.7494;0.0000;0.0000;0.0000E+00;
2075.0000;1122.5000;0.0000;1948.2340;825.7332;0.0000;0.0000;0.0000E+00;
2076.0000;1207.4340;0.0000;2015.1400;807.7060;0.0000;0.0000;0.0000E+00;
2077.0000;1100.7420;0.0000;1893.3280;792.5856;0.0000;0.0000;0.0000E+00;
2078.0000;1087.6740;0.0000;1895.7790;808.1046;0.0000;0.0000;0.0000E+00;
2079.0000;1074.8380;0.0000;1881.9640;807.1252;0.0000;0.0000;0.0000E+00;
2080.0000;1060.8690;0.0000;1861.8010;800.9317;0.0000;0.0000;0.0000E+00;
2081.0000;1131.4220;0.0000;1965.9140;834.4918;0.0000;0.0000;0.0000E+00;
2082.0000;1077.5410;0.0000;1911.5100;833.9692;0.0000;0.0000;0.0000E+00;
2083.0000;1125.6970;0.0000;1965.5070;839.8096;0.0000;0.0000;0.0000E+00;
2084.0000;1104.9700;0.0000;1948.3120;843.3414;0.0000;0.0000;0.0000E+00;
2085.0000;1084.2310;0.0000;1912.3860;828.1547;0.0000;0.0000;0.0000E+00;
2086.0000;1137.1310;0.0000;1946.8680;809.7377;0.0000;0.0000;0.0000E+00;
2087.0000;1084.5000;0.0000;1911.5000;827.0000;0.0000;0.0000;0.0000E+00;
2088.0000;1104.4240;0.0000;1902.1570;797.7332;0.0000;0.0000;0.0000E+00;
2089.0000;1114.7590;0.0000;1917.4270;802.6681;0.0000;0.0000;0.0000E+00;
2090.0000;1096.4160;0.0000;1916.0090;819.5935;0.0000;0.0000;0.0000E+00;
2091.0000;1085.1820;0.0000;1899.6170;814.4352;0.0000;0.0000;0.0000E+00;
2092.0000;1092.7090;0.0000;1910.4250;817.7156;0.0000;0.0000;0.0000E+00;
2093.0000;1024.5330;0.0000;1917.5000;892.9667;0.0000;0.0000;0.0000E+00;
2094.0000;1048.5890;0.0000;1867.7840;819.1946;0.0000;0.0000;0.0000E+00;
2095.0000;1087.7840;0.0000;1877.5820;789.7974;0.0000;0.0000;0.0000E+00;
2096.0000;1070.4370;0.0000;1904.6760;834.2395;0.0000;0.0000;0.0000E+00;
2097.0000;1030.5970;0.0000;1878.8230;848.2266;0.0000;0.0000;0.0000E+00;
2098.0000;1048.4370;0.0000;1892.8200;844.3834;0.0000;0.0000;0.0000E+00;
2099.0000;1013.6670;0.0000;1898.6440;884.9777;0.0000;0.0000;0.0000E+00;
2100.0000;1050.1630;0.0000;1893.3720;843.2085;0.0000;0.0000;0.0000E+00;
2101.0000;1105.4990;0.0000;1903.4350;797.9359;0.0000;0.0000;0.0000E+00;
2102.0000;1095.6890;0.0000;1912.5130;816.8237;0.0000;0.0000;0.0000E+00;
2103.0000;1055.1940;0.0000;1895.7980;840.6044;0.0000;0.0000;0.0000E+00;
2104.0000;1114.0100;0.0000;1939.2990;825.2890;0.0000;0.0000;0.0000E+00;
2105.0000;1082.9960;0.0000;1928.6320;845.6356;0.0000;0.0000;0.0000E+00;
2106.0000;1078.4220;0.0000;1930.4590;852.0374;0.0000;0.0000;0.0000E+00;
2107.0000;1119.4970;0.0000;1963.4830;843.9865;0.0000;0.0000;0.0000E+00;
2108.0000;1142.2950;0.0000;1994.8460;852.5507;0.0000;0.0000;0.0000E+00;
2109.0000;1125.3800;0.0000;1996.4830;871.1035;0.0000;0.0000;0.0000E+00;
2110.0000;1073.3590;0.0000;1925.6170;852.2578;0.0000;0.0000;0.0000E+00;
2111.0000;1158.6620;0.0000;1997.3250;838.6627;0.0000;0.0000;0.0000E+00;
2112.0000;1184.3640;0.0000;2013.6520;829.2883;0.0000;0.0000;0.0000E+00;
2113.0000;1095.1710;0.0000;1920.0690;824.8974;0.0000;0.0000;0.0000E+00;
2114.0000;1045.1990;0.0000;1873.8010;828.6012;0.0000;0.0000;0.0000E+00;
2115.0000;1056.3290;0.0000;1880.2540;823.9249;0.0000;0.0000;0.0000E+00;
2116.0000;1068.8200;0.0000;1931.4590;862.6385;0.0000;0.0000;0.0000E+00;
2117.0000;1081.2830;0.0000;1929.7520;848.4689;0.0000;0.0000;0.0000E+00;
2118.0000;1113.4890;0.0000;1942.5310;829.0422;0.0000;0.0000;0.0000E+00;
2119.0000;1134.7750;0.0000;1981.2180;846.4435;0.0000;0.0000;0.0000E+00;
2120.0000;1098.4110;0.0000;1949.2390;850.8276;0.0000;0.0000;0.0000E+00;
2121.0000;1101.8490;0.0000;1947.8420;845.9938;0.0000;0.0000;0.0000E+00;
2122.0000;1122.9020;0.0000;1950.1290;827.2276;0.0000;0.0000;0.0000E+00;
2123.0000;1131.3530;0.0000;1955.4740;824.1211;0.0000;0.0000;0.0000E+00;
2124.0000;1117.2380;0.0000;1956.2520;839.0142;0.0000;0.0000;0.0000E+00;
2125.0000;1107.6950;0.0000;1956.6040;848.9097;0.0000;0.0000;0.0000E+00;
2126.0000;1120.5990;0.0000;1960.2890;839.6897;0.0000;0.0000;0.0000E+00;
2127.0000;1063.5490;0.0000;1878.1280;814.5791;0.0000;0.0000;0.0000E+00;
2128.0000;1071.5790;0.0000;1917.5590;845.9793;0.0000;0.0000;0.0000E+00;
2129.0000;1033.2910;0.0000;1874.8920;841.6005;0.0000;0.0000;0.0000E+00;
2130.0000;1006.5580;0.0000;1815.3080;808.7502;0.0000;0.0000;0.0000E+00;
2131.0000;1078.1360;0.0000;1902.2050;824.0693;0.0000;0.0000;0.0000E+00;
2132.0000;1066.1970;0.0000;1907.6530;841.4561;0.0000;0.0000;0.0000E+00;
2133.0000;1071.4610;0.0000;1894.9980;823.5367;0.0000;0.0000;0.0000E+00;
2134.0000;1051.0920;0.0000;1902.7850;851.6935;0.0000;0.0000;0.0000E+00;
2135.0000;1060.5390;0.0000;1911.0070;850.4680;0.0000;0.0000;0.0000E+00;
2136.0000;1106.4670;0.0000;1915.2320;808.7651;0.0000;0.0000;0.0000E+00;
2137.0000;1131.4430;0.0000;1934.0920;802.6482;0.0000;0.0000;0.0000E+00;
2138.0000;1130.9250;0.0000;1946.6330;815.7079;0.0000;0.0000;0.0000E+00;
2139.0000;1125.3140;0.0000;1981.2700;855.9561;0.0000;0.0000;0.0000E+00;
2140.0000;1112.6560;0.0000;1946.9600;834.3044;0.0000;0.0000;0.0000E+00;
2141.0000;1079.5150;0.0000;1886.4610;806.9458;0.0000;0.0000;0.0000E+00;
2142.0000;1100.3270;0.0000;1912.7420;812.4149;0.0000;0.0000;0.0000E+00;
2143.0000;1178.7050;0.0000;1982.1770;803.4719;0.0000;0.0000;0.0000E+00;
2144.0000;1023.7450;0.0000;1821.7820;798.0367;0.0000;0.0000;0.0000E+00;
2145.0000;1109.6300;0.0000;1925.7540;816.1241;0.0000;0.0000;0.0000E+00;
2146.0000;1100.0470;0.0000;1945.7170;845.6698;0.0000;0.0000;0.0000E+00;
2147.0000;1035.3200;0.0000;1873.4530;838.1327;0.0000;0.0000;0.0000E+00;
2148.0000;1050.7160;0.0000;1857.3030;806.5865;0.0000;0.0000;0.0000E+00;
2149.0000;1120.7880;0.0000;1928.1370;807.3496;0.0000;0.0000;0.0000E+00;
2150.0000;1335.0950;0.0000;2111.9280;776.8339;0.0000;0.0000;0.0000E+00;
2151.0000;1196.5050;0.0000;1965.1660;768.6605;0.0000;0.0000;0.0000E+00;
2152.0000;1066.7350;0.0000;1874.2250;807.4905;0.0000;0.0000;0.0000E+00;
2153.0000;1034.8790;0.0000;1857.8810;823.0020;0.0000;0.0000;0.0000E+00;
2154.0000;1078.2780;0.0000;1881.1220;802.8444;0.0000;0.0000;0.0000E+00;
2155.0000;1188.9800;0.0000;2010.4420;821.4619;0.0000;0.0000;0.0000E+00;
2156.0000;1040.5460;0.0000;1852.5820;812.0358;0.0000;0.0000;0.0000E+00;
2157.0000;1038.3840;0.0000;1860.5330;822.1489;0.0000;0.0000;0.0000E+00;
2158.0000;1076.4650;0.0000;1901.2320;824.7670;0.0000;0.0000;0.0000E+00;
2159.0000;1065.4960;0.0000;1884.2720;818.7762;0.0000;0.0000;0.0000E+00;
2160.0000;1056.8910;0.0000;1870.9790;814.0886;0.0000;0.0000;0.0000E+00;
2161.0000;1118.6280;0.0000;1934.9870;816.3586;0.0000;0.0000;0.0000E+00;
2162.0000;1106.2150;0.0000;1952.6220;846.4076;0.0000;0.0000;0.0000E+00;
2163.0000;1064.0790;0.0000;1880.8720;816.7937;0.0000;0.0000;0.0000E+00;
2164.0000;1042.9780;0.0000;1833.7600;790.7814;0.0000;0.0000;0.0000E+00;
2165.0000;1069.0990;0.0000;1865.2230;796.1240;0.0000;0.0000;0.0000E+00;
2166.0000;1081.3680;0.0000;1888.2670;806.8989;0.0000;0.0000;0.0000E+00;
2167.0000;1045.1770;0.0000;1846.1980;801.0204;0.0000;0.0000;0.0000E+00;
2168.0000;1134.2960;0.0000;1941.7360;807.4397;0.0000;0.0000;0.0000E+00;
2169.0000;1235.6870;0.0000;2045.6150;809.9275;0.0000;0.0000;0.0000E+00;
2170.0000;1201.0450;0.0000;2055.8740;854.8290;0.0000;0.0000;0.0000E+00;
2171.0000;1107.2270;0.0000;1957.4490;850.2224;0.0000;0.0000;0.0000E+00;
2172.0000;1056.6560;0.0000;1863.7820;807.1259;0.0000;0.0000;0.0000E+00;
2173.0000;1034.6790;0.0000;1871.1700;836.4902;0.0000;0.0000;0.0000E+00;
2174.0000;1053.3960;0.0000;1881.3650;827.9700;0.0000;0.0000;0.0000E+00;
2175.0000;1111.7940;0.0000;1940.8290;829.0353;0.0000;0.0000;0.0000E+00;
2176.0000;1158.8900;0.0000;1969.4560;810.5657;0.0000;0.0000;0.0000E+00;
2177.0000;1128.7820;0.0000;1937.2210;808.4387;0.0000;0.0000;0.0000E+00;
2178.0000;1102.5930;0.0000;1934.7080;832.1151;0.0000;0.0000;0.0000E+00;
2179.0000;1147.8130;0.0000;1982.5960;834.7829;0.0000;0.0000;0.0000E+00;
2180.0000;1087.5000;0.0000;1891.0000;803.5000;0.0000;0.0000;0.0000E+00;
2181.0000;1003.5730;0.0000;1859.5580;855.9849;0.0000;0.0000;0.0000E+00;
2182.0000;1525.6780;0.0000;2146.7850;621.1076;0.0000;0.0000;0.0000E+00;
2183.0000;1411.6410;0.0000;2063.5310;651.8896;0.0000;0.0000;0.0000E+00;
2184.0000;948.5023;0.0000;1814.7210;866.2185;0.0000;0.0000;0.0000E+00;
2185.0000;1095.8900;0.0000;1920.6210;824.7308;0.0000;0.0000;0.0000E+00;
2186.0000;1049.3810;0.0000;1865.9650;816.5847;0.0000;0.0000;0.0000E+00;
2187.0000;1063.0960;0.0000;1897.4860;834.3895;0.0000;0.0000;0.0000E+00;
2188.0000;1106.9700;0.0000;1967.6630;860.6932;0.0000;0.0000;0.0000E+00;
2189.0000;1135.4510;0.0000;2000.7700;865.3188;0.0000;0.0000;0.0000E+00;
2190.0000;1133.6270;0.0000;1958.1820;824.5557;0.0000;0.0000;0.0000E+00;
2191.0000;1116.5590;0.0000;1909.7930;793.2335;0.0000;0.0000;0.0000E+00;
2192.0000;1102.9340;0.0000;1941.2930;838.3594;0.0000;0.0000;0.0000E+00;
2193.0000;1115.0460;0.0000;1940.8490;825.8033;0.0000;0.0000;0.0000E+00;
2194.0000;1130.6110;0.0000;1970.7060;840.0956;0.0000;0.0000;0.0000E+00;
2195.0000;1126.2640;0.0000;1990.0260;863.7621;0.0000;0.0000;0.0000E+00;
2196.0000;1065.8430;0.0000;1911.9130;846.0702;0.0000;0.0000;0.0000E+00;
2197.0000;1073.0030;0.0000;1898.2710;825.2681;0.0000;0.0000;0.0000E+00;
2198.0000;1200.0900;0.0000;2057.3450;857.2550;0.0000;0.0000;0.0000E+00;
2199.0000;1103.5960;0.0000;1944.7260;841.1296;0.0000;0.0000;0.0000E+00;
2200.0000;1082.2640;0.0000;1935.6430;853.3797;0.0000;0.0000;0.0000E+00;
2201.0000;1119.1090;0.0000;1942.8360;823.7269;0.0000;0.0000;0.0000E+00;
2202.0000;1107.0430;0.0000;1933.1000;826.0577;0.0000;0.0000;0.0000E+00;
2203.0000;1067.2770;0.0000;1921.1290;853.8521;0.0000;0.0000;0.0000E+00;
